date,store,category,unit_price,units_sold
2024-07-19,South,Home & Garden,178.29,5
2024-03-11,Central,Toys,10.97,5
2024-11-13,North,Toys,39.12,3
2024-11-04,West,Toys,41.59,2
2023-08-21,Central,Clothing,71.63,4
2023-06-12,East,Toys,78.1,1
2024-06-14,West,Home & Garden,237.82,5
2024-08-30,Central,Electronics,341.47,3
2024-10-09,North,Groceries,9.19,5
2023-02-23,Central,Home & Garden,299.15,2
2024-05-11,East,Home & Garden,66.96,1
2024-03-31,West,Clothing,33.4,4
2024-03-03,East,Groceries,21.9,1
2023-10-09,Central,Clothing,25.19,2
2023-09-06,west,Groceries,5.15,5
2023-05-25,Central,Electronics,426.99,5
2023-02-25,East,Electronics,368.52,3
2023-10-28,East,Clothing,59.27,5
2024-10-18,South,Home & Garden,223.47,3
2023-09-09,North,Clothing,106.44,4
2024-08-05,South,Clothing,114.7,3
2023-10-14,North,Toys,74.23,1
2024-01-23,North,Electronics,836.17,2
2024-05-03,South,Electronics,772.73,3
2024-03-24,Central,Home & Garden,246.93,3
2024-10-21,North,Clothing,68.28,2
2024-05-10,Central,Clothing,118.14,1
2024-12-10,South,Toys,52.83,3
2023-03-01,West,Electronics,455.92,2
2024-11-23,North,Clothing,36.77,1
2023-02-05,East,Electronics,448.21,3
2023-10-29,East,Toys,51.82,5
2023-01-09,Central,Clothing,72.0,3
2023-05-05,South,Groceries,45.19,2
2024-03-23,East,Groceries,14.8,3
2023-12-01,West,Toys,19.2,1
2023-11-10,North,Home & Garden,178.48,2
2024-09-18,south,Toys,44.87,5
2024-04-13,West,Clothing,78.6,1
2024-05-04,East,Electronics,152.87,3
2023-12-11,West,Home & Garden,53.11,4
2024-05-03,West,Groceries,21.33,3
2023-04-20,East,Groceries,18.81,3
2024-09-13,West,Clothing,29.86,3
2023-12-12,West,Toys,108.56,5
2024-06-26,North,Clothing,99.82,1
2023-11-14,South,Groceries,39.28,2
2024-10-18,Central,Groceries,56.44,1
2024-04-23,south,Toys,49.62,3
2023-04-06,South,Toys,76.6,3
2024-03-07,South,Toys,12.02,4
2024-02-07,Central,Electronics,585.53,5
2024-11-12,South,Home & Garden,218.15,4
2023-09-14,South,Clothing,83.23,4
2024-01-27,East,Toys,74.57,4
2023-12-26,South,Electronics,422.44,3
2024-12-31,North,Home & Garden,243.29,5
2024-06-30,South,Groceries,12.38,1
2024-04-07,north,Clothing,107.56,2
2023-03-31,North,Groceries,53.78,5
2023-09-28,North,Clothing,35.69,5
2024-09-20,Central,Home & Garden,112.94,2
2023-06-14,east,Home & Garden,281.67,4
2023-07-17,West,Electronics,295.92,2
2024-03-07,East,Toys,39.45,2
2023-07-26,West,Toys,48.66,1
2024-03-29,North,Groceries,31.79,3
2024-12-12,West,Clothing,87.13,5
2023-11-01,West,Toys,48.34,4
2023-06-21,West,Home & Garden,143.7,3
2024-10-13,central,Toys,63.89,1
2024-11-13,South,Groceries,42.32,4
2024-05-01,North,Groceries,58.11,5
2023-10-28,central,Toys,58.6,2
2023-03-28,South,Electronics,720.35,2
2024-09-16,East,Groceries,22.34,3
2023-02-08,North,Toys,18.2,5
2024-07-23,Central,Toys,60.38,3
2024-08-22,South,Electronics,715.91,5
2023-12-11,south,Home & Garden,177.72,1
2024-08-25,West,Home & Garden,184.06,1
2023-08-21,East,Toys,37.09,1
2024-11-22,West,Groceries,22.37,5
2023-01-28,South,Clothing,19.66,1
2023-02-24,Central,Toys,39.11,3
2023-03-15,East,Groceries,14.31,5
2023-06-09,east,Electronics,786.55,5
2023-12-22,East,Home & Garden,206.98,4
2023-02-23,Central,Electronics,809.81,1
2023-08-26,Central,Groceries,13.92,1
2023-03-25,South,Electronics,491.34,1
2024-03-14,East,Toys,21.55,5
2023-11-26,East,Toys,69.36,4
2024-06-11,Central,Clothing,111.0,5
2023-05-14,South,Toys,76.52,2
2024-04-29,East,Clothing,94.57,1
2023-07-13,South,Toys,65.76,2
2024-12-19,Central,Home & Garden,62.02,5
2024-10-17,South,Home & Garden,25.79,4
2023-09-21,West,Home & Garden,278.72,5
2024-02-22,South,Electronics,465.11,1
2024-01-05,Central,Home & Garden,35.92,2
2024-01-22,East,Toys,56.71,2
2024-09-08,South,Toys,39.18,4
2023-05-15,North,Home & Garden,213.08,3
2024-01-19,South,Groceries,10.81,4
2024-10-20,Central,Clothing,29.67,5
2023-06-09,Central,Toys,46.1,3
2023-09-18,West,Groceries,40.84,4
2023-04-18,Central,Clothing,79.82,4
2023-03-17,Central,Toys,47.1,1
2023-03-26,South,Electronics,689.97,5
2024-10-23,Central,Groceries,36.03,3
2024-02-19,South,Electronics,778.65,1
2024-10-21,North,Home & Garden,35.51,3
2023-07-01,North,Groceries,27.54,1
2023-04-01,West,Toys,37.41,4
2024-08-19,West,Groceries,18.07,5
2023-06-04,Central,Home & Garden,224.55,1
2023-10-08,North,Toys,74.6,2
2024-07-05,West,Groceries,55.24,3
2024-04-26,East,Clothing,74.73,1
2023-04-20,North,Toys,24.79,4
2024-07-17,East,Toys,45.44,2
2024-11-02,north,Toys,39.92,4
2023-09-22,West,Groceries,27.58,4
2023-09-06,South,Toys,55.27,4
2024-05-29,East,Groceries,22.41,1
2023-07-27,Central,Toys,76.56,1
2024-02-21,Central,Groceries,53.79,1
2023-08-04,South,Groceries,47.47,2
2023-11-07,North,Electronics,467.96,1
2023-08-04,East,Toys,23.16,3
2024-12-29,West,Clothing,103.11,2
2024-12-17,West,Home & Garden,48.81,4
2023-04-08,South,Clothing,38.82,3
2024-08-18,West,Clothing,97.03,2
2023-12-23,East,Clothing,67.97,5
2024-02-15,Central,Home & Garden,104.01,3
2023-09-13,South,Electronics,160.87,1
2023-08-26,South,Home & Garden,52.36,5
2024-01-04,North,Toys,15.37,1
2024-01-24,North,Clothing,44.42,4
2023-08-29,south,Clothing,66.06,3
2024-07-31,Central,Home & Garden,201.82,3
2024-02-23,West,Electronics,558.46,2
2023-03-11,South,Groceries,46.28,4
2024-12-23,East,Clothing,89.57,5
2024-11-06,South,Toys,28.16,5
2023-10-10,West,Electronics,446.54,4
2023-12-10,North,Electronics,506.23,5
2024-06-18,North,Toys,32.18,1
2024-11-18,North,Toys,12.33,2
2024-04-01,Central,Clothing,58.74,5
2023-02-06,West,Electronics,821.51,1
2024-01-20,East,Clothing,74.43,1
2024-10-17,Central,Electronics,794.79,3
2023-07-21,Central,Groceries,56.27,5
2023-03-23,East,Groceries,17.87,4
2024-08-30,East,Clothing,16.99,1
2024-11-03,West,Groceries,50.88,3
2023-11-24,North,Electronics,346.09,1
2024-01-30,East,Toys,58.21,1
2023-12-16,East,Home & Garden,160.51,2
2023-02-22,East,Groceries,31.02,4
2024-09-26,west,Groceries,26.17,5
2023-04-10,North,Toys,74.63,4
2024-03-31,West,Home & Garden,115.84,4
2024-10-21,East,Groceries,,5
2023-03-10,South,Groceries,12.94,4
2024-08-10,West,Toys,72.35,4
2024-09-17,East,Toys,11.45,2
2024-02-26,Central,Toys,68.05,5
2024-12-16,North,Toys,51.47,2
2024-07-14,East,Clothing,47.9,3
2023-08-20,South,Groceries,47.55,4
2023-06-20,Central,Home & Garden,154.89,3
2023-08-01,west,Electronics,760.93,5
2023-05-10,South,Electronics,410.07,1
2023-09-07,Central,Clothing,65.0,5
2024-11-25,Central,Clothing,60.36,4
2024-09-21,Central,Home & Garden,101.66,4
2023-05-31,North,Electronics,184.19,2
2024-03-23,East,Home & Garden,184.02,3
2023-11-09,West,Electronics,411.67,3
2023-09-07,Central,Electronics,675.21,5
2024-03-11,East,Groceries,46.74,5
2023-12-01,West,Groceries,5.11,5
2024-05-21,South,Toys,13.47,5
2024-04-22,North,Groceries,9.73,5
2023-02-10,North,Home & Garden,266.67,3
2024-11-29,South,Clothing,81.18,3
2024-06-19,Central,Clothing,28.09,1
2023-02-24,East,Home & Garden,101.04,3
2023-01-09,East,Toys,67.88,2
2023-05-28,North,Clothing,73.98,2
2024-07-24,Central,Clothing,63.51,3
2024-04-12,East,Home & Garden,55.39,3
2024-02-02,South,Clothing,68.37,3
2024-06-25,Central,Groceries,10.03,5
2024-01-15,Central,Electronics,783.98,5
2024-01-14,East,Home & Garden,256.91,3
2023-07-08,west,Toys,69.38,5
2023-10-01,North,Toys,62.31,2
2023-11-01,South,Home & Garden,298.01,1
2023-08-23,west,Home & Garden,85.38,4
2023-12-26,Central,Clothing,55.42,2
2024-11-10,East,Home & Garden,183.57,4
2024-03-12,South,Clothing,84.27,4
2023-12-22,North,Electronics,383.88,5
2024-01-21,West,Clothing,97.29,3
2023-02-11,North,Groceries,50.23,2
2023-09-04,Central,Clothing,61.44,2
2024-10-12,North,Clothing,96.05,5
2024-10-07,East,Clothing,70.09,3
2024-12-29,South,Clothing,79.21,5
2024-07-03,Central,Electronics,851.78,4
2024-10-21,East,Clothing,111.46,4
2024-03-29,East,Groceries,37.46,2
2023-09-04,south,Home & Garden,72.64,2
2024-12-18,west,Home & Garden,35.0,4
2023-04-10,west,Clothing,,1
2023-02-16,Central,Home & Garden,188.89,2
2024-06-14,South,Home & Garden,154.11,2
2024-12-03,South,Groceries,22.78,5
2024-10-19,West,Clothing,18.93,1
2023-10-18,East,Clothing,102.78,3
2024-01-07,East,Toys,35.32,4
2024-06-15,West,Groceries,26.15,1
2024-02-12,South,Home & Garden,224.54,5
2024-05-16,East,Clothing,53.68,5
2024-01-08,Central,Clothing,31.39,2
2023-08-29,North,Groceries,5.05,3
2024-01-14,East,Electronics,709.54,3
2024-03-29,North,Electronics,709.57,4
2023-12-03,North,Home & Garden,179.08,5
2024-05-31,East,Clothing,76.55,1
2024-11-14,Central,Toys,30.79,5
2024-09-19,East,Clothing,112.17,1
2023-04-19,West,Home & Garden,150.86,4
2024-10-04,North,Toys,10.24,4
2023-02-03,North,Groceries,54.62,2
2023-02-10,North,Home & Garden,31.86,2
2024-03-16,North,Home & Garden,198.38,1
2024-01-15,South,Electronics,390.24,5
2024-04-29,Central,Clothing,73.48,1
2024-11-11,West,Groceries,15.03,5
2023-06-19,West,Clothing,71.79,5
2024-06-14,West,Toys,74.73,2
2023-01-16,West,Home & Garden,123.89,4
2023-06-21,Central,Electronics,200.67,3
2024-06-19,North,Electronics,507.72,3
2024-11-18,North,Electronics,212.53,1
2024-07-24,East,Groceries,30.15,5
2023-02-24,North,Clothing,102.83,5
2023-05-18,West,Groceries,36.08,3
2023-09-26,North,Electronics,538.53,2
2023-08-22,West,Groceries,54.43,3
2024-09-19,East,Toys,54.12,3
2024-11-24,Central,Home & Garden,143.02,4
2024-09-27,West,Electronics,702.42,1
2023-05-10,West,Clothing,94.99,1
2024-08-22,South,Electronics,716.75,2
2024-06-20,East,Toys,75.34,1
2023-05-24,South,Electronics,641.7,5
2023-12-26,South,Home & Garden,59.48,1
2023-05-31,South,Groceries,15.37,4
2023-07-20,South,Groceries,27.55,2
2024-11-25,South,Toys,37.74,2
2024-06-19,South,Groceries,43.22,5
2024-05-12,West,Electronics,580.11,2
2024-09-01,Central,Clothing,52.42,4
2024-12-20,West,Clothing,90.93,1
2024-03-12,East,Groceries,10.97,5
2024-12-30,West,Toys,36.4,3
2024-03-31,South,Toys,77.89,1
2024-05-13,Central,Clothing,26.34,1
2024-08-23,Central,Electronics,295.74,3
2023-07-20,Central,Groceries,39.12,5
2023-01-17,West,Home & Garden,171.17,4
2024-09-08,North,Electronics,835.81,3
2023-09-10,North,Clothing,89.63,1
2024-07-31,West,Home & Garden,96.74,1
2024-07-19,East,Electronics,739.95,4
2023-02-27,East,Home & Garden,241.56,4
2023-09-24,North,Groceries,57.16,4
2024-12-09,South,Groceries,40.77,3
2024-07-19,East,Clothing,111.55,4
2023-09-22,South,Toys,25.26,1
2024-01-24,East,Electronics,590.83,1
2024-08-17,North,Toys,16.94,3
2023-09-14,South,Electronics,880.59,3
2023-01-26,West,Home & Garden,167.12,5
2024-04-25,North,Clothing,53.67,5
2023-09-08,central,Groceries,36.67,3
2023-04-18,North,Electronics,773.82,4
2023-08-22,South,Clothing,20.58,5
2024-03-26,West,Electronics,789.25,5
2023-09-03,Central,Toys,59.61,2
2024-01-18,West,Toys,32.12,4
2023-11-29,north,Clothing,34.33,4
2024-04-14,South,Clothing,109.26,2
2023-12-20,West,Groceries,7.84,3
2024-11-09,South,Toys,13.09,3
2023-12-14,West,Clothing,107.53,3
2023-05-07,West,Toys,36.22,5
2024-05-22,South,Electronics,340.63,3
2024-10-06,East,Home & Garden,24.96,5
2024-08-27,East,Clothing,96.36,1
2024-11-18,South,Clothing,35.66,1
2024-02-14,North,Groceries,57.56,1
2024-05-18,South,Toys,59.33,5
2023-11-15,West,Clothing,100.53,5
2024-11-04,South,Electronics,673.91,4
2024-01-20,Central,Groceries,8.4,4
2024-08-14,Central,Groceries,50.27,2
2024-02-13,Central,Clothing,74.13,4
2023-11-08,South,Clothing,41.78,3
2024-10-17,East,Electronics,485.81,4
2024-12-04,North,Clothing,18.68,2
2023-08-06,South,Toys,30.01,4
2023-06-19,South,Electronics,215.5,5
2024-01-21,Central,Clothing,83.02,5
2024-12-14,North,Toys,65.02,2
2023-01-06,East,Clothing,74.75,1
2024-08-09,South,Groceries,27.82,2
2024-04-18,central,Toys,28.85,5
2023-07-27,South,Home & Garden,110.29,4
2023-05-04,South,Electronics,658.4,5
2023-02-21,North,Home & Garden,182.29,4
2024-03-29,South,Toys,78.2,4
2024-10-07,Central,Clothing,28.41,1
2023-11-28,West,Clothing,29.14,4
2024-03-17,East,Groceries,26.53,5
2023-08-21,South,Electronics,840.18,2
2024-06-24,Central,Groceries,41.24,2
2023-09-12,East,Groceries,26.68,1
2023-07-28,West,Electronics,810.76,2
2023-11-04,East,Toys,53.62,5
2024-08-08,west,Toys,28.7,2
2024-05-09,South,Groceries,9.0,5
2023-12-30,south,Clothing,,4
2024-04-13,East,Toys,52.2,4
2023-02-22,North,Home & Garden,54.07,2
2023-09-26,South,Toys,49.76,1
2024-12-07,South,Clothing,70.8,1
2023-08-06,central,Toys,77.36,4
2024-04-13,East,Toys,51.83,1
2023-02-05,South,Clothing,80.94,4
2023-11-03,north,Clothing,61.94,4
2024-12-18,South,Home & Garden,144.41,4
2023-12-20,West,Toys,106.07,5
2024-11-03,Central,Clothing,111.62,2
2024-07-30,west,Toys,16.16,2
2023-03-23,north,Clothing,97.04,1
2023-05-05,West,Groceries,12.06,3
2024-10-10,North,Home & Garden,291.54,1
2024-11-10,Central,Home & Garden,77.58,1
2023-11-19,East,Groceries,51.78,3
2023-10-09,central,Clothing,103.45,2
2023-11-28,West,Electronics,570.96,2
2023-01-28,Central,Toys,52.55,1
2023-11-18,East,Toys,51.65,3
2024-07-13,Central,Electronics,349.64,2
2023-08-01,North,Electronics,271.48,1
2023-03-19,East,Electronics,542.46,2
2023-02-03,South,Electronics,281.42,2
2024-01-03,North,Clothing,40.21,1
2024-08-25,West,Electronics,404.78,3
2024-08-11,East,Toys,,3
2024-10-15,East,Groceries,42.79,3
2023-12-25,North,Groceries,13.3,4
2023-01-09,East,Toys,17.3,1
2023-04-17,east,Clothing,53.85,2
2024-08-13,South,Electronics,254.14,4
2023-10-06,West,Clothing,26.03,1
2024-02-24,North,Clothing,15.45,1
2023-10-13,North,Toys,60.94,5
2023-07-21,Central,Clothing,64.15,4
2023-06-11,East,Home & Garden,103.08,5
2024-04-13,Central,Electronics,449.33,5
2023-04-30,East,Toys,77.55,5
2023-09-14,East,Home & Garden,236.25,2
2024-02-10,North,Groceries,18.1,3
2024-09-02,East,Groceries,51.26,1
2024-08-08,West,Groceries,7.8,4
2023-02-28,North,Toys,56.43,4
2024-06-04,Central,Groceries,27.42,4
2023-04-07,Central,Toys,59.19,5
2023-02-02,South,Clothing,94.91,5
2024-08-12,Central,Electronics,402.16,1
2024-11-23,East,Home & Garden,64.43,1
2023-01-07,Central,Clothing,73.32,5
2023-05-21,North,Toys,12.3,4
2023-05-18,North,Groceries,52.84,5
2023-06-13,North,Toys,67.9,3
2023-07-18,South,Groceries,24.26,1
2024-03-25,North,Clothing,41.97,1
2023-02-05,East,Toys,15.05,4
2024-02-19,East,Electronics,321.73,2
2023-06-02,South,Electronics,314.95,1
2024-09-07,North,Groceries,8.76,4
2024-03-16,North,Home & Garden,167.85,2
2023-09-09,East,Electronics,324.43,4
2024-03-05,Central,Electronics,363.81,3
2024-02-07,East,Clothing,104.14,3
2024-10-10,North,Toys,27.61,5
2024-06-07,East,Home & Garden,74.64,2
2024-07-09,West,Toys,10.02,3
2024-07-06,North,Clothing,51.17,2
2023-12-25,West,Toys,37.42,1
2024-06-22,South,Toys,55.42,5
2023-09-01,Central,Toys,29.73,2
2024-02-05,North,Toys,74.16,1
2023-02-14,Central,Home & Garden,52.58,3
2023-11-10,North,Groceries,20.13,2
2024-12-03,Central,Home & Garden,121.04,2
2024-11-25,Central,Home & Garden,158.61,2
2023-06-08,West,Electronics,894.68,1
2023-01-29,East,Clothing,55.52,3
2024-10-22,north,Electronics,475.79,4
2024-02-29,South,Toys,10.86,2
2023-12-05,Central,Toys,93.43,2
2024-09-30,North,Clothing,47.63,3
2024-12-10,Central,Toys,15.14,1
2023-09-07,North,Toys,16.25,5
2024-01-06,East,Home & Garden,161.15,4
2023-11-07,West,Toys,42.21,5
2023-04-29,North,Groceries,8.47,1
2023-01-29,East,Groceries,26.75,3
2023-07-05,South,Electronics,831.29,3
2023-07-25,Central,Toys,52.69,5
2024-06-17,East,Home & Garden,53.64,4
2023-04-09,East,Home & Garden,,3
2024-09-18,Central,Groceries,46.32,4
2024-04-06,west,Toys,26.54,3
2024-11-20,South,Home & Garden,113.33,2
2024-05-20,East,Clothing,112.89,4
2024-06-11,central,Home & Garden,204.77,4
2024-10-08,West,Electronics,716.98,1
2024-09-28,South,Home & Garden,27.09,4
2024-01-27,South,Home & Garden,63.49,2
2023-08-19,West,Groceries,38.14,4
2023-04-01,North,Electronics,496.44,5
2024-02-14,South,Clothing,56.42,5
2023-04-25,North,Electronics,339.64,5
2023-02-17,South,Groceries,55.45,4
2023-08-09,Central,Toys,14.45,1
2023-01-18,South,Electronics,778.59,2
2024-02-24,East,Home & Garden,72.18,2
2024-09-01,South,Toys,20.73,4
2024-12-01,West,Clothing,93.89,4
2024-12-08,Central,Toys,68.11,1
2024-06-22,West,Toys,68.78,5
2023-03-10,South,Groceries,58.98,4
2024-01-08,East,Toys,15.32,3
2024-04-28,East,Clothing,51.91,1
2023-08-02,East,Toys,63.7,5
2024-03-22,North,Toys,66.26,4
2024-06-23,Central,Electronics,861.65,1
2023-06-16,Central,Toys,31.64,4
2024-09-04,West,Home & Garden,32.31,4
2023-06-19,north,Groceries,13.31,5
2024-04-28,West,Toys,33.88,2
2024-05-26,East,Groceries,16.05,1
2024-05-25,West,Home & Garden,106.74,5
2024-12-07,east,Toys,58.76,1
2024-01-16,North,Groceries,6.82,1
2024-01-02,North,Electronics,266.98,5
2024-06-19,East,Clothing,58.41,5
2023-07-01,West,Toys,70.4,4
2023-03-07,East,Clothing,25.19,4
2024-08-07,Central,Toys,62.3,4
2024-12-04,South,Home & Garden,157.65,5
2024-11-08,South,Home & Garden,94.75,5
2024-05-31,Central,Groceries,58.33,5
2024-02-04,West,Electronics,829.97,4
2024-10-25,Central,Electronics,592.71,5
2023-02-09,south,Electronics,823.44,3
2023-12-27,East,Clothing,111.41,5
2024-04-27,central,Groceries,26.84,3
2024-04-17,North,Clothing,16.05,5
2023-08-18,North,Clothing,26.28,2
2023-07-20,Central,Electronics,355.52,2
2023-10-26,North,Toys,74.31,4
2023-07-09,North,Toys,64.19,3
2024-12-26,South,Electronics,1032.68,2
2024-01-02,East,Electronics,227.99,4
2024-03-01,South,Toys,43.46,5
2024-10-17,South,Electronics,511.05,2
2024-02-07,North,Home & Garden,269.27,5
2023-01-07,East,Groceries,24.15,1
2023-04-27,East,Groceries,44.78,5
2024-12-03,South,Toys,75.41,1
2023-02-27,North,Electronics,817.68,5
2024-05-02,Central,Toys,77.28,4
2023-04-10,Central,Home & Garden,287.64,2
2024-10-13,Central,Groceries,58.77,2
2024-02-27,North,Electronics,392.46,1
2024-10-31,Central,Groceries,16.68,5
2024-03-18,Central,Clothing,112.06,2
2024-05-04,South,Home & Garden,226.6,2
2024-01-28,West,Toys,33.51,1
2024-11-14,South,Electronics,374.72,1
2024-05-29,South,Electronics,341.18,1
2024-10-24,West,Electronics,488.84,4
2023-01-27,South,Electronics,487.85,5
2024-04-02,South,Groceries,43.33,4
2024-01-24,East,Toys,76.46,4
2024-07-20,north,Groceries,46.7,3
2023-05-22,West,Toys,60.38,2
2023-11-24,West,Clothing,56.14,5
2024-01-15,West,Home & Garden,184.57,1
2024-11-28,west,Toys,62.03,4
2023-02-02,West,Electronics,817.61,1
2024-06-03,North,Toys,56.4,2
2024-07-10,North,Clothing,23.56,2
2023-08-29,Central,Electronics,386.87,1
2023-03-11,North,Electronics,294.26,1
2023-01-04,West,Toys,77.87,2
2023-01-18,East,Toys,67.25,1
2024-12-15,North,Electronics,626.75,3
2023-01-21,East,Groceries,13.46,3
2024-12-21,West,Home & Garden,149.12,2
2023-06-27,Central,Toys,41.06,5
2023-01-19,West,Toys,54.32,3
2023-08-12,South,Home & Garden,211.37,4
2024-07-07,South,Groceries,48.06,3
2024-02-21,Central,Toys,37.1,1
2023-10-31,North,Toys,30.39,2
2024-09-22,West,Groceries,12.16,4
2024-04-09,East,Clothing,70.93,5
2024-12-29,North,Groceries,13.34,4
2023-04-23,north,Electronics,708.45,5
2023-11-03,East,Toys,74.1,3
2024-04-02,South,Home & Garden,225.38,5
2024-07-27,North,Clothing,55.4,4
2024-06-10,East,Clothing,46.55,5
2024-02-18,South,Groceries,43.53,3
2023-03-18,Central,Electronics,697.33,4
2024-07-24,South,Home & Garden,200.61,3
2023-01-20,Central,Home & Garden,238.97,2
2023-08-25,West,Groceries,26.42,5
2023-02-20,South,Clothing,76.87,1
2024-04-17,West,Electronics,814.67,5
2023-06-20,South,Electronics,739.96,5
2024-12-24,West,Electronics,1043.01,3
2023-12-29,West,Groceries,35.53,4
2023-08-06,south,Home & Garden,134.95,3
2023-12-05,South,Clothing,40.52,4
2023-08-28,South,Home & Garden,59.59,3
2024-11-13,East,Toys,24.04,1
2023-08-05,Central,Home & Garden,92.52,4
2024-02-28,Central,Groceries,35.73,4
2024-01-09,West,Toys,42.87,5
2023-08-30,East,Clothing,43.46,5
2024-08-18,East,Electronics,337.45,1
2023-05-05,Central,Groceries,21.97,4
2024-01-12,North,Toys,31.36,3
2024-06-25,West,Electronics,703.95,1
2024-10-09,South,Groceries,20.4,1
2024-09-01,East,Toys,25.27,2
2023-04-11,Central,Electronics,552.14,2
2023-02-14,East,Home & Garden,174.19,2
2023-01-25,North,Groceries,10.37,3
2024-11-09,North,Home & Garden,146.26,1
2023-05-14,south,Clothing,79.77,2
2023-11-14,south,Groceries,45.59,2
2024-02-01,Central,Clothing,,5
2023-03-18,East,Groceries,55.77,1
2024-07-01,East,Electronics,190.9,4
2024-04-30,East,Home & Garden,53.6,3
2024-10-24,South,Clothing,40.79,3
2024-01-23,West,Home & Garden,111.28,4
2023-07-02,North,Clothing,50.19,2
2023-03-21,South,Electronics,365.13,1
2023-07-03,West,Home & Garden,174.86,1
2023-11-10,North,Groceries,33.77,3
2024-11-14,North,Groceries,58.07,3
2023-01-10,North,Groceries,49.16,5
2023-07-20,South,Clothing,107.81,2
2024-07-13,Central,Electronics,612.51,4
2024-05-11,South,Groceries,15.6,5
2023-12-02,West,Clothing,48.95,1
2023-03-04,Central,Clothing,39.86,4
2023-06-14,East,Electronics,458.13,2
2024-02-26,Central,Groceries,54.45,4
2023-07-28,Central,Groceries,20.98,2
2023-09-04,Central,Toys,28.68,5
2024-10-19,Central,Home & Garden,52.04,2
2024-12-04,South,Groceries,30.68,5
2024-04-26,South,Electronics,775.23,5
2024-05-14,South,Toys,38.17,5
2023-01-01,South,Home & Garden,283.82,2
2024-03-31,South,Toys,77.88,4
2023-07-18,East,Toys,36.96,3
2024-03-04,North,Toys,45.56,4
2023-10-26,East,Groceries,15.56,3
2023-04-04,East,Toys,21.31,3
2024-05-15,East,Home & Garden,294.38,4
2023-09-01,west,Clothing,81.95,1
2024-10-02,Central,Toys,30.91,4
2024-02-15,North,Electronics,416.76,4
2023-08-22,West,Groceries,26.0,5
2023-10-23,South,Home & Garden,256.41,5
2023-04-13,East,Toys,18.19,5
2024-07-29,North,Home & Garden,128.05,3
2024-01-27,East,Groceries,49.68,2
2023-06-18,East,Home & Garden,198.84,5
2024-06-18,East,Toys,13.68,4
2024-05-01,Central,Electronics,323.23,1
2024-06-29,South,Home & Garden,278.3,3
2023-03-31,East,Home & Garden,220.03,3
2023-05-07,West,Electronics,377.06,2
2024-10-10,North,Home & Garden,209.82,4
2024-05-29,West,Home & Garden,264.38,3
2023-01-18,North,Electronics,483.31,2
2024-06-20,South,Electronics,714.76,2
2023-03-14,North,Home & Garden,129.06,1
2024-05-03,Central,Electronics,790.76,2
2024-03-26,West,Groceries,30.47,1
2024-12-16,South,Groceries,23.97,3
2024-05-30,West,Electronics,669.32,1
2024-12-30,North,Home & Garden,253.42,2
2024-11-18,East,Electronics,243.06,1
2024-10-27,North,Clothing,18.18,2
2024-08-25,North,Electronics,376.56,2
2024-05-06,North,Clothing,,3
2024-01-30,Central,Groceries,33.44,5
2023-11-03,South,Home & Garden,92.99,5
2023-06-16,North,Toys,39.88,4
2023-11-28,West,Electronics,750.3,1
2023-07-08,South,Toys,22.44,5
2023-12-21,South,Clothing,29.36,5
2023-01-26,West,Groceries,10.54,5
2024-01-30,North,Clothing,109.59,3
2023-02-21,West,Electronics,194.33,5
2023-06-21,Central,Toys,35.68,4
2023-11-03,West,Toys,54.2,5
2024-07-20,East,Electronics,184.07,2
2024-02-14,West,Groceries,42.53,3
2024-02-10,West,Groceries,41.31,3
2024-10-05,south,Groceries,47.59,5
2023-01-05,Central,Groceries,42.49,2
2023-01-21,North,Groceries,12.29,1
2024-06-22,North,Home & Garden,20.15,5
2023-11-03,North,Groceries,17.52,5
2024-11-03,East,Toys,60.92,4
2023-06-18,East,Groceries,32.42,4
2024-03-29,Central,Groceries,39.23,2
2024-01-29,Central,Home & Garden,240.56,5
2023-06-25,East,Electronics,796.24,5
2023-12-12,Central,Toys,48.69,2
2023-05-27,Central,Toys,20.15,5
2023-11-01,North,Groceries,7.83,1
2024-10-30,East,Electronics,437.62,5
2024-11-24,South,Toys,63.71,4
2024-04-28,north,Home & Garden,116.77,3
2023-04-25,West,Clothing,65.07,1
2023-10-08,West,Toys,25.25,2
2023-09-11,West,Groceries,56.7,3
2023-05-19,East,Home & Garden,132.39,1
2024-08-13,North,Toys,37.25,3
2023-06-07,East,Home & Garden,108.01,2
2023-04-23,South,Clothing,38.22,5
2023-12-13,West,Clothing,97.71,4
2024-04-03,North,Toys,50.56,4
2023-02-12,South,Clothing,19.21,3
2023-10-29,North,Clothing,25.3,1
2023-09-28,West,Home & Garden,148.42,1
2024-04-27,South,Toys,63.58,3
2024-07-01,North,Electronics,441.63,1
2023-01-05,East,Electronics,522.03,2
2023-06-07,South,Toys,38.39,4
2024-04-23,West,Groceries,6.36,5
2023-04-09,East,Clothing,90.14,1
2024-04-06,North,Groceries,38.06,3
2023-05-12,South,Home & Garden,272.2,3
2023-04-26,East,Home & Garden,229.52,4
2023-11-26,South,Home & Garden,158.67,4
2024-07-22,East,Home & Garden,25.25,3
2023-03-25,West,Toys,70.41,1
2023-06-05,East,Groceries,53.09,4
2024-11-27,East,Home & Garden,258.88,5
2024-04-28,North,Electronics,735.98,4
2024-01-17,South,Groceries,40.96,3
2023-06-22,East,Home & Garden,176.54,3
2024-01-22,Central,Toys,60.97,3
2023-09-26,West,Clothing,112.36,1
2024-06-21,Central,Electronics,641.01,1
2024-04-28,South,Groceries,21.72,4
2023-12-13,South,Groceries,13.69,3
2023-10-29,North,Groceries,11.1,5
2024-11-14,south,Electronics,262.02,5
2023-11-03,North,Electronics,590.93,3
2024-03-05,South,Toys,41.68,5
2023-01-25,West,Toys,56.17,4
2023-11-17,East,Groceries,39.71,1
2024-01-06,West,Electronics,727.81,5
2024-11-21,North,Electronics,537.06,4
2024-09-19,East,Clothing,101.98,4
2023-11-29,Central,Groceries,24.67,3
2023-01-01,Central,Clothing,110.48,4
2024-04-28,Central,Toys,35.0,4
2024-11-06,South,Home & Garden,200.13,2
2024-12-13,West,Groceries,37.49,4
2024-12-16,West,Groceries,25.66,5
2023-01-20,West,Clothing,31.0,5
2024-07-05,North,Electronics,889.34,2
2024-04-09,south,Home & Garden,176.99,3
2024-07-17,South,Electronics,297.15,1
2023-09-20,West,Toys,56.25,4
2024-04-15,South,Clothing,90.86,2
2023-02-28,Central,Groceries,41.67,5
2024-06-28,West,Toys,13.25,4
2023-06-02,North,Home & Garden,178.32,3
2023-12-31,East,Home & Garden,181.56,4
2024-02-14,North,Electronics,295.35,4
2023-02-23,South,Toys,24.66,5
2024-06-14,North,Toys,30.57,2
2023-04-17,South,Clothing,94.27,2
2024-05-20,east,Electronics,543.11,4
2024-08-19,South,Clothing,46.6,1
2023-05-17,Central,Groceries,31.64,4
2024-09-12,Central,Clothing,74.82,1
2023-11-23,West,Clothing,36.84,4
2023-02-28,West,Home & Garden,35.06,2
2024-01-21,North,Electronics,558.13,5
2023-08-26,West,Clothing,109.45,4
2023-02-06,North,Toys,71.42,4
2023-01-22,Central,Home & Garden,198.42,2
2024-05-13,East,Home & Garden,260.79,4
2024-03-15,north,Electronics,611.9,4
2023-09-08,West,Clothing,111.09,5
2024-03-31,West,Electronics,281.16,4
2024-08-01,Central,Toys,36.51,2
2024-04-30,East,Electronics,455.42,2
2023-07-04,Central,Toys,41.61,3
2024-01-31,south,Toys,63.03,1
2023-01-22,North,Toys,,1
2023-10-14,West,Toys,76.71,3
2023-08-16,South,Toys,34.9,3
2023-09-28,North,Groceries,8.38,3
2024-01-29,West,Electronics,259.06,4
2024-01-25,North,Clothing,53.51,3
2023-12-10,North,Electronics,369.89,4
2023-09-08,South,Home & Garden,65.59,2
2024-01-17,North,Home & Garden,228.72,5
2023-10-31,West,Clothing,21.31,4
2024-06-18,North,Home & Garden,87.15,1
2024-07-25,East,Home & Garden,176.1,1
2023-01-21,Central,Toys,23.92,5
2023-08-20,South,Clothing,51.27,4
2024-12-31,Central,Electronics,714.38,5
2023-06-07,East,Electronics,672.85,3
2024-02-04,North,Toys,62.86,5
2023-10-10,Central,Groceries,20.61,4
2024-09-27,North,Home & Garden,291.62,5
2023-08-04,North,Clothing,72.94,2
2024-07-12,North,Home & Garden,202.78,2
2024-08-16,East,Groceries,,5
2023-08-28,North,Toys,57.96,1
2024-08-06,Central,Toys,13.29,2
2024-09-09,East,Toys,24.21,4
2023-07-15,West,Toys,77.23,3
2024-10-01,South,Electronics,827.78,3
2024-05-14,South,Electronics,567.27,5
2024-05-08,West,Clothing,79.25,3
2024-07-17,North,Electronics,621.32,1
2023-08-28,North,Toys,40.61,4
2023-02-24,West,Home & Garden,51.53,2
2024-08-07,South,Groceries,5.9,3
2024-11-09,North,Home & Garden,45.12,4
2024-02-02,Central,Groceries,28.66,5
2023-11-03,West,Toys,68.65,4
2023-05-25,West,Home & Garden,200.01,1
2024-11-06,East,Home & Garden,25.1,2
2024-09-12,South,Clothing,39.53,5
2024-04-20,South,Groceries,53.52,5
2024-08-25,West,Groceries,27.87,5
2023-02-09,East,Home & Garden,203.22,3
2023-05-19,North,Clothing,112.71,2
2024-09-06,West,Toys,52.77,3
2023-07-11,Central,Clothing,24.76,1
2023-11-20,Central,Electronics,608.68,2
2023-04-19,East,Electronics,346.93,4
2023-02-15,South,Clothing,71.21,4
2024-08-06,East,Groceries,29.93,4
2024-05-17,West,Electronics,259.36,5
2024-09-27,South,Clothing,40.69,5
2023-04-26,west,Groceries,43.11,1
2023-01-23,Central,Groceries,25.26,5
2023-05-16,North,Home & Garden,182.1,4
2024-11-28,South,Home & Garden,279.39,1
2024-04-16,West,Toys,31.67,3
2023-05-13,North,Electronics,813.37,4
2024-09-27,West,Electronics,853.21,1
2023-07-24,West,Home & Garden,195.35,1
2023-02-16,South,Groceries,8.12,4
2023-11-05,West,Electronics,195.22,1
2024-06-30,South,Clothing,40.84,3
2024-11-22,North,Clothing,86.87,1
2023-04-06,East,Groceries,45.21,4
2024-10-26,West,Toys,72.94,3
2023-03-31,Central,Home & Garden,115.77,1
2023-06-16,East,Toys,57.58,3
2023-12-27,South,Toys,86.17,3
2024-07-15,West,Groceries,11.61,3
2024-11-13,South,Electronics,740.35,1
2023-04-26,North,Groceries,56.62,4
2023-11-26,Central,Clothing,70.86,5
2024-10-19,Central,Toys,72.55,1
2023-03-04,West,Electronics,274.64,4
2023-03-29,East,Toys,45.13,2
2024-12-23,West,Toys,107.95,4
2024-06-22,East,Groceries,19.64,1
2024-12-08,South,Groceries,39.52,1
2023-08-12,East,Groceries,17.89,2
2023-10-12,Central,Clothing,52.18,1
2024-03-30,Central,Toys,27.66,3
2024-07-30,Central,Home & Garden,283.12,2
2023-05-29,North,Toys,69.27,5
2023-07-08,South,Clothing,56.33,4
2024-07-26,West,Electronics,830.32,2
2023-09-04,South,Clothing,116.72,4
2024-10-19,South,Groceries,14.69,2
2023-03-09,East,Home & Garden,145.43,3
2024-07-31,South,Clothing,108.87,5
2023-12-27,West,Toys,24.01,2
2023-01-09,East,Home & Garden,171.96,3
2023-10-21,East,Toys,57.57,2
2023-06-10,Central,Groceries,16.23,3
2023-11-09,West,Clothing,19.37,5
2024-10-03,East,Groceries,9.13,5
2024-05-17,South,Electronics,233.58,1
2023-06-01,North,Home & Garden,86.9,2
2024-03-25,Central,Toys,44.82,3
2023-12-06,South,Clothing,24.33,3
2024-04-12,West,Clothing,64.36,4
2023-05-11,North,Toys,12.38,1
2024-12-24,East,Toys,100.64,3
2023-11-05,East,Toys,24.94,5
2023-05-18,East,Toys,22.22,2
2023-01-12,East,Electronics,522.27,5
2023-02-25,east,Electronics,552.78,1
2024-08-13,South,Home & Garden,217.01,4
2023-10-16,West,Groceries,36.38,2
2023-07-21,North,Toys,45.49,2
2023-10-15,North,Clothing,72.2,3
2024-08-29,North,Home & Garden,156.12,4
2024-04-05,Central,Toys,51.28,2
2024-05-13,West,Electronics,312.63,2
2023-08-08,West,Toys,62.71,3
2024-09-28,East,Clothing,56.73,2
2024-04-08,South,Electronics,837.33,3
2024-07-19,North,Electronics,545.17,5
2023-08-19,Central,Clothing,66.8,4
2023-07-02,Central,Electronics,558.58,5
2024-03-28,North,Electronics,853.32,1
2023-11-01,North,Toys,18.75,3
2023-12-09,East,Toys,58.45,2
2023-04-15,Central,Electronics,731.37,1
2024-09-17,South,Clothing,118.97,5
2024-05-17,North,Toys,79.94,5
2023-08-06,West,Home & Garden,287.15,4
2024-04-02,North,Toys,21.24,2
2023-12-07,West,Clothing,101.84,5
2023-11-29,West,Toys,35.6,1
2023-03-21,Central,Electronics,793.32,4
2023-11-12,South,Clothing,73.5,4
2024-06-04,West,Toys,20.39,3
2024-07-28,North,Electronics,680.49,3
2023-02-10,Central,Groceries,43.02,1
2024-07-06,South,Toys,15.49,3
2023-10-06,Central,Home & Garden,232.06,3
2024-05-17,North,Home & Garden,138.32,1
2024-07-01,South,Groceries,18.27,4
2024-02-15,Central,Toys,66.87,4
2023-06-19,North,Toys,66.65,1
2023-05-24,North,Toys,30.26,5
2023-03-24,South,Groceries,46.65,5
2023-05-01,East,Groceries,19.22,1
2023-03-28,West,Electronics,173.41,2
2023-11-27,Central,Toys,51.78,2
2024-06-21,Central,Groceries,53.7,4
2023-04-02,East,Clothing,81.26,2
2023-02-24,North,Toys,59.35,4
2024-02-27,South,Toys,71.26,3
2024-01-21,Central,Clothing,83.02,5
2024-03-03,West,Home & Garden,,4
2023-09-10,North,Electronics,368.14,1
2024-07-11,East,Groceries,43.37,1
2024-07-26,Central,Groceries,49.3,5
2023-02-25,south,Clothing,43.04,2
2023-02-22,North,Toys,61.45,5
2024-04-17,central,Clothing,35.09,2
2024-06-20,Central,Toys,46.65,3
2023-01-02,North,Electronics,,1
2023-02-16,South,Groceries,23.17,1
2024-07-17,North,Clothing,83.23,2
2023-12-05,Central,Toys,22.55,4
2023-11-23,East,Toys,42.19,3
2024-10-04,West,Home & Garden,27.67,2
2023-12-02,East,Home & Garden,,3
2024-10-10,North,Toys,32.7,1
2024-11-23,Central,Home & Garden,221.12,1
2023-01-09,West,Groceries,46.94,3
2024-07-03,Central,Groceries,35.46,1
2023-02-08,South,Electronics,429.93,4
2023-11-15,West,Home & Garden,91.9,4
2023-07-24,North,Electronics,280.02,4
2023-02-26,North,Groceries,16.54,4
2023-06-22,North,Electronics,431.69,4
2023-08-16,north,Toys,15.93,3
2023-09-22,North,Home & Garden,174.71,3
2024-05-07,West,Home & Garden,255.85,2
2023-10-07,West,Electronics,268.99,3
2024-06-21,West,Home & Garden,131.48,1
2023-08-03,West,Toys,16.22,4
2023-08-11,South,Electronics,570.51,1
2023-05-20,North,Clothing,83.09,2
2023-02-09,West,Groceries,36.83,2
2023-01-20,East,Electronics,612.87,5
2024-08-11,Central,Home & Garden,60.24,2
2024-08-03,South,Groceries,6.92,4
2023-05-28,East,Toys,50.95,3
2024-02-06,East,Groceries,45.83,5
2024-01-12,West,Groceries,19.29,5
2023-11-08,east,Clothing,115.15,4
2024-07-02,North,Home & Garden,128.75,2
2024-03-06,North,Home & Garden,155.95,4
2023-02-07,North,Groceries,19.93,1
2024-05-15,West,Toys,33.75,5
2024-09-05,central,Home & Garden,247.04,3
2024-01-11,East,Electronics,161.05,1
2024-06-12,West,Toys,35.37,1
2023-01-16,West,Groceries,6.15,3
2023-03-23,East,Groceries,5.27,4
2023-05-06,North,Toys,34.75,2
2023-09-17,North,Groceries,42.52,3
2024-12-11,Central,Toys,24.92,2
2024-06-21,North,Electronics,892.53,1
2023-07-16,East,Home & Garden,90.27,2
2023-03-26,West,Clothing,74.4,1
2024-12-06,west,Electronics,968.26,3
2024-10-24,South,Clothing,44.01,4
2023-08-27,West,Toys,57.28,2
2024-09-08,North,Clothing,112.97,2
2024-11-25,Central,Groceries,42.96,3
2023-01-03,West,Electronics,296.43,5
2023-12-28,East,Toys,,1
2023-10-22,East,Clothing,105.85,5
2024-02-29,East,Toys,76.1,2
2024-07-14,East,Electronics,534.57,2
2024-03-25,West,Clothing,65.43,5
2024-12-06,South,Clothing,112.96,5
2023-12-14,West,Groceries,15.71,2
2024-08-18,East,Clothing,71.97,3
2023-11-29,North,Electronics,782.22,4
2024-06-15,Central,Electronics,529.66,3
2024-01-25,North,Toys,37.82,3
2024-01-31,East,Toys,19.96,3
2023-04-01,Central,Toys,15.15,3
2023-04-23,East,Clothing,118.18,1
2024-07-31,south,Toys,17.22,1
2024-12-22,East,Clothing,119.19,5
2024-04-03,West,Groceries,41.19,2
2024-01-19,Central,Home & Garden,175.6,3
2023-01-20,south,Clothing,61.49,5
2024-03-18,South,Home & Garden,211.23,4
2024-02-15,East,Electronics,,3
2023-05-02,Central,Groceries,47.32,4
2024-01-25,East,Electronics,517.26,3
2024-07-22,Central,Clothing,86.62,4
2023-08-07,East,Home & Garden,278.4,2
2024-04-13,East,Home & Garden,215.69,5
2024-05-13,central,Toys,11.83,4
2023-09-10,South,Electronics,198.39,3
2023-09-16,North,Electronics,701.77,3
2023-09-21,East,Home & Garden,234.84,4
2023-12-02,Central,Home & Garden,104.1,4
2024-10-26,West,Electronics,218.26,2
2023-05-30,West,Groceries,39.89,1
2024-05-22,East,Electronics,787.92,4
2023-10-22,Central,Groceries,40.02,3
2023-05-27,South,Clothing,90.36,3
2023-07-25,East,Electronics,,5
2023-01-05,Central,Electronics,,1
2024-02-28,North,Electronics,169.91,3
2023-03-04,South,Groceries,56.83,1
2024-04-30,North,Groceries,32.38,2
2024-07-05,West,Clothing,74.51,2
2023-12-20,Central,Home & Garden,162.17,4
2023-11-14,East,Electronics,575.15,5
2024-03-08,West,Toys,71.0,3
2024-10-28,West,Electronics,366.53,5
2024-07-24,West,Groceries,30.62,5
2023-09-03,East,Electronics,884.96,5
2024-09-07,Central,Groceries,42.06,5
2023-12-12,South,Groceries,38.64,2
2024-07-21,East,Toys,14.93,3
2023-10-05,West,Clothing,62.31,2
2024-08-30,South,Electronics,780.85,4
2024-02-29,South,Toys,69.14,2
2024-11-19,North,Clothing,86.31,5
2024-02-06,West,Groceries,33.94,4
2023-03-01,South,Groceries,36.72,3
2023-04-28,East,Toys,30.41,5
2024-05-03,South,Groceries,23.62,1
2023-04-30,East,Groceries,15.66,4
2023-05-31,South,Toys,49.32,3
2024-11-11,East,Home & Garden,263.82,2
2024-09-15,Central,Home & Garden,211.61,3
2023-07-27,North,Clothing,58.08,1
2024-06-04,South,Home & Garden,240.77,1
2023-08-22,West,Electronics,220.35,5
2024-01-16,North,Groceries,22.31,1
2024-05-19,South,Electronics,226.37,2
2023-11-09,North,Clothing,80.71,2
2023-05-22,South,Electronics,266.94,4
2023-11-23,West,Home & Garden,121.87,5
2024-05-05,South,Clothing,30.51,3
2023-09-23,Central,Groceries,33.15,3
2024-07-25,West,Clothing,24.8,4
2023-06-02,West,Groceries,30.53,4
2024-08-05,North,Clothing,39.59,3
2024-05-23,West,Toys,37.04,2
2023-03-09,North,Toys,76.31,2
2023-06-14,East,Groceries,12.28,1
2023-02-20,West,Home & Garden,24.01,1
2023-08-23,Central,Home & Garden,252.46,5
2023-09-02,Central,Electronics,236.1,4
2023-09-28,East,Groceries,31.31,3
2023-05-11,North,Toys,11.74,3
2023-09-05,West,Electronics,476.71,3
2023-11-05,West,Clothing,97.05,5
2024-12-27,west,Electronics,1249.83,4
2024-06-12,North,Toys,46.14,2
2024-02-12,South,Electronics,313.66,1
2024-03-01,Central,Toys,40.02,5
2023-08-18,East,Groceries,6.47,1
2024-03-04,West,Clothing,26.11,5
2023-05-06,West,Clothing,54.1,3
2024-01-02,East,Toys,25.02,4
2024-06-24,West,Toys,10.31,5
2024-10-25,West,Clothing,68.47,2
2024-01-25,North,Clothing,86.16,2
2024-03-12,Central,Home & Garden,293.63,3
2024-09-29,South,Groceries,12.33,1
2023-04-08,West,Toys,46.2,2
2023-06-06,South,Groceries,38.51,4
2024-04-02,east,Toys,24.34,4
2023-03-01,East,Home & Garden,165.41,2
2024-02-20,Central,Home & Garden,108.27,5
2024-02-21,South,Home & Garden,74.73,5
2023-07-02,East,Toys,27.32,2
2023-09-28,Central,Electronics,415.63,5
2024-05-17,North,Clothing,44.03,3
2024-11-16,North,Electronics,233.7,1
2024-08-15,North,Toys,25.6,2
2024-12-20,North,Toys,98.37,2
2024-02-10,Central,Groceries,30.86,4
2024-06-21,Central,Toys,72.08,2
2023-03-17,South,Electronics,493.65,5
2024-09-02,South,Clothing,62.51,2
2023-03-28,North,Electronics,180.44,4
2023-08-15,South,Clothing,24.76,3
2024-08-14,West,Groceries,46.52,4
2024-01-25,East,Clothing,33.38,5
2023-03-16,South,Electronics,863.06,3
2024-03-02,North,Groceries,28.39,3
2024-08-16,North,Electronics,377.46,2
2024-06-03,East,Electronics,712.96,1
2023-02-07,East,Groceries,34.46,5
2024-12-25,West,Electronics,1256.23,5
2024-01-01,south,Clothing,39.67,1
2024-05-23,East,Home & Garden,298.55,3
2024-11-16,North,Clothing,105.6,2
2023-10-16,Central,Toys,53.64,1
2023-12-20,South,Clothing,31.85,2
2023-11-28,South,Clothing,97.54,1
2023-09-05,North,Electronics,843.69,5
2023-01-13,North,Electronics,659.74,4
2024-03-11,South,Home & Garden,253.24,2
2024-02-24,east,Clothing,95.48,1
2023-11-20,North,Groceries,12.18,5
2023-12-15,East,Toys,31.99,5
2023-02-01,South,Clothing,55.17,1
2024-02-13,South,Groceries,24.74,2
2024-11-24,West,Home & Garden,167.11,1
2024-04-16,North,Toys,60.43,1
2024-07-27,North,Clothing,29.36,2
2023-03-01,East,Groceries,32.77,4
2023-10-10,South,Home & Garden,31.44,5
2024-02-05,West,Electronics,243.13,4
2024-11-25,North,Clothing,27.69,4
2023-06-27,East,Home & Garden,164.07,4
2023-09-04,East,Groceries,59.26,1
2024-11-25,North,Groceries,7.62,4
2024-11-23,East,Electronics,817.14,1
2023-04-08,Central,Groceries,38.28,2
2023-12-16,East,Electronics,,3
2023-12-15,North,Toys,110.2,2
2024-04-23,central,Home & Garden,296.34,3
2023-05-11,Central,Toys,42.54,2
2023-05-30,West,Clothing,82.32,5
2024-12-04,South,Electronics,734.05,3
2023-10-01,Central,Toys,78.62,3
2023-11-07,South,Electronics,249.19,3
2023-07-04,Central,Groceries,17.45,4
2024-08-14,East,Home & Garden,38.61,1
2023-09-04,West,Toys,25.14,4
2024-11-18,North,Home & Garden,29.87,2
2023-07-02,South,Home & Garden,282.58,3
2023-06-25,South,Electronics,174.85,1
2023-12-21,East,Groceries,41.27,5
2023-01-21,West,Electronics,604.69,5
2023-03-15,East,Home & Garden,191.06,5
2023-08-06,West,Toys,78.71,4
2023-12-15,South,Groceries,59.92,3
2024-11-06,East,Toys,39.27,5
2024-11-07,Central,Home & Garden,116.92,2
2024-08-16,Central,Home & Garden,197.2,2
2023-07-24,West,Groceries,56.84,2
2024-06-08,North,Home & Garden,154.79,5
2024-05-11,West,Electronics,203.38,3
2023-03-09,Central,Groceries,5.13,2
2023-01-21,West,Home & Garden,202.48,3
2023-06-20,Central,Groceries,26.14,3
2024-08-20,East,Home & Garden,135.67,3
2024-05-02,East,Electronics,430.02,4
2023-09-27,Central,Home & Garden,117.86,3
2024-03-10,Central,Electronics,739.29,4
2023-02-06,South,Electronics,340.02,3
2023-05-04,North,Home & Garden,297.42,1
2024-09-15,Central,Home & Garden,212.44,1
2024-02-01,East,Home & Garden,277.42,5
2024-01-04,North,Electronics,584.99,4
2023-06-05,Central,Toys,70.54,3
2023-10-29,East,Electronics,,5
2023-08-26,South,Clothing,53.62,3
2024-12-03,East,Clothing,18.55,3
2023-12-30,East,Clothing,84.61,5
2023-12-06,East,Home & Garden,144.32,4
2024-02-28,South,Toys,27.32,1
2023-10-25,East,Clothing,,2
2023-03-04,Central,Electronics,166.39,5
2024-06-07,West,Groceries,27.86,3
2023-05-29,South,Clothing,15.37,4
2023-07-02,South,Toys,65.39,2
2023-08-16,East,Groceries,27.54,5
2023-05-12,East,Toys,21.89,5
2024-09-14,Central,Home & Garden,34.26,2
2024-07-16,West,Groceries,21.47,4
2023-07-08,central,Clothing,43.83,4
2023-11-27,North,Clothing,54.28,3
2024-01-15,West,Groceries,20.17,2
2024-01-22,Central,Electronics,529.85,3
2024-01-27,South,Home & Garden,268.44,2
2023-12-09,East,Electronics,,4
2023-08-15,East,Clothing,31.76,3
2024-12-04,East,Electronics,327.58,5
2023-04-16,north,Toys,41.8,5
2023-10-22,North,Electronics,771.59,2
2023-06-19,West,Clothing,67.63,2
2024-04-04,East,Home & Garden,170.99,3
2024-10-24,North,Clothing,54.02,4
2024-12-14,Central,Groceries,7.51,1
2023-08-27,Central,Electronics,330.68,1
2024-12-12,Central,Groceries,36.11,1
2024-02-26,east,Home & Garden,172.76,2
2024-05-11,south,Home & Garden,274.22,2
2024-09-01,south,Home & Garden,293.61,3
2023-11-04,North,Electronics,264.37,4
2023-04-16,South,Home & Garden,218.86,3
2024-08-20,Central,Home & Garden,89.97,3
2024-10-26,East,Home & Garden,84.76,4
2024-04-25,East,Toys,62.37,3
2024-07-17,East,Groceries,42.88,2
2023-05-17,east,Electronics,345.97,4
2024-07-07,South,Groceries,32.97,4
2023-04-18,North,Groceries,57.01,4
2023-01-21,Central,Groceries,12.0,2
2023-03-07,Central,Home & Garden,203.18,2
2024-12-12,South,Clothing,70.03,5
2024-05-05,East,Clothing,70.02,1
2023-02-02,South,Toys,77.36,2
2023-04-30,Central,Groceries,42.93,3
2023-06-06,West,Toys,60.64,2
2023-10-20,East,Home & Garden,248.81,5
2023-02-04,North,Toys,60.29,5
2023-03-05,Central,Clothing,75.53,3
2023-12-04,East,Electronics,364.31,1
2023-06-14,East,Clothing,89.53,4
2023-07-30,Central,Clothing,92.3,3
2023-02-19,West,Electronics,229.75,4
2023-04-16,Central,Electronics,493.99,5
2024-08-21,West,Home & Garden,55.8,3
2024-01-30,Central,Clothing,49.89,3
2024-06-07,North,Electronics,563.5,3
2023-12-13,South,Electronics,1138.03,4
2023-01-16,West,Groceries,52.69,1
2023-03-15,Central,Toys,38.07,3
2023-06-26,West,Toys,64.32,4
2024-05-18,Central,Home & Garden,37.75,5
2023-12-29,East,Clothing,66.85,5
2024-11-08,West,Toys,60.68,2
2023-03-25,North,Home & Garden,22.64,1
2023-11-13,South,Clothing,69.84,1
2023-06-24,North,Home & Garden,239.17,4
2024-11-28,North,Electronics,267.08,3
2023-10-28,North,Electronics,540.22,5
2024-10-05,Central,Groceries,16.79,4
2024-09-10,South,Home & Garden,166.01,1
2023-12-09,North,Groceries,30.57,2
2024-12-30,East,Home & Garden,100.04,5
2024-10-31,East,Home & Garden,117.54,3
2023-04-30,West,Electronics,431.97,4
2024-07-10,Central,Clothing,44.65,1
2023-01-01,West,Clothing,17.16,2
2024-04-06,West,Clothing,15.51,3
2024-09-09,North,Groceries,59.22,5
2024-09-26,Central,Electronics,758.84,1
2023-07-19,Central,Groceries,22.19,5
2023-12-20,Central,Electronics,581.6,2
2023-08-09,South,Toys,71.38,4
2023-02-14,Central,Electronics,396.13,2
2023-07-11,East,Electronics,669.06,3
2024-03-14,West,Groceries,36.59,3
2023-06-06,Central,Groceries,14.86,5
2024-11-11,North,Toys,69.4,2
2023-10-11,South,Clothing,54.11,3
2023-01-19,West,Clothing,76.0,2
2023-04-21,North,Home & Garden,277.09,5
2023-09-30,West,Electronics,694.0,2
2024-02-20,East,Toys,46.94,5
2023-11-13,South,Home & Garden,27.71,3
2024-09-22,East,Toys,79.11,3
2023-04-02,North,Home & Garden,23.64,3
2023-12-26,Central,Home & Garden,100.3,3
2024-03-17,East,Electronics,220.92,5
2023-01-13,South,Home & Garden,85.23,3
2024-04-02,East,Groceries,53.21,4
2024-09-14,South,Toys,56.93,2
2023-07-31,West,Clothing,77.84,2
2024-01-29,Central,Groceries,41.93,1
2024-04-28,North,Electronics,382.79,2
2023-05-09,North,Toys,67.34,4
2024-12-31,West,Home & Garden,101.67,3
2024-06-25,Central,Toys,21.57,2
2023-09-18,Central,Home & Garden,205.96,5
2024-08-30,East,Toys,12.58,5
2023-05-29,West,Electronics,661.26,4
2024-06-24,Central,Clothing,119.97,4
2023-11-04,North,Toys,55.58,2
2023-06-21,North,Clothing,39.27,1
2024-01-16,central,Groceries,54.92,3
2024-07-21,South,Home & Garden,80.09,3
2024-04-10,North,Home & Garden,109.07,4
2024-01-04,North,Clothing,78.09,2
2023-10-26,East,Groceries,51.4,3
2024-06-14,central,Groceries,58.14,3
2024-07-05,East,Clothing,29.42,5
2023-08-27,Central,Groceries,37.13,2
2024-07-17,West,Toys,21.48,5
2023-07-31,East,Home & Garden,250.14,3
2023-07-18,North,Electronics,739.63,2
2023-10-27,North,Clothing,108.94,3
2023-05-01,North,Home & Garden,183.8,2
2024-04-18,North,Toys,65.17,1
2023-08-03,south,Toys,74.52,5
2024-07-01,Central,Home & Garden,,3
2023-06-28,East,Groceries,56.82,1
2024-09-16,North,Toys,39.57,3
2024-11-27,north,Toys,77.71,1
2023-05-14,South,Clothing,88.41,5
2024-07-27,Central,Groceries,20.96,3
2023-11-26,Central,Electronics,486.23,5
2023-07-04,Central,Groceries,43.81,3
2024-09-30,East,Clothing,100.09,5
2024-12-17,East,Home & Garden,40.4,5
2024-07-18,North,Toys,12.77,2
2023-10-01,West,Electronics,321.35,1
2023-04-16,East,Groceries,33.46,4
2024-06-12,South,Groceries,9.94,5
2024-10-25,Central,Electronics,201.12,2
2024-10-13,Central,Groceries,46.5,2
2024-07-19,South,Groceries,35.78,1
2023-07-31,West,Groceries,58.22,3
2023-07-02,South,Clothing,29.16,5
2024-01-15,North,Home & Garden,23.49,3
2023-12-12,East,Clothing,75.78,5
2023-04-08,Central,Toys,49.64,5
2023-12-22,North,Electronics,937.92,3
2024-01-27,West,Home & Garden,85.57,4
2023-02-01,Central,Groceries,26.71,4
2023-09-04,central,Toys,17.38,1
2023-01-10,South,Groceries,,2
2024-06-25,Central,Home & Garden,85.18,4
2024-12-09,North,Toys,52.87,5
2024-11-11,Central,Toys,54.95,1
2023-10-20,Central,Electronics,692.18,3
2024-03-27,Central,Groceries,14.71,2
2023-10-21,East,Clothing,70.93,2
2023-07-18,East,Clothing,27.28,2
2023-06-12,East,Clothing,82.83,4
2024-07-08,South,Groceries,56.97,3
2024-01-21,North,Toys,35.39,4
2024-01-14,Central,Home & Garden,99.7,4
2024-07-08,East,Electronics,650.53,1
2023-12-29,East,Home & Garden,101.61,3
2024-02-27,West,Toys,50.64,4
2023-05-10,South,Home & Garden,124.25,3
2024-02-12,East,Electronics,311.15,1
2023-10-17,South,Electronics,750.01,4
2023-08-14,East,Toys,,2
2024-09-08,North,Groceries,35.32,1
2023-09-19,South,Toys,33.61,4
2024-02-18,Central,Clothing,21.26,2
2023-12-29,Central,Electronics,1001.33,4
2024-02-07,North,Groceries,45.27,5
2024-03-27,South,Electronics,264.98,1
2023-07-23,West,Groceries,28.97,5
2024-08-10,North,Clothing,66.67,5
2023-02-28,West,Groceries,23.03,3
2024-05-12,Central,Electronics,631.54,1
2024-11-11,East,Groceries,58.36,4
2023-12-02,North,Clothing,47.58,4
2024-06-23,North,Toys,53.55,1
2023-10-03,east,Groceries,14.14,3
2024-01-07,East,Clothing,29.07,5
2024-05-01,South,Home & Garden,77.79,5
2024-12-24,East,Toys,37.84,3
2023-07-28,East,Home & Garden,122.22,4
2023-10-06,East,Groceries,37.5,5
2024-04-20,North,Electronics,151.38,3
2023-06-28,West,Home & Garden,150.12,5
2024-11-13,North,Electronics,851.83,5
2023-04-23,South,Groceries,49.23,3
2023-09-02,South,Home & Garden,228.93,4
2023-11-13,North,Toys,22.36,4
2023-06-11,West,Groceries,38.4,2
2023-10-14,North,Electronics,170.17,4
2023-11-24,south,Home & Garden,122.21,5
2024-07-05,South,Electronics,304.26,4
2024-09-13,North,Clothing,51.01,4
2023-11-04,North,Groceries,48.64,4
2023-08-03,South,Toys,23.47,1
2024-05-10,West,Groceries,58.87,1
2024-04-18,West,Home & Garden,173.22,5
2024-02-03,Central,Electronics,497.72,2
2023-12-01,east,Clothing,69.14,2
2023-08-25,central,Toys,16.66,2
2023-12-22,Central,Home & Garden,52.63,2
2023-10-16,Central,Electronics,449.03,5
2024-01-28,West,Clothing,24.63,5
2024-12-23,West,Electronics,679.33,2
2023-10-13,East,Home & Garden,157.55,5
2023-03-31,south,Toys,21.53,1
2023-03-02,West,Groceries,39.69,5
2023-07-21,West,Home & Garden,188.57,4
2024-02-29,East,Home & Garden,122.3,1
2023-07-03,South,Groceries,20.48,5
2023-11-04,East,Toys,52.08,3
2024-06-05,South,Groceries,13.93,1
2024-12-27,West,Electronics,1229.95,2
2024-05-29,East,Clothing,52.4,4
2023-12-14,west,Groceries,15.98,2
2023-03-31,East,Home & Garden,198.79,4
2023-11-28,North,Home & Garden,272.2,4
2024-02-27,West,Electronics,701.95,4
2023-12-31,South,Clothing,57.25,1
2024-05-14,South,Home & Garden,282.25,4
2023-07-23,Central,Clothing,79.52,1
2023-09-01,North,Electronics,780.09,3
2023-06-24,Central,Home & Garden,180.67,2
2024-03-01,North,Clothing,,4
2024-01-20,North,Home & Garden,50.04,1
2023-10-13,central,Clothing,111.94,3
2023-02-16,West,Electronics,351.13,4
2024-07-23,West,Clothing,66.02,1
2024-07-23,North,Home & Garden,120.02,5
2024-12-20,East,Clothing,85.04,3
2023-12-16,South,Home & Garden,226.11,5
2024-11-08,West,Electronics,477.41,1
2023-05-30,West,Home & Garden,73.56,2
2023-12-26,South,Electronics,229.92,1
2023-02-17,East,Clothing,103.92,4
2024-06-15,North,Groceries,29.57,3
2023-01-25,South,Clothing,118.27,1
2023-05-18,East,Toys,77.19,2
2023-02-02,west,Home & Garden,84.47,1
2023-01-03,East,Toys,44.07,3
2023-06-07,West,Home & Garden,162.99,5
2024-10-24,West,Clothing,30.23,1
2024-04-24,East,Clothing,47.63,4
2023-08-30,East,Electronics,367.38,2
2023-01-27,Central,Electronics,155.75,3
2023-09-21,Central,Clothing,36.56,2
2023-08-23,East,Clothing,44.99,3
2023-03-07,Central,Groceries,8.03,2
2023-10-12,Central,Clothing,,4
2024-04-19,West,Toys,55.39,2
2023-07-01,North,Electronics,547.88,5
2024-12-15,West,Electronics,1055.76,1
2024-09-17,North,Home & Garden,47.41,5
2024-07-14,North,Electronics,442.84,1
2023-07-11,East,Electronics,508.51,5
2023-11-08,North,Groceries,6.03,5
2023-12-25,Central,Clothing,66.52,2
2023-11-15,Central,Clothing,94.86,4
2023-01-25,South,Clothing,22.11,1
2023-12-20,East,Toys,92.39,1
2023-10-28,East,Home & Garden,278.97,5
2023-11-25,Central,Electronics,822.59,1
2024-09-01,Central,Clothing,118.88,3
2024-08-30,North,Home & Garden,153.1,4
2023-10-18,West,Clothing,114.14,4
2023-06-20,North,Clothing,95.15,1
2024-08-26,North,Toys,78.79,2
2023-09-19,West,Groceries,50.11,5
2024-11-15,East,Home & Garden,96.82,1
2024-10-11,South,Home & Garden,123.29,2
2024-04-10,North,Groceries,51.74,5
2023-09-01,West,Home & Garden,85.15,5
2023-06-29,North,Home & Garden,248.93,2
2024-06-06,South,Toys,31.17,2
2024-07-10,Central,Groceries,26.41,5
2024-02-10,South,Home & Garden,219.16,1
2023-12-21,West,Clothing,48.35,1
2024-04-13,Central,Electronics,876.71,4
2023-07-04,South,Toys,31.01,1
2023-02-06,East,Home & Garden,78.81,1
2023-09-02,Central,Electronics,865.18,4
2024-01-19,Central,Electronics,627.05,1
2023-10-12,West,Home & Garden,250.5,5
2024-07-14,North,Toys,10.94,4
2023-09-18,South,Toys,32.85,1
2023-08-17,Central,Toys,,4
2024-06-20,North,Groceries,34.28,1
2024-10-08,East,Clothing,,3
2024-08-11,Central,Home & Garden,220.85,3
2024-07-15,Central,Home & Garden,152.93,5
2023-04-03,South,Home & Garden,82.8,1
2023-10-13,Central,Electronics,794.03,5
2024-11-20,South,Groceries,15.79,1
2024-11-14,south,Electronics,598.72,5
2024-05-30,Central,Groceries,29.49,4
2024-07-22,West,Electronics,567.72,5
2024-08-09,South,Electronics,430.77,3
2023-07-14,East,Toys,24.47,3
2023-12-11,Central,Electronics,1082.76,1
2024-09-05,North,Toys,46.69,4
2024-10-11,South,Home & Garden,210.13,5
2024-10-12,north,Groceries,25.93,5
2024-01-09,North,Home & Garden,65.57,5
2024-09-30,East,Home & Garden,228.39,4
2023-09-21,West,Home & Garden,33.54,1
2023-03-27,Central,Groceries,58.02,2
2024-06-24,East,Clothing,113.12,3
2023-04-23,Central,Groceries,44.73,4
2023-01-02,North,Toys,58.47,2
2023-08-26,North,Electronics,156.39,5
2024-04-09,Central,Toys,18.36,1
2024-01-27,East,Home & Garden,273.86,5
2024-06-28,East,Home & Garden,73.42,2
2024-08-17,South,Home & Garden,148.63,5
2023-11-05,Central,Home & Garden,273.36,3
2024-08-10,North,Groceries,27.9,3
2024-09-10,North,Home & Garden,261.93,1
2024-12-14,Central,Electronics,1241.23,4
2023-11-24,East,Home & Garden,95.1,5
2024-10-25,North,Home & Garden,45.88,2
2023-09-22,South,Toys,65.87,1
2024-03-16,West,Home & Garden,132.33,4
2024-07-01,West,Toys,72.9,1
2023-05-18,West,Home & Garden,258.31,2
2023-06-28,West,Electronics,782.23,3
2024-03-15,South,Groceries,,4
2024-03-25,North,Clothing,60.37,1
2023-12-17,West,Toys,88.02,3
2024-02-13,Central,Groceries,13.56,4
2024-12-01,South,Electronics,934.17,3
2024-05-04,Central,Home & Garden,139.59,3
2023-07-30,East,Electronics,592.08,3
2023-12-30,West,Home & Garden,292.49,3
2023-06-09,Central,Groceries,55.54,4
2023-04-11,East,Home & Garden,232.53,5
2024-12-01,South,Electronics,374.13,5
2023-09-20,South,Home & Garden,164.48,4
2023-08-09,North,Clothing,89.3,4
2023-02-27,South,Home & Garden,276.62,2
2024-02-06,South,Groceries,41.19,3
2023-03-12,East,Groceries,10.7,3
2023-09-25,Central,Electronics,483.78,2
2023-03-18,West,Clothing,59.56,1
2023-09-10,South,Clothing,82.24,3
2023-06-10,Central,Toys,15.42,4
2024-09-16,North,Home & Garden,97.98,3
2023-06-05,West,Electronics,445.26,2
2024-05-28,North,Groceries,33.8,1
2024-12-31,North,Electronics,648.42,2
2024-01-26,South,Groceries,43.42,3
2024-07-07,West,Clothing,68.12,5
2024-04-25,West,Clothing,23.69,1
2024-05-29,North,Electronics,739.2,5
2024-03-08,South,Home & Garden,49.42,4
2023-02-16,North,Toys,70.63,3
2024-10-24,East,Electronics,640.13,5
2023-10-14,Central,Groceries,,5
2024-10-23,south,Clothing,32.91,5
2024-06-09,South,Home & Garden,146.29,4
2023-09-03,North,Electronics,812.39,1
2023-05-10,North,Home & Garden,242.76,2
2023-01-16,North,Clothing,96.48,4
2023-03-20,Central,Toys,27.72,2
2023-05-11,East,Toys,32.26,5
2024-11-23,West,Groceries,10.23,1
2024-05-06,Central,Electronics,617.09,1
2024-09-21,Central,Electronics,705.79,4
2023-01-25,South,Clothing,53.13,3
2024-01-20,East,Groceries,23.34,5
2023-11-02,West,Electronics,575.92,2
2023-02-17,North,Toys,68.61,5
2023-04-22,North,Home & Garden,126.44,2
2023-12-21,West,Home & Garden,225.92,4
2024-12-23,South,Home & Garden,209.33,5
2024-04-04,Central,Groceries,53.62,1
2024-01-01,north,Toys,79.51,1
2023-10-10,South,Groceries,51.08,4
2023-07-27,Central,Home & Garden,173.17,1
2023-11-19,South,Groceries,35.98,5
2023-11-24,East,Groceries,55.82,5
2024-02-23,East,Home & Garden,269.77,5
2023-09-25,West,Toys,67.23,1
2023-12-06,North,Home & Garden,239.62,1
2023-06-25,East,Electronics,260.67,3
2024-07-09,West,Groceries,46.4,5
2023-09-30,East,Home & Garden,179.22,2
2024-04-01,North,Groceries,29.08,4
2023-01-16,South,Clothing,,4
2023-12-19,West,Home & Garden,135.46,1
2023-09-23,Central,Clothing,74.69,4
2023-12-13,North,Clothing,36.56,4
2024-10-24,North,Electronics,743.51,2
2024-12-04,West,Home & Garden,188.01,2
2024-03-26,South,Electronics,423.58,2
2023-12-29,West,Clothing,57.31,4
2023-10-23,West,Groceries,54.52,2
2024-04-24,North,Electronics,745.68,5
2023-12-25,Central,Clothing,66.52,2
2023-07-24,Central,Toys,45.99,5
2024-09-20,North,Clothing,111.0,4
2023-04-27,North,Toys,69.01,2
2024-08-03,South,Toys,78.01,4
2024-08-02,South,Electronics,725.51,2
2024-04-22,East,Toys,26.99,5
2023-05-29,Central,Toys,,2
2023-02-08,South,Toys,17.26,1
2024-09-08,East,Clothing,113.17,1
2024-01-27,East,Toys,62.31,2
2024-12-26,North,Groceries,54.61,2
2024-07-22,South,Home & Garden,31.62,2
2023-04-15,Central,Home & Garden,122.22,5
2023-06-30,South,Groceries,48.14,3
2023-04-05,central,Home & Garden,131.34,4
2024-09-21,south,Clothing,40.44,1
2023-11-20,South,Groceries,54.93,1
2024-05-31,West,Electronics,336.53,1
2024-09-20,South,Clothing,84.51,1
2023-11-11,Central,Groceries,7.85,5
2023-10-25,East,Groceries,38.7,4
2023-11-14,Central,Clothing,112.68,3
2023-04-13,West,Home & Garden,49.08,3
2024-02-17,west,Toys,49.51,4
2024-08-06,Central,Home & Garden,274.24,5
2023-03-18,Central,Clothing,81.14,5
2023-09-20,West,Toys,525.5,3
2023-09-24,Central,Electronics,517.41,3
2023-10-02,Central,Electronics,820.48,5
2024-01-28,Central,Clothing,93.57,1
2023-12-02,West,Home & Garden,287.87,4
2023-09-07,South,Groceries,54.65,3
2023-08-04,Central,Home & Garden,279.19,4
2023-08-17,Central,Groceries,9.75,2
2024-01-26,Central,Home & Garden,28.58,2
2023-05-13,East,Electronics,521.59,5
2023-01-16,South,Home & Garden,40.28,1
2023-10-12,West,Clothing,20.9,5
2023-05-07,Central,Toys,20.75,3
2023-02-22,East,Electronics,297.22,5
2024-10-06,East,Groceries,7.99,5
2024-03-10,South,Electronics,318.54,1
2024-04-04,West,Electronics,451.23,3
2023-07-18,South,Toys,79.5,2
2024-01-13,West,Home & Garden,207.9,2
2024-10-01,Central,Groceries,45.64,2
2023-10-27,South,Electronics,766.7,4
2024-04-04,East,Groceries,21.48,2
2024-07-17,North,Toys,56.62,3
2024-01-04,East,Electronics,204.58,1
2023-08-01,Central,Groceries,19.06,5
2023-02-10,Central,Clothing,108.04,3
2023-11-23,East,Clothing,71.21,4
2024-04-21,East,Toys,24.18,2
2024-05-02,South,Groceries,27.59,2
2024-10-15,West,Home & Garden,90.17,5
2024-01-06,North,Clothing,63.24,1
2024-12-09,South,Groceries,51.68,3
2023-04-03,West,Groceries,30.15,1
2024-10-08,South,Groceries,56.53,1
2023-12-16,Central,Groceries,14.03,3
2024-02-23,South,Electronics,294.17,4
2023-07-07,Central,Home & Garden,166.87,4
2024-03-14,North,Electronics,265.25,1
2023-09-19,West,Toys,68.85,2
2024-08-10,north,Clothing,51.54,2
2023-01-30,North,Clothing,119.77,2
2023-02-09,East,Toys,32.27,3
2023-06-20,North,Home & Garden,79.21,2
2023-04-22,North,Clothing,50.48,2
2023-04-02,West,Electronics,178.37,5
2023-05-16,west,Toys,49.31,4
2024-04-25,Central,Clothing,87.26,2
2024-04-03,East,Electronics,598.31,4
2023-08-06,East,Electronics,303.49,3
2023-01-05,South,Groceries,23.16,3
2023-03-25,North,Home & Garden,76.39,4
2023-11-14,North,Electronics,281.5,4
2023-05-27,Central,Clothing,93.75,5
2024-06-25,East,Groceries,22.89,1
2023-10-17,Central,Electronics,659.2,4
2024-03-31,North,Groceries,11.79,1
2024-09-27,North,Electronics,226.65,1
2024-12-17,West,Toys,20.99,1
2024-04-05,West,Home & Garden,137.87,4
2024-05-25,Central,Clothing,32.35,1
2023-07-10,south,Groceries,14.41,1
2024-04-30,South,Electronics,153.63,4
2023-09-27,Central,Electronics,433.04,1
2023-12-27,North,Groceries,41.49,1
2023-06-06,East,Electronics,748.65,2
2023-10-22,North,Home & Garden,38.76,1
2023-03-09,North,Home & Garden,172.79,5
2023-09-05,Central,Toys,33.88,1
2024-03-31,Central,Electronics,373.76,2
2024-11-22,Central,Toys,12.03,1
2023-08-29,East,Electronics,313.5,2
2024-05-02,South,Toys,79.66,4
2023-09-17,Central,Groceries,59.86,1
2024-09-17,South,Home & Garden,272.2,4
2023-05-02,West,Toys,35.55,1
2024-04-03,North,Groceries,,4
2023-02-22,East,Groceries,56.78,5
2023-09-22,West,Toys,77.29,4
2023-02-22,East,Clothing,,5
2024-09-23,North,Electronics,739.81,5
2024-05-16,West,Clothing,101.77,5
2023-01-23,West,Electronics,558.01,5
2023-10-22,North,Electronics,166.45,1
2023-02-25,South,Groceries,21.39,1
2023-09-15,West,Home & Garden,129.33,3
2024-12-29,West,Home & Garden,106.79,5
2023-12-23,East,Electronics,221.87,1
2023-06-13,south,Home & Garden,221.27,3
2023-07-23,East,Groceries,10.23,1
2023-06-01,East,Clothing,34.61,2
2024-09-01,West,Home & Garden,126.38,3
2024-08-27,East,Electronics,184.12,2
2024-05-18,West,Groceries,41.94,2
2024-05-05,Central,Clothing,32.16,4
2023-01-13,West,Clothing,57.17,5
2024-11-11,East,Clothing,117.54,3
2024-02-14,east,Toys,51.77,2
2024-07-04,Central,Home & Garden,33.33,4
2023-04-09,East,Electronics,408.06,4
2023-11-29,South,Toys,26.27,3
2023-04-07,East,Toys,56.75,3
2023-05-31,Central,Toys,29.73,3
2023-10-29,East,Electronics,884.43,5
2023-10-13,East,Toys,13.59,5
2024-08-29,West,Electronics,493.58,1
2024-10-27,West,Electronics,174.12,4
2024-04-03,East,Toys,24.23,1
2023-11-26,South,Toys,48.23,4
2023-05-02,Central,Home & Garden,229.08,2
2023-03-12,North,Electronics,764.43,1
2023-12-26,West,Groceries,47.86,4
2024-06-14,West,Home & Garden,104.07,4
2024-06-15,South,Clothing,68.39,2
2024-06-06,North,Clothing,44.15,5
2024-05-12,South,Home & Garden,246.67,5
2023-03-25,west,Electronics,245.33,4
2024-08-29,North,Toys,40.79,5
2024-12-31,West,Electronics,999.0,1
2023-05-02,West,Groceries,48.37,2
2024-05-15,South,Groceries,22.48,1
2023-03-13,West,Clothing,98.67,5
2024-02-10,South,Clothing,79.24,2
2024-05-07,West,Groceries,40.33,2
2023-01-01,Central,Clothing,86.43,1
2023-03-04,North,Toys,67.66,1
2024-04-16,North,Electronics,260.45,4
2024-03-31,East,Home & Garden,104.33,3
2023-01-25,North,Groceries,9.49,2
2023-12-13,South,Clothing,77.11,4
2023-10-06,East,Groceries,49.27,4
2023-12-26,Central,Groceries,58.96,5
2024-12-06,Central,Toys,85.67,3
2024-05-02,Central,Home & Garden,298.82,2
2024-10-14,South,Home & Garden,42.83,2
2024-07-09,West,Toys,71.38,5
2024-03-24,Central,Toys,52.33,3
2024-01-05,West,Clothing,47.69,2
2024-10-26,South,Clothing,94.19,4
2023-01-27,Central,Home & Garden,77.96,5
2024-08-07,Central,Groceries,7.02,5
2024-05-29,South,Toys,10.44,1
2023-08-09,West,Clothing,92.97,4
2023-01-12,South,Electronics,858.04,2
2023-08-03,West,Clothing,41.92,3
2024-02-15,South,Home & Garden,209.81,1
2023-10-22,Central,Toys,66.54,4
2024-02-23,West,Home & Garden,246.15,4
2024-08-16,Central,Groceries,58.15,3
2024-03-20,North,Toys,61.24,3
2023-09-02,South,Toys,64.5,5
2024-04-12,Central,Clothing,92.95,5
2024-02-19,South,Clothing,20.41,3
2023-08-29,North,Groceries,34.44,1
2024-10-15,South,Home & Garden,261.3,2
2023-05-06,West,Toys,40.98,2
2024-08-18,South,Toys,34.87,5
2024-03-12,North,Clothing,48.1,4
2024-03-18,South,Groceries,24.59,4
2023-12-16,Central,Electronics,1158.06,1
2024-06-19,East,Electronics,647.16,1
2024-08-12,West,Clothing,103.79,3
2023-08-15,Central,Groceries,29.05,5
2023-02-23,Central,Electronics,,4
2023-05-23,Central,Groceries,30.36,4
2023-09-17,Central,Clothing,114.6,4
2024-06-19,South,Groceries,10.5,3
2023-06-30,South,Electronics,198.0,3
2023-04-18,East,Home & Garden,170.58,3
2024-08-28,East,Home & Garden,232.53,1
2023-05-25,central,Electronics,435.98,4
2023-02-05,West,Electronics,561.64,5
2023-11-23,South,Groceries,48.52,4
2024-01-07,North,Groceries,16.32,2
2024-10-13,East,Toys,10.23,2
2024-01-23,East,Groceries,10.34,2
2023-12-31,West,Clothing,59.22,1
2024-08-05,North,Groceries,25.42,2
2023-05-02,North,Toys,46.68,5
2024-07-14,East,Clothing,26.29,4
2023-09-20,North,Electronics,664.29,2
2024-01-25,Central,Toys,67.27,3
2024-04-17,west,Toys,22.2,1
2023-12-04,East,Clothing,67.54,2
2023-11-19,North,Clothing,20.57,1
2024-09-29,Central,Home & Garden,186.27,4
2023-11-09,East,Home & Garden,180.33,2
2023-04-20,East,Toys,60.78,2
2024-01-11,West,Groceries,55.37,1
2024-07-14,West,Groceries,41.66,4
2024-02-03,East,Home & Garden,251.3,2
2023-03-31,East,Groceries,59.86,5
2023-08-20,East,Toys,69.27,5
2023-04-21,West,Clothing,87.13,3
2024-12-14,East,Electronics,967.39,4
2024-08-18,South,Home & Garden,142.41,4
2023-09-30,Central,Electronics,174.13,1
2024-07-01,Central,Toys,78.14,4
2024-08-20,North,Electronics,475.57,1
2024-09-20,North,Groceries,13.42,1
2023-06-09,West,Electronics,702.37,5
2024-05-30,South,Toys,18.98,3
2023-12-29,West,Toys,1982.0,4
2023-05-05,North,Clothing,52.05,1
2024-07-11,east,Toys,23.63,5
2023-10-10,East,Toys,30.92,2
2023-03-25,South,Electronics,666.16,1
2024-12-08,West,Electronics,258.78,3
2024-01-20,Central,Groceries,25.3,4
2023-11-22,South,Home & Garden,245.66,3
2024-06-28,Central,Toys,55.16,1
2023-01-17,West,Electronics,339.4,4
2023-06-07,West,Clothing,101.93,2
2024-11-12,Central,Home & Garden,168.75,2
2023-06-20,West,Electronics,303.82,2
2023-07-28,East,Toys,50.03,4
2023-06-14,West,Groceries,54.41,4
2024-09-12,North,Electronics,613.69,4
2024-01-12,South,Electronics,573.11,1
2024-10-03,Central,Clothing,100.46,2
2023-10-19,West,Groceries,43.11,2
2023-05-17,North,Home & Garden,48.67,5
2023-03-29,Central,Clothing,85.79,4
2024-06-27,West,Groceries,9.17,1
2024-11-14,North,Clothing,27.81,3
2023-04-07,Central,Toys,,2
2023-04-20,South,Toys,30.86,1
2023-11-11,West,Electronics,9722.75,3
2023-07-28,south,Home & Garden,143.11,4
2023-12-29,East,Electronics,906.68,2
2023-08-03,East,Toys,66.78,1
2023-01-16,West,Clothing,80.41,5
2024-10-13,West,Electronics,432.01,3
2023-08-16,East,Toys,59.68,3
2023-06-25,North,Electronics,293.04,1
2023-01-07,East,Clothing,22.97,1
2024-08-22,Central,Groceries,7.11,4
2023-07-02,Central,Clothing,48.55,1
2023-04-06,West,Toys,31.74,5
2023-07-08,South,Electronics,383.03,1
2023-05-02,South,Toys,27.01,3
2024-08-18,Central,Clothing,96.09,4
2024-07-05,West,Electronics,342.99,5
2024-11-28,North,Groceries,53.92,3
2023-02-24,South,Electronics,488.45,1
2024-12-10,Central,Home & Garden,81.61,1
2023-05-27,Central,Toys,63.55,3
2024-12-26,East,Clothing,99.91,3
2023-03-16,South,Clothing,104.41,3
2024-07-14,Central,Clothing,118.7,3
2023-11-05,North,Toys,66.18,5
2023-01-30,West,Toys,43.29,4
2024-05-23,Central,Electronics,847.12,2
2024-01-04,East,Home & Garden,97.97,2
2023-11-29,north,Clothing,84.32,3
2024-03-03,East,Clothing,,2
2023-06-11,North,Electronics,299.69,5
2023-01-12,West,Home & Garden,65.36,4
2023-05-09,East,Home & Garden,184.79,5
2023-04-29,West,Home & Garden,171.65,3
2023-05-16,North,Groceries,23.3,2
2023-03-25,North,Electronics,515.31,5
2024-08-05,Central,Groceries,59.6,5
2023-09-11,central,Home & Garden,77.06,1
2023-05-31,south,Groceries,19.48,1
2023-06-10,North,Toys,45.05,3
2024-03-03,North,Groceries,10.6,4
2024-10-02,West,Home & Garden,206.07,4
2023-10-05,Central,Home & Garden,201.61,1
2024-03-03,West,Home & Garden,225.71,4
2024-08-15,East,Clothing,100.83,3
2023-01-28,West,Electronics,492.18,2
2024-02-13,south,Clothing,84.17,5
2023-08-21,South,Home & Garden,82.74,1
2024-04-24,West,Clothing,30.32,2
2024-11-06,South,Home & Garden,54.66,1
2024-11-29,North,Clothing,61.25,3
2023-08-29,West,Clothing,110.72,3
2023-04-22,South,Groceries,,3
2023-11-03,North,Toys,12.49,2
2023-05-20,Central,Groceries,29.06,3
2023-12-31,East,Home & Garden,25.79,4
2024-07-22,Central,Clothing,26.7,5
2024-07-31,South,Clothing,105.0,4
2024-01-22,West,Clothing,49.92,5
2024-01-05,North,Electronics,166.06,1
2024-12-26,West,Groceries,7.75,1
2024-09-10,North,Toys,69.66,3
2023-07-06,South,Electronics,492.63,5
2024-01-27,East,Electronics,313.91,4
2024-08-24,East,Clothing,31.66,2
2024-02-28,Central,Toys,56.99,5
2024-09-21,East,Home & Garden,123.99,5
2023-02-08,West,Clothing,53.8,3
2023-07-28,Central,Clothing,85.42,3
2023-03-02,East,Home & Garden,,1
2023-09-07,East,Electronics,698.47,1
2024-07-09,West,Groceries,22.38,5
2024-11-15,South,Electronics,840.07,3
2024-08-15,North,Home & Garden,282.41,1
2023-12-18,West,Groceries,21.12,1
2024-05-30,West,Home & Garden,128.87,1
2024-10-15,East,Home & Garden,63.39,2
2024-12-01,North,Home & Garden,264.44,2
2024-10-24,West,Electronics,649.01,5
2024-04-14,Central,Clothing,119.56,1
2023-02-22,East,Clothing,87.97,5
2024-06-25,North,Electronics,393.31,4
2023-11-12,West,Groceries,23.2,4
2023-10-26,West,Clothing,28.52,4
2024-07-25,east,Home & Garden,135.28,3
2023-09-15,West,Home & Garden,147.86,5
2023-05-24,Central,Toys,52.39,1
2024-03-08,South,Toys,52.27,4
2023-01-03,Central,Electronics,281.94,4
2023-10-06,East,Toys,30.1,2
2023-07-05,North,Electronics,537.79,5
2023-03-09,East,Clothing,37.86,4
2023-12-21,South,Toys,62.31,2
2023-12-18,East,Home & Garden,72.91,5
2023-07-17,East,Groceries,57.44,1
2023-10-11,South,Home & Garden,151.7,2
2023-12-29,South,Electronics,1215.34,1
2024-11-27,north,Toys,26.43,1
2024-07-11,Central,Groceries,24.23,1
2023-01-21,Central,Toys,10.77,2
2024-09-06,Central,Home & Garden,214.28,3
2024-05-06,East,Electronics,191.3,3
2024-12-08,West,Toys,92.78,5
2024-12-06,West,Clothing,99.61,1
2024-06-19,West,Electronics,218.39,1
2023-04-24,West,Home & Garden,164.95,5
2023-10-24,Central,Electronics,792.62,3
2024-09-04,East,Clothing,80.85,3
2023-10-11,West,Electronics,352.13,5
2023-10-25,Central,Toys,21.01,2
2024-12-17,West,Clothing,73.3,1
2024-02-12,South,Home & Garden,71.56,4
2024-05-08,West,Electronics,338.86,1
2024-12-28,East,Toys,58.23,5
2024-03-25,West,Groceries,25.44,4
2023-12-21,East,Groceries,45.43,1
2023-05-11,North,Home & Garden,178.43,2
2024-02-27,South,Home & Garden,234.38,5
2024-03-17,South,Toys,74.55,1
2023-03-17,Central,Groceries,26.3,1
2023-12-12,North,Home & Garden,299.5,3
2023-04-16,South,Clothing,79.25,4
2023-05-05,East,Home & Garden,252.93,1
2024-02-02,South,Clothing,106.67,5
2024-09-27,South,Home & Garden,98.51,3
2023-11-21,Central,Groceries,35.69,4
2024-03-20,Central,Clothing,77.49,5
2023-07-23,West,Home & Garden,102.3,5
2023-04-28,Central,Groceries,14.74,4
2024-05-07,north,Groceries,40.87,3
2024-06-13,West,Groceries,11.95,5
2024-12-05,East,Electronics,346.13,3
2023-06-29,West,Groceries,20.69,3
2023-10-22,South,Groceries,16.24,5
2023-08-06,West,Home & Garden,230.25,5
2023-05-02,North,Groceries,26.75,2
2023-11-04,West,Clothing,103.2,3
2023-09-12,Central,Electronics,888.82,4
2023-03-20,Central,Home & Garden,112.96,4
2023-07-11,North,Electronics,311.59,4
2023-06-02,Central,Clothing,93.49,2
2023-05-04,East,Toys,77.4,5
2023-10-22,Central,Home & Garden,124.27,4
2024-11-23,Central,Electronics,486.36,1
2023-12-29,North,Groceries,34.09,1
2024-10-19,East,Electronics,210.73,3
2023-01-21,West,Clothing,62.71,4
2024-02-03,East,Groceries,50.56,4
2023-12-03,South,Clothing,57.91,5
2024-10-26,West,Home & Garden,283.4,3
2024-05-25,West,Toys,15.76,5
2024-02-22,South,Electronics,894.33,1
2023-12-31,East,Electronics,409.72,5
2023-03-09,South,Groceries,42.24,4
2023-01-04,South,Toys,43.14,1
2024-09-01,South,Toys,66.92,3
2023-11-02,Central,Groceries,14.04,3
2023-05-02,West,Toys,58.56,3
2024-07-02,West,Electronics,617.51,5
2024-10-23,South,Electronics,596.24,1
2024-04-24,East,Clothing,33.59,4
2023-04-07,West,Electronics,671.4,2
2024-03-07,East,Groceries,53.1,3
2024-03-14,West,Home & Garden,222.14,1
2024-06-18,West,Groceries,49.97,2
2023-04-07,South,Home & Garden,26.16,4
2024-05-16,Central,Toys,34.28,2
2024-05-24,East,Clothing,28.81,5
2024-05-13,South,Toys,36.25,1
2024-04-03,North,Home & Garden,260.52,2
2024-08-11,East,Home & Garden,175.75,1
2024-12-13,West,Electronics,298.66,4
2023-04-11,Central,Electronics,410.83,1
2024-06-19,Central,Clothing,78.61,2
2023-03-25,Central,Home & Garden,261.76,2
2023-05-26,West,Home & Garden,273.99,1
2024-06-20,Central,Clothing,85.49,3
2024-09-12,West,Toys,78.11,5
2024-07-12,East,Home & Garden,230.59,3
2023-08-10,Central,Toys,11.26,5
2024-11-20,West,Clothing,80.56,4
2024-05-24,West,Clothing,57.54,1
2023-12-24,South,Toys,27.94,2
2023-09-30,North,Toys,37.7,2
2023-01-07,West,Groceries,52.43,5
2024-08-04,North,Home & Garden,271.58,5
2024-05-21,East,Clothing,59.97,5
2024-05-16,East,Groceries,22.68,1
2023-10-07,North,Toys,13.28,3
2023-12-13,Central,Home & Garden,29.02,5
2023-09-19,west,Toys,75.64,4
2023-08-01,Central,Clothing,27.27,5
2023-11-30,North,Electronics,686.68,4
2023-06-21,East,Clothing,91.41,2
2024-10-17,central,Electronics,879.04,3
2023-02-06,East,Groceries,27.48,5
2024-02-08,East,Clothing,108.4,5
2023-02-26,North,Clothing,108.26,4
2024-05-25,West,Groceries,35.09,5
2024-11-28,West,Groceries,29.19,4
2024-05-27,West,Clothing,104.9,2
2023-03-08,East,Toys,63.2,4
2023-09-13,East,Electronics,361.87,3
2023-06-23,South,Home & Garden,33.36,5
2024-10-22,East,Groceries,11.76,3
2024-06-22,East,Toys,70.68,3
2023-05-30,West,Electronics,282.8,2
2023-10-08,West,Home & Garden,245.77,3
2024-05-31,North,Electronics,861.42,5
2024-11-15,East,Home & Garden,276.09,2
2023-09-23,West,Electronics,866.77,2
2023-05-17,West,Toys,52.23,4
2023-10-26,East,Electronics,440.33,1
2023-04-16,South,Electronics,258.96,5
2023-06-23,East,Groceries,56.36,2
2023-10-26,East,Toys,61.2,1
2023-02-01,Central,Home & Garden,47.96,2
2024-05-19,North,Groceries,52.64,3
2024-12-11,West,Electronics,935.99,3
2024-07-13,Central,Electronics,206.56,3
2024-06-09,West,Electronics,229.54,1
2023-08-26,West,Electronics,541.91,2
2024-09-01,West,Groceries,6.62,1
2023-11-05,West,Clothing,22.0,3
2024-10-14,East,Toys,44.17,2
2023-09-05,West,Home & Garden,158.44,1
2023-07-25,West,Clothing,43.27,3
2024-08-13,North,Electronics,841.69,1
2024-01-25,Central,Groceries,20.04,5
2023-01-13,Central,Groceries,14.19,4
2024-09-25,West,Home & Garden,260.26,4
2024-06-12,Central,Toys,17.75,3
2023-05-16,West,Electronics,282.85,5
2024-08-16,West,Clothing,79.12,4
2023-09-09,South,Electronics,867.29,4
2023-04-18,West,Clothing,80.29,4
2023-10-13,West,Home & Garden,62.31,4
2024-04-16,North,Electronics,448.14,4
2024-06-22,East,Groceries,7.4,3
2023-11-21,west,Toys,29.03,3
2024-04-03,South,Clothing,56.04,5
2023-05-10,West,Home & Garden,129.1,1
2024-12-06,East,Toys,48.18,2
2023-04-21,North,Clothing,90.77,5
2024-04-17,South,Groceries,25.37,1
2024-04-09,central,Electronics,,2
2024-06-21,Central,Groceries,30.01,4
2023-11-02,Central,Electronics,756.4,3
2023-05-01,North,Home & Garden,63.22,3
2023-05-21,South,Clothing,25.48,4
2024-11-01,Central,Clothing,70.24,1
2023-04-19,East,Home & Garden,279.82,3
2023-04-29,north,Home & Garden,210.02,2
2024-01-10,East,Toys,54.6,3
2023-12-15,Central,Electronics,561.56,1
2023-05-02,North,Clothing,108.81,3
2024-10-13,North,Electronics,842.13,5
2024-09-01,West,Electronics,360.38,2
2023-12-05,West,Toys,49.97,1
2023-05-30,North,Groceries,19.32,1
2024-10-06,North,Toys,68.13,2
2024-09-30,South,Toys,59.68,5
2023-01-15,West,Toys,73.83,2
2023-12-15,South,Clothing,46.25,5
2024-11-08,West,Home & Garden,69.39,4
2024-01-24,West,Electronics,169.25,4
2024-07-28,South,Home & Garden,138.82,4
2023-01-09,South,Clothing,31.1,5
2023-07-03,North,Electronics,621.48,2
2023-10-20,West,Toys,30.44,5
2023-11-12,South,Clothing,96.92,5
2024-10-08,South,Home & Garden,165.57,3
2024-05-10,North,Home & Garden,98.39,2
2024-07-12,West,Electronics,511.77,5
2024-09-12,North,Electronics,511.3,5
2023-12-02,South,Electronics,377.76,3
2023-07-01,West,Electronics,867.73,4
2023-12-16,West,Groceries,52.67,1
2023-09-28,East,Toys,45.62,5
2023-05-06,Central,Home & Garden,268.85,5
2023-05-17,South,Electronics,,2
2023-01-04,North,Groceries,34.85,5
2023-09-26,South,Home & Garden,84.98,3
2024-12-18,South,Electronics,1254.78,5
2024-02-10,North,Home & Garden,128.62,5
2023-11-07,East,Clothing,107.66,2
2023-06-27,North,Toys,76.11,2
2023-06-22,South,Clothing,70.25,4
2024-11-14,Central,Groceries,21.02,5
2024-10-25,East,Home & Garden,263.85,4
2023-09-01,North,Home & Garden,212.69,4
2024-03-27,South,Toys,63.25,5
2023-07-15,Central,Home & Garden,208.63,1
2023-11-24,North,Electronics,448.66,5
2023-04-14,North,Toys,14.29,1
2023-04-17,Central,Home & Garden,226.36,2
2023-02-24,South,Clothing,86.31,4
2023-09-13,South,Clothing,30.39,3
2023-01-05,West,Clothing,96.6,3
2024-10-30,South,Toys,63.67,4
2024-04-23,North,Electronics,462.37,5
2023-03-17,East,Home & Garden,174.76,1
2024-08-01,Central,Toys,25.15,3
2024-03-03,East,Toys,79.22,4
2023-08-02,South,Groceries,50.73,4
2024-09-27,West,Electronics,431.48,3
2024-01-23,South,Groceries,16.25,3
2023-11-26,Central,Electronics,583.49,2
2023-11-12,South,Toys,61.67,4
2023-11-19,Central,Groceries,17.31,2
2024-03-03,East,Electronics,811.96,1
2024-09-30,south,Home & Garden,122.51,1
2024-04-24,North,Clothing,90.07,1
2024-08-23,Central,Home & Garden,269.67,4
2023-07-02,East,Groceries,41.28,3
2023-11-29,West,Home & Garden,52.61,3
2024-04-09,North,Electronics,327.02,3
2024-09-29,North,Groceries,28.75,5
2024-07-19,South,Groceries,34.77,1
2024-01-15,Central,Clothing,113.1,3
2023-11-14,East,Electronics,892.37,1
2023-11-09,Central,Home & Garden,136.59,2
2024-09-20,West,Toys,63.04,1
2023-05-10,Central,Electronics,278.26,3
2023-05-26,West,Clothing,,5
2023-09-19,South,Toys,47.71,4
2024-03-10,East,Clothing,27.35,1
2023-04-24,East,Home & Garden,107.8,5
2024-08-29,West,Groceries,20.61,3
2023-08-29,Central,Home & Garden,180.34,3
2023-12-18,west,Electronics,811.4,4
2023-08-05,Central,Toys,11.7,4
2023-05-09,West,Home & Garden,237.09,3
2023-03-28,South,Clothing,31.64,4
2023-01-26,South,Clothing,87.06,4
2023-12-26,East,Electronics,330.05,4
2023-07-31,Central,Home & Garden,228.38,4
2024-11-06,west,Electronics,560.34,2
2023-11-28,north,Home & Garden,35.73,2
2023-10-16,Central,Groceries,18.33,2
2023-03-05,South,Electronics,331.2,1
2023-09-13,Central,Groceries,53.94,4
2023-03-30,East,Electronics,368.56,5
2023-11-25,North,Toys,46.1,1
2024-12-05,Central,Toys,54.0,3
2023-05-17,North,Electronics,470.01,1
2023-12-04,Central,Home & Garden,56.22,2
2023-03-28,West,Electronics,641.08,3
2024-03-25,North,Toys,26.63,1
2023-03-30,North,Toys,79.92,4
2024-07-13,South,Toys,33.09,5
2023-08-08,East,Home & Garden,114.36,4
2024-01-24,North,Toys,74.87,4
2024-10-22,East,Toys,64.53,5
2023-04-06,South,Electronics,512.05,4
2024-01-13,North,Toys,79.21,4
2024-07-28,South,Clothing,108.37,2
2023-10-18,East,Toys,21.64,2
2023-11-20,East,Home & Garden,50.22,1
2023-05-14,Central,Home & Garden,240.83,5
2024-07-23,South,Home & Garden,52.61,5
2024-07-07,East,Electronics,244.87,3
2023-08-08,West,Clothing,115.08,3
2024-07-20,Central,Toys,21.31,4
2024-07-26,South,Groceries,56.69,2
2023-02-04,North,Groceries,45.09,1
2023-09-08,East,Home & Garden,197.27,1
2024-09-07,South,Electronics,635.69,2
2023-02-19,West,Electronics,181.47,2
2023-06-17,North,Toys,19.43,1
2023-06-21,Central,Home & Garden,77.47,1
2024-06-18,West,Groceries,47.65,3
2023-05-13,north,Groceries,19.89,5
2023-01-30,Central,Home & Garden,85.81,3
2023-10-01,North,Groceries,7.2,4
2024-05-15,Central,Home & Garden,127.11,3
2024-09-21,south,Electronics,588.19,2
2024-02-08,East,Toys,23.57,5
2023-10-17,Central,Home & Garden,136.03,5
2023-08-03,North,Toys,22.97,5
2023-04-25,North,Groceries,21.76,2
2024-10-17,Central,Home & Garden,283.77,4
2023-10-13,South,Groceries,41.9,5
2023-12-08,East,Groceries,,5
2024-06-12,North,Electronics,198.9,4
2023-01-30,South,Groceries,39.79,5
2023-06-25,West,Electronics,578.96,1
2024-06-14,East,Toys,53.44,3
2023-04-12,central,Home & Garden,299.69,3
2023-05-03,North,Home & Garden,188.04,3
2024-04-12,West,Toys,20.31,3
2024-12-05,South,Home & Garden,165.04,2
2024-01-19,North,Toys,20.14,5
2023-04-04,South,Electronics,870.84,3
2023-09-18,North,Toys,48.01,4
2024-05-17,South,Clothing,22.39,1
2023-11-04,Central,Electronics,679.46,3
2024-12-26,Central,Clothing,113.7,5
2023-10-05,East,Groceries,10.18,1
2023-09-03,South,Clothing,104.29,1
2024-03-27,East,Home & Garden,242.09,2
2024-09-09,central,Home & Garden,113.71,3
2023-02-14,West,Clothing,18.06,4
2024-01-14,South,Electronics,371.51,5
2024-04-17,South,Home & Garden,88.62,5
2024-06-05,North,Groceries,59.36,3
2023-06-17,West,Clothing,119.45,2
2024-07-25,East,Electronics,422.8,2
2024-01-06,East,Clothing,28.92,2
2023-01-31,Central,Toys,17.07,2
2023-04-25,Central,Electronics,556.77,4
2024-07-01,Central,Clothing,45.85,4
2023-12-13,West,Home & Garden,231.32,4
2024-02-25,West,Groceries,47.91,3
2023-02-07,north,Electronics,460.65,2
2023-08-31,East,Electronics,355.66,5
2024-01-21,Central,Groceries,10.1,5
2023-10-04,Central,Groceries,13.8,2
2024-06-12,East,Electronics,673.62,2
2023-06-10,East,Clothing,83.46,2
2024-01-04,West,Toys,13.2,3
2023-12-31,West,Clothing,76.08,3
2023-06-30,North,Clothing,118.51,4
2023-11-05,Central,Home & Garden,232.29,5
2024-02-29,east,Groceries,37.43,1
2024-12-30,East,Clothing,66.13,5
2024-12-27,East,Electronics,930.37,2
2024-04-29,East,Toys,50.61,2
2024-11-21,East,Groceries,9.84,3
2024-04-28,West,Home & Garden,148.84,2
2023-05-29,Central,Electronics,189.35,1
2023-01-19,North,Groceries,13.41,1
2024-09-22,Central,Home & Garden,293.03,3
2023-10-19,North,Toys,35.49,3
2024-06-28,East,Clothing,107.64,1
2023-09-15,East,Toys,63.21,4
2023-05-10,North,Toys,53.4,1
2024-09-21,Central,Home & Garden,47.44,2
2023-06-11,Central,Electronics,438.31,5
2024-09-29,West,Groceries,48.03,3
2024-10-23,Central,Electronics,895.45,1
2023-04-25,East,Groceries,34.56,4
2024-01-06,North,Toys,51.69,5
2024-10-20,East,Groceries,19.43,3
2023-09-11,Central,Home & Garden,122.15,5
2023-07-19,Central,Electronics,200.57,4
2023-02-13,North,Clothing,99.1,5
2023-08-23,West,Groceries,57.3,1
2023-12-05,East,Home & Garden,94.8,4
2023-07-01,North,Toys,11.68,3
2023-09-02,West,Toys,49.15,1
2024-09-18,North,Home & Garden,69.9,4
2023-06-28,North,Groceries,,3
2023-08-01,East,Clothing,45.76,2
2023-08-12,East,Groceries,12.54,2
2024-02-25,East,Groceries,59.96,3
2023-02-12,East,Electronics,308.09,2
2023-03-09,South,Home & Garden,208.39,4
2024-02-12,East,Home & Garden,121.38,3
2024-05-05,Central,Electronics,256.66,3
2024-09-03,Central,Toys,47.09,3
2024-10-04,East,Electronics,182.43,1
2024-07-10,Central,Clothing,74.77,3
2023-02-20,Central,Clothing,46.02,4
2023-10-08,West,Groceries,40.31,5
2024-01-20,West,Electronics,416.31,3
2024-12-31,North,Clothing,19.26,3
2023-07-23,North,Clothing,32.15,2
2023-11-03,Central,Toys,62.26,2
2024-02-02,West,Electronics,276.92,2
2024-03-21,West,Home & Garden,41.82,4
2023-01-23,East,Electronics,627.37,3
2024-02-28,Central,Toys,11.11,4
2023-09-01,Central,Toys,,1
2024-03-04,North,Groceries,55.67,2
2023-06-20,West,Toys,11.28,2
2023-01-26,South,Clothing,99.52,4
2023-03-25,West,Toys,19.17,3
2023-09-25,Central,Groceries,34.74,4
2023-06-10,South,Electronics,,1
2024-01-04,Central,Groceries,27.92,5
2023-11-01,Central,Groceries,32.01,1
2023-04-29,East,Electronics,248.34,3
2023-11-22,Central,Groceries,48.25,4
2024-01-02,Central,Clothing,90.97,1
2023-08-04,North,Home & Garden,107.61,3
2024-09-24,East,Clothing,42.54,1
2024-06-24,Central,Groceries,40.63,1
2024-09-17,central,Toys,20.57,2
2024-02-24,East,Home & Garden,135.56,5
2023-07-26,West,Clothing,21.52,3
2023-08-24,East,Toys,34.84,4
2024-12-03,Central,Toys,101.21,5
2023-04-25,East,Groceries,47.27,4
2023-02-10,South,Home & Garden,167.75,3
2024-03-02,West,Electronics,355.99,3
2023-04-06,West,Groceries,15.94,3
2024-12-07,North,Home & Garden,286.1,2
2023-07-05,North,Groceries,22.23,2
2024-01-05,South,Groceries,47.25,2
2024-07-04,South,Home & Garden,279.39,5
2023-04-24,East,Home & Garden,112.1,5
2024-07-29,South,Clothing,112.38,4
2024-10-18,Central,Toys,71.12,1
2023-09-05,Central,Electronics,633.52,4
2024-02-28,south,Clothing,98.96,4
2023-11-13,North,Toys,40.41,2
2024-04-03,East,Home & Garden,238.76,1
2023-05-16,South,Clothing,118.61,2
2023-03-03,Central,Toys,30.36,2
2024-10-04,North,Electronics,225.33,2
2023-12-02,Central,Clothing,107.54,3
2024-12-17,West,Toys,83.65,1
2023-05-03,East,Clothing,63.49,2
2023-07-26,South,Clothing,104.17,4
2023-11-15,East,Clothing,26.54,3
2023-01-07,Central,Clothing,57.37,5
2023-11-26,South,Groceries,46.45,2
2023-10-17,West,Groceries,19.07,3
2024-02-19,east,Home & Garden,205.06,1
2024-04-09,South,Clothing,23.09,2
2023-10-01,East,Home & Garden,23.29,5
2024-04-02,Central,Clothing,119.15,2
2023-11-19,Central,Groceries,40.96,2
2023-09-06,East,Home & Garden,,1
2023-10-05,West,Home & Garden,233.29,1
2024-04-17,East,Home & Garden,258.86,3
2023-07-05,East,Home & Garden,267.48,1
2024-06-03,West,Toys,28.68,4
2023-10-09,West,Clothing,74.21,4
2023-05-20,South,Electronics,190.0,5
2024-04-20,East,Home & Garden,161.67,1
2024-05-13,Central,Groceries,15.42,3
2023-02-04,North,Groceries,29.07,4
2023-03-22,Central,Toys,32.62,2
2023-02-17,West,Toys,54.36,4
2024-03-21,East,Groceries,15.13,5
2024-04-25,West,Toys,20.04,3
2024-06-21,North,Home & Garden,68.13,3
2024-04-16,West,Toys,65.8,2
2024-08-05,Central,Groceries,49.61,1
2023-02-14,East,Home & Garden,214.13,3
2024-09-27,South,Toys,11.35,4
2023-12-16,South,Clothing,103.82,4
2024-12-01,East,Home & Garden,250.28,3
2024-06-21,Central,Groceries,30.84,5
2023-11-09,North,Toys,46.14,5
2023-06-27,North,Electronics,176.04,1
2023-10-07,Central,Clothing,71.76,2
2023-10-16,North,Toys,61.9,3
2024-05-12,Central,Toys,28.28,4
2024-09-14,east,Groceries,11.79,1
2023-04-09,West,Toys,73.55,3
2024-01-23,West,Toys,14.36,2
2024-08-07,Central,Clothing,,1
2023-01-07,North,Groceries,24.7,2
2023-11-07,North,Clothing,24.17,5
2023-04-29,West,Home & Garden,136.78,4
2023-10-23,East,Groceries,18.45,1
2023-03-26,North,Toys,45.64,1
2024-08-10,North,Electronics,801.38,4
2023-05-26,East,Toys,62.06,2
2023-03-04,Central,Clothing,71.23,2
2023-07-02,North,Groceries,25.4,4
2024-02-11,South,Home & Garden,297.57,5
2023-10-31,Central,Toys,52.31,1
2023-05-25,East,Clothing,33.29,1
2024-09-09,South,Home & Garden,57.6,1
2024-07-16,West,Home & Garden,137.57,5
2024-07-17,Central,Clothing,54.25,4
2023-11-09,Central,Toys,36.03,3
2023-08-26,South,Home & Garden,152.12,4
2023-10-27,north,Groceries,28.19,5
2023-06-20,North,Clothing,101.35,4
2024-08-31,east,Clothing,39.98,1
2024-03-27,North,Groceries,45.79,4
2023-04-15,East,Electronics,154.45,1
2023-06-25,East,Home & Garden,76.14,1
2024-06-24,North,Groceries,48.79,5
2024-02-22,North,Home & Garden,101.43,2
2023-04-15,South,Groceries,45.28,2
2023-12-10,North,Groceries,43.35,1
2023-09-04,South,Toys,13.56,4
2024-12-11,West,Electronics,763.61,1
2024-04-28,West,Clothing,84.21,4
2024-10-08,South,Toys,23.41,1
2023-08-03,East,Clothing,,4
2023-04-21,West,Toys,27.94,1
2023-04-22,West,Groceries,7.43,5
2024-10-27,Central,Electronics,204.96,2
2024-05-22,central,Toys,21.51,5
2023-12-11,Central,Groceries,17.68,4
2023-06-13,East,Electronics,410.38,4
2023-10-14,South,Home & Garden,107.15,5
2024-11-22,Central,Home & Garden,236.42,3
2023-11-04,West,Toys,14.74,3
2024-11-29,West,Toys,56.21,1
2023-11-30,North,Groceries,,3
2024-03-21,North,Toys,24.01,3
2024-07-20,South,Electronics,419.42,1
2023-07-03,North,Toys,62.97,5
2023-09-19,East,Clothing,83.04,1
2023-04-07,East,Clothing,38.5,2
2024-06-20,North,Toys,53.61,4
2024-05-19,East,Home & Garden,285.56,5
2024-05-17,East,Home & Garden,95.52,3
2024-06-03,West,Clothing,79.78,3
2023-02-27,West,Toys,71.08,2
2024-03-29,North,Home & Garden,176.56,4
2023-03-14,Central,Groceries,37.09,5
2024-02-27,North,Home & Garden,89.25,1
2024-05-24,South,Clothing,51.64,2
2024-05-08,East,Home & Garden,,1
2023-06-05,East,Home & Garden,120.61,2
2024-01-13,East,Electronics,594.83,3
2023-06-23,North,Home & Garden,274.28,4
2024-02-03,Central,Groceries,49.07,4
2023-01-02,East,Home & Garden,198.52,3
2023-08-03,South,Home & Garden,293.84,3
2023-01-26,East,Electronics,377.96,4
2023-11-06,South,Home & Garden,178.31,2
2023-10-18,Central,Electronics,179.94,5
2024-09-06,South,Home & Garden,,1
2023-10-03,East,Groceries,18.69,5
2023-08-24,East,Groceries,47.0,5
2023-07-03,West,Toys,22.32,3
2023-04-04,West,Toys,11.83,5
2023-10-24,North,Clothing,102.82,5
2024-11-11,North,Clothing,46.83,5
2024-06-20,South,Clothing,108.88,4
2024-04-08,West,Toys,18.42,2
2023-12-05,North,Groceries,13.78,3
2023-11-27,North,Groceries,56.53,4
2024-01-13,West,Electronics,411.32,2
2024-05-06,North,Toys,42.94,1
2023-07-13,South,Home & Garden,123.24,2
2024-09-12,West,Clothing,78.51,4
2024-11-05,Central,Clothing,22.28,5
2024-04-15,East,Electronics,353.37,4
2024-05-27,West,Clothing,74.88,4
2023-02-10,Central,Home & Garden,251.45,4
2023-06-13,East,Clothing,24.42,4
2023-04-13,Central,Home & Garden,90.9,4
2023-08-25,West,Electronics,413.35,5
2023-02-20,North,Electronics,160.93,3
2023-05-25,South,Electronics,758.0,5
2024-01-20,Central,Home & Garden,138.56,2
2023-08-01,Central,Groceries,36.68,3
2023-03-14,East,Electronics,391.15,4
2024-02-04,South,Groceries,40.62,4
2023-01-13,East,Groceries,48.89,5
2024-04-25,South,Home & Garden,137.1,5
2024-02-17,South,Clothing,76.85,5
2024-12-26,East,Home & Garden,137.99,5
2023-08-21,West,Electronics,774.89,2
2024-09-05,East,Toys,74.87,5
2024-01-05,South,Toys,62.07,5
2023-03-29,Central,Electronics,214.43,2
2023-01-31,West,Electronics,212.04,4
2024-07-16,West,Electronics,,4
2024-02-26,East,Clothing,68.74,5
2024-12-24,South,Home & Garden,24.86,5
2024-07-27,East,Toys,35.39,1
2024-11-02,Central,Clothing,47.13,5
2024-11-05,East,Toys,64.02,2
2024-03-20,South,Electronics,550.9,4
2023-06-17,West,Clothing,63.76,1
2023-08-19,South,Electronics,859.8,1
2024-11-20,South,Groceries,42.88,4
2023-09-11,South,Home & Garden,259.37,5
2024-04-16,North,Electronics,759.07,5
2024-01-16,West,Clothing,72.71,2
2023-07-21,North,Toys,27.55,4
2023-10-15,West,Clothing,70.62,5
2024-09-12,Central,Home & Garden,254.81,4
2024-05-01,East,Electronics,733.57,4
2023-03-15,South,Groceries,24.52,1
2023-12-10,West,Toys,103.95,3
2023-01-08,South,Home & Garden,139.12,1
2024-11-25,East,Clothing,100.81,3
2023-10-04,West,Electronics,164.52,5
2023-03-06,north,Home & Garden,94.36,2
2024-02-17,East,Electronics,858.97,4
2024-08-22,East,Toys,72.07,2
2023-04-09,Central,Groceries,33.74,2
2023-12-04,East,Groceries,,3
2023-09-02,North,Toys,77.38,3
2024-06-11,Central,Home & Garden,94.32,2
2024-01-23,South,Clothing,109.05,2
2023-01-03,West,Electronics,206.51,5
2024-03-30,Central,Groceries,28.83,5
2023-09-22,South,Clothing,42.07,1
2024-03-30,Central,Electronics,438.48,1
2024-07-04,West,Home & Garden,81.23,1
2024-01-07,East,Groceries,5.83,1
2024-04-12,Central,Home & Garden,30.13,1
2024-12-31,North,Groceries,29.76,1
2024-04-08,East,Electronics,391.05,3
2024-02-29,West,Home & Garden,176.67,3
2024-08-14,West,Clothing,62.62,2
2024-09-14,East,Toys,26.06,4
2024-06-14,West,Electronics,389.49,1
2024-08-16,South,Electronics,663.22,1
2023-01-08,East,Clothing,51.63,1
2024-12-10,Central,Groceries,57.32,3
2023-09-29,West,Groceries,34.38,1
2023-01-18,North,Toys,49.69,1
2023-05-14,Central,Groceries,46.83,1
2023-02-20,South,Home & Garden,281.91,2
2023-11-18,Central,Groceries,9.83,4
2023-02-15,Central,Home & Garden,157.91,5
2023-10-13,Central,Clothing,37.57,4
2023-06-26,South,Electronics,705.61,5
2023-10-12,North,Home & Garden,294.24,2
2024-01-29,East,Clothing,29.88,1
2024-09-20,East,Groceries,58.56,5
2024-07-22,East,Electronics,318.84,2
2023-05-27,West,Home & Garden,25.13,1
2024-12-15,West,Clothing,39.31,3
2023-02-22,East,Electronics,351.6,4
2023-09-02,South,Toys,45.5,1
2024-01-22,Central,Home & Garden,87.9,3
2023-08-29,West,Toys,22.67,4
2023-04-29,West,Electronics,179.59,4
2023-10-01,West,Electronics,305.93,4
2024-09-23,East,Electronics,503.18,2
2023-04-02,South,Clothing,113.06,1
2023-12-07,East,Groceries,23.46,3
2024-02-14,east,Toys,76.5,5
2023-01-11,South,Toys,38.18,1
2024-05-25,North,Electronics,309.45,4
2024-01-15,Central,Clothing,17.98,2
2023-01-22,North,Home & Garden,192.2,1
2024-01-11,North,Home & Garden,223.2,2
2024-09-15,East,Clothing,63.23,2
2023-09-23,South,Home & Garden,98.31,4
2023-07-24,East,Home & Garden,268.36,5
2023-08-15,North,Electronics,172.36,5
2024-07-17,South,Toys,12.79,5
2024-04-21,Central,Clothing,85.13,1
2023-07-05,North,Clothing,81.04,2
2024-10-18,South,Home & Garden,38.97,3
2023-05-22,West,Groceries,50.68,1
2024-08-02,East,Groceries,15.97,1
2024-12-08,West,Clothing,108.61,2
2024-09-06,South,Electronics,441.28,1
2024-01-01,Central,Clothing,23.96,3
2024-03-29,West,Home & Garden,104.57,1
2024-04-14,East,Groceries,43.16,4
2023-02-04,North,Groceries,43.35,3
2023-12-08,West,Home & Garden,58.47,3
2024-11-21,East,Electronics,683.26,1
2024-05-09,West,Toys,39.28,3
2024-03-07,West,Electronics,792.9,5
2024-05-07,East,Clothing,72.83,3
2023-07-30,North,Toys,43.71,5
2024-08-30,South,Toys,21.35,1
2023-01-17,North,Home & Garden,186.03,1
2024-09-10,West,Home & Garden,155.3,1
2024-03-11,East,Groceries,18.74,2
2024-03-25,North,Clothing,58.0,5
2024-02-28,West,Electronics,638.58,4
2023-05-03,South,Groceries,18.56,4
2024-11-05,East,Home & Garden,34.33,1
2023-02-20,Central,Clothing,107.77,2
2023-08-17,North,Toys,39.0,5
2024-05-23,Central,Clothing,56.69,2
2023-05-18,Central,Toys,30.76,3
2023-04-22,South,Electronics,313.09,4
2023-03-07,South,Clothing,60.86,3
2024-06-24,South,Home & Garden,51.71,1
2023-03-21,East,Toys,51.39,3
2023-08-25,North,Toys,36.37,4
2023-12-24,North,Clothing,117.9,1
2023-10-11,North,Electronics,588.7,3
2023-09-01,South,Groceries,15.64,4
2024-02-07,east,Groceries,43.26,1
2023-06-30,East,Electronics,649.03,3
2023-09-19,East,Groceries,10.76,2
2023-09-20,East,Electronics,206.39,5
2024-05-26,East,Groceries,30.97,5
2023-08-27,east,Electronics,568.99,4
2023-05-01,East,Home & Garden,151.9,1
2023-07-06,West,Electronics,174.97,1
2024-02-25,North,Groceries,29.51,3
2024-12-29,north,Groceries,55.02,5
2023-01-03,East,Home & Garden,26.81,1
2023-09-08,Central,Electronics,560.39,2
2023-03-20,East,Clothing,66.93,3
2024-06-20,Central,Electronics,670.45,4
2024-03-01,East,Clothing,30.4,1
2023-10-10,East,Toys,26.97,1
2024-08-21,North,Home & Garden,270.26,2
2024-06-27,Central,Toys,76.86,3
2023-11-18,North,Groceries,24.44,2
2024-01-30,East,Clothing,81.7,2
2024-10-10,East,Electronics,388.98,3
2023-01-02,North,Home & Garden,112.65,5
2024-11-13,Central,Home & Garden,54.7,2
2023-11-11,West,Groceries,17.32,4
2024-04-08,South,Electronics,161.53,2
2023-01-07,Central,Home & Garden,148.62,1
2024-09-18,South,Clothing,103.77,1
2024-07-28,South,Groceries,37.04,1
2023-01-30,Central,Home & Garden,204.39,1
2024-02-04,South,Toys,36.69,2
2024-11-29,West,Groceries,6.8,2
2023-10-25,South,Clothing,25.44,1
2024-09-24,East,Home & Garden,164.95,1
2024-08-09,North,Toys,40.57,5
2023-09-09,Central,Clothing,63.27,3
2023-06-29,North,Toys,63.81,3
2023-01-30,North,Clothing,47.75,3
2024-03-24,South,Electronics,420.44,2
2023-03-28,South,Clothing,89.96,2
2023-10-25,East,Groceries,53.99,3
2023-08-18,West,Electronics,714.04,2
2024-07-26,Central,Home & Garden,179.67,2
2024-08-04,West,Home & Garden,88.53,2
2023-12-31,East,Clothing,18.5,5
2024-08-18,South,Home & Garden,177.73,5
2024-05-27,North,Toys,61.58,5
2024-11-23,East,Electronics,389.78,2
2024-05-22,East,Electronics,826.63,5
2024-12-19,East,Clothing,29.63,1
2024-05-01,West,Clothing,34.0,5
2023-09-28,North,Groceries,56.6,2
2024-08-23,East,Toys,11.52,4
2024-07-08,North,Clothing,84.9,5
2023-05-09,South,Home & Garden,23.72,3
2024-04-18,South,Home & Garden,214.77,5
2023-01-18,East,Toys,72.86,1
2024-11-28,Central,Groceries,24.36,4
2023-04-19,North,Toys,41.14,1
2023-02-06,South,Clothing,81.99,2
2024-05-18,East,Toys,22.67,2
2024-03-09,East,Electronics,671.62,1
2024-09-28,North,Toys,45.28,5
2024-10-21,South,Toys,58.38,2
2024-10-01,West,Home & Garden,207.38,2
2024-09-28,South,Clothing,86.31,2
2024-01-30,West,Toys,25.19,5
2023-03-18,East,Clothing,72.44,2
2024-07-15,South,Groceries,32.1,2
2023-04-03,West,Groceries,28.65,4
2024-06-11,East,Clothing,71.4,5
2023-12-14,South,Groceries,48.17,3
2024-10-15,east,Clothing,79.21,5
2024-11-10,West,Groceries,45.7,5
2024-09-29,West,Groceries,55.66,5
2023-01-07,Central,Clothing,19.13,1
2023-03-11,North,Electronics,482.02,3
2023-06-30,North,Home & Garden,281.82,1
2024-05-05,North,Groceries,57.86,4
2023-04-27,North,Home & Garden,293.75,2
2023-02-04,North,Home & Garden,285.78,1
2023-04-25,Central,Home & Garden,,1
2023-02-07,South,Home & Garden,205.98,3
2024-11-06,East,Toys,15.53,2
2024-01-02,North,Home & Garden,254.16,1
2024-06-29,North,Groceries,11.67,2
2023-02-04,East,Toys,49.21,1
2024-10-03,North,Groceries,,3
2024-01-12,South,Toys,57.11,4
2024-12-28,Central,Toys,101.42,5
2024-10-16,South,Toys,39.79,1
2023-04-09,Central,Toys,44.93,2
2023-01-21,Central,Clothing,85.8,2
2024-02-21,South,Clothing,46.13,4
2024-05-02,South,Groceries,53.1,2
2023-05-18,West,Toys,71.38,3
2023-05-22,South,Clothing,113.78,1
2024-06-13,North,Clothing,98.48,3
2023-11-30,Central,Home & Garden,168.87,2
2024-11-11,Central,Home & Garden,185.82,4
2023-01-09,Central,Toys,26.05,4
2024-05-02,Central,Groceries,57.2,1
2023-07-06,South,Electronics,716.62,5
2023-02-04,North,Electronics,279.07,1
2024-08-24,North,Groceries,13.87,1
2024-08-12,Central,Clothing,118.78,5
2023-03-20,East,Toys,72.9,2
2024-11-09,West,Home & Garden,251.83,5
2024-02-26,Central,Home & Garden,274.61,3
2023-06-25,East,Home & Garden,20.95,5
2023-03-31,West,Toys,56.86,5
2024-05-11,North,Electronics,245.65,5
2023-12-26,Central,Home & Garden,290.21,4
2024-06-20,South,Groceries,57.18,1
2024-12-02,East,Clothing,33.0,1
2024-08-30,South,Home & Garden,78.12,4
2024-06-23,Central,Toys,,5
2024-10-03,West,Electronics,582.14,4
2024-04-02,West,Clothing,113.98,5
2023-12-08,Central,Groceries,22.69,4
2023-04-26,North,Clothing,75.88,2
2023-08-08,South,Clothing,71.03,5
2024-11-14,North,Clothing,17.36,5
2023-09-20,Central,Clothing,15.38,2
2023-03-19,South,Electronics,335.86,1
2024-11-14,West,Toys,43.21,1
2024-08-13,East,Home & Garden,206.24,3
2023-05-25,East,Groceries,6.59,5
2023-07-13,North,Toys,70.38,5
2023-06-05,East,Home & Garden,29.41,2
2024-06-08,South,Groceries,57.42,1
2023-11-26,West,Electronics,518.19,4
2024-12-18,South,Electronics,1254.78,5
2023-03-12,East,Groceries,41.63,5
2024-01-10,West,Groceries,59.07,1
2024-12-17,South,Electronics,1110.87,1
2024-03-10,Central,Toys,40.51,4
2024-07-19,East,Electronics,441.65,2
2024-03-23,South,Home & Garden,54.17,4
2023-08-10,Central,Electronics,395.61,3
2023-10-16,South,Toys,41.7,3
2023-07-20,North,Home & Garden,160.27,2
2024-02-27,South,Clothing,87.35,3
2024-04-18,South,Electronics,591.23,4
2024-08-03,East,Home & Garden,196.18,1
2023-04-02,South,Home & Garden,256.43,2
2024-09-26,West,Clothing,20.06,2
2023-12-24,west,Toys,35.32,5
2023-01-08,East,Clothing,51.63,1
2024-02-04,South,Groceries,53.59,3
2023-10-25,west,Groceries,18.8,4
2023-08-03,West,Clothing,79.7,4
2024-12-21,East,Toys,68.84,4
2024-02-25,West,Home & Garden,232.51,5
2023-07-12,West,Electronics,875.44,4
2023-11-20,West,Groceries,44.06,4
2024-06-22,Central,Toys,75.79,5
2024-02-06,North,Toys,79.49,4
2024-10-18,Central,Electronics,677.67,4
2024-01-08,West,Home & Garden,126.77,4
2024-10-27,East,Electronics,720.72,3
2024-04-02,South,Toys,68.96,2
2023-02-16,South,Toys,79.48,2
2024-10-08,South,Toys,61.22,5
2023-12-21,South,Home & Garden,55.87,4
2023-10-10,South,Clothing,92.51,1
2023-05-09,North,Groceries,30.36,1
2024-05-24,West,Groceries,36.54,5
2023-06-15,Central,Toys,50.96,1
2024-10-11,east,Home & Garden,66.85,5
2024-08-19,Central,Electronics,310.85,2
2024-05-01,West,Groceries,39.76,3
2024-04-07,West,Clothing,101.81,3
2024-11-07,South,Clothing,86.74,5
2023-06-24,North,Clothing,43.51,3
2023-07-04,East,Groceries,17.61,2
2024-03-24,South,Groceries,46.43,2
2023-01-29,East,Groceries,25.35,4
2024-11-19,South,Clothing,72.07,5
2023-10-28,South,Electronics,295.02,4
2024-11-07,North,Groceries,36.22,1
2024-10-24,North,Electronics,206.77,1
2023-08-28,East,Clothing,2861.0,5
2024-03-11,Central,Toys,42.78,3
2023-08-29,Central,Toys,50.58,5
2023-11-18,West,Electronics,880.43,4
2024-02-08,Central,Groceries,42.33,2
2023-07-27,north,Home & Garden,235.06,5
2024-06-12,East,Groceries,20.84,4
2024-09-07,North,Groceries,31.34,1
2023-04-19,East,Clothing,74.49,5
2024-04-20,Central,Groceries,53.62,5
2024-07-25,East,Toys,31.09,5
2023-12-18,East,Electronics,1167.35,4
2024-09-11,Central,Electronics,657.44,5
2024-07-18,Central,Clothing,32.45,2
2024-09-12,West,Toys,71.69,1
2023-03-08,East,Toys,70.85,3
2024-07-01,East,Electronics,567.68,1
2023-05-28,Central,Toys,46.41,3
2023-01-22,South,Clothing,19.59,1
2024-07-20,East,Groceries,28.67,1
2024-05-19,South,Electronics,456.56,3
2023-04-23,West,Groceries,41.97,3
2023-12-21,North,Toys,59.86,2
2024-12-05,East,Clothing,103.96,2
2024-05-13,West,Groceries,6.38,3
2023-01-29,Central,Clothing,108.28,4
2023-06-25,South,Toys,12.84,1
2024-06-01,South,Electronics,218.97,1
2024-12-02,South,Clothing,36.11,3
2023-05-14,North,Home & Garden,241.53,2
2024-03-31,East,Home & Garden,120.09,5
2023-07-08,South,Electronics,,1
2024-10-05,East,Groceries,33.76,5
2023-02-05,Central,Home & Garden,285.09,2
2023-11-07,West,Home & Garden,21.34,2
2023-02-17,North,Clothing,72.56,3
2023-11-26,East,Toys,53.78,4
2024-08-14,North,Groceries,14.44,1
2023-02-18,South,Clothing,44.17,1
2024-08-07,Central,Electronics,687.32,2
2023-09-25,South,Toys,46.28,1
2024-01-08,central,Home & Garden,149.96,5
2023-11-08,Central,Toys,45.36,4
2024-04-26,east,Toys,43.34,2
2023-03-22,Central,Electronics,599.16,4
2023-04-24,West,Clothing,70.86,1
2023-05-22,South,Groceries,34.54,4
2024-01-16,South,Toys,,4
2024-04-17,south,Home & Garden,57.43,2
2023-01-04,South,Clothing,67.83,1
2023-06-07,North,Home & Garden,,4
2023-09-26,Central,Clothing,48.36,5
2024-04-23,West,Groceries,5.56,2
2024-12-17,south,Electronics,1224.67,3
2024-05-29,east,Home & Garden,38.1,2
2024-04-01,South,Electronics,828.94,2
2024-02-26,North,Home & Garden,80.69,5
2023-07-27,South,Home & Garden,31.68,4
2024-10-20,East,Clothing,114.02,5
2023-07-05,North,Clothing,87.5,2
2023-09-19,West,Clothing,28.8,5
2023-08-24,Central,Toys,64.1,3
2023-04-24,Central,Groceries,35.36,4
2024-11-06,East,Clothing,51.37,5
2023-10-25,West,Electronics,834.28,1
2024-07-06,Central,Clothing,19.77,1
2023-05-12,East,Toys,67.85,2
2023-04-22,South,Home & Garden,40.24,4
2023-08-09,North,Groceries,14.3,3
2024-04-04,East,Toys,68.35,1
2024-04-25,South,Electronics,361.7,1
2024-01-08,Central,Home & Garden,253.42,5
2024-05-26,South,Toys,64.13,4
2023-05-13,Central,Groceries,24.26,3
2023-03-05,North,Electronics,185.94,2
2023-11-17,Central,Home & Garden,160.04,5
2024-09-29,Central,Home & Garden,218.76,3
2024-10-29,North,Toys,42.84,4
2023-03-23,East,Toys,45.75,5
2023-03-15,South,Groceries,45.11,1
2023-08-20,South,Groceries,18.31,3
2024-03-13,Central,Home & Garden,73.2,1
2023-07-28,Central,Toys,,5
2024-03-09,South,Toys,68.5,5
2023-02-24,central,Electronics,190.33,3
2024-10-25,Central,Groceries,22.15,1
2023-06-07,South,Home & Garden,249.7,2
2024-12-11,North,Electronics,1153.63,4
2024-07-08,West,Clothing,36.27,4
2024-10-10,North,Toys,31.81,3
2024-02-22,West,Clothing,93.82,5
2024-11-06,West,Electronics,538.09,3
2024-03-18,Central,Clothing,34.89,5
2023-12-09,North,Toys,38.95,5
2024-10-25,North,Home & Garden,136.95,1
2023-08-13,West,Electronics,592.6,1
2023-11-14,West,Clothing,49.85,2
2023-09-01,North,Electronics,870.31,3
2024-02-29,East,Electronics,743.72,4
2024-06-18,West,Clothing,15.49,3
2024-01-28,West,Home & Garden,210.6,4
2023-05-12,Central,Home & Garden,211.58,5
2023-09-23,West,Electronics,,4
2024-12-27,West,Groceries,28.39,5
2023-09-06,North,Electronics,227.75,2
2024-10-26,West,Toys,69.76,4
2023-01-14,West,Groceries,50.77,5
2023-02-04,Central,Electronics,435.52,2
2024-04-03,south,Electronics,809.85,2
2023-02-09,West,Toys,37.06,4
2024-07-28,Central,Toys,45.97,4
2024-02-25,east,Toys,16.2,4
2023-08-17,East,Home & Garden,220.44,1
2024-04-10,West,Home & Garden,41.09,1
2023-02-11,West,Toys,29.51,4
2024-10-05,South,Home & Garden,180.36,4
2024-12-23,West,Clothing,66.15,1
2024-03-25,South,Electronics,677.89,4
2024-04-25,Central,Groceries,40.41,3
2024-07-28,North,Toys,66.4,1
2024-04-07,North,Toys,41.07,1
2024-01-17,North,Electronics,543.27,1
2024-04-23,East,Toys,79.42,2
2024-10-25,North,Groceries,55.06,1
2023-05-15,East,Home & Garden,70.31,3
2023-07-31,East,Groceries,49.57,5
2023-09-18,Central,Electronics,731.27,5
2024-10-27,West,Electronics,665.47,1
2023-10-09,South,Groceries,16.09,3
2023-06-01,North,Toys,36.89,4
2023-01-19,East,Home & Garden,138.65,2
2024-04-15,Central,Home & Garden,96.94,5
2023-03-31,West,Electronics,653.83,5
2023-10-19,West,Electronics,299.5,4
2023-11-09,North,Groceries,21.58,2
2023-08-02,West,Toys,38.32,3
2023-05-27,East,Clothing,85.77,3
2024-09-24,West,Groceries,5.2,1
2024-10-21,South,Toys,29.02,4
2023-10-11,South,Home & Garden,151.7,2
2024-12-09,West,Clothing,62.87,1
2024-11-12,West,Groceries,59.11,5
2023-02-03,central,Electronics,150.01,1
2024-02-25,West,Clothing,56.6,1
2024-04-12,South,Groceries,16.31,2
2023-02-09,West,Clothing,52.84,3
2023-07-01,East,Clothing,51.47,5
2024-09-17,East,Toys,77.96,4
2024-07-01,West,Electronics,804.16,3
2024-03-25,South,Groceries,24.62,3
2024-03-12,Central,Groceries,17.36,5
2023-05-10,South,Toys,68.94,5
2023-01-17,West,Toys,20.05,2
2023-11-03,East,Clothing,64.47,1
2023-01-27,Central,Home & Garden,274.99,1
2023-11-06,Central,Groceries,46.01,5
2024-03-12,South,Home & Garden,24.42,2
2024-07-28,East,Clothing,80.62,2
2024-04-11,East,Home & Garden,296.7,5
2023-06-05,East,Home & Garden,183.11,1
2023-01-04,Central,Toys,,5
2024-06-17,North,Electronics,285.57,3
2024-08-13,West,Groceries,6.65,2
2023-03-15,West,Toys,17.34,2
2024-09-17,Central,Groceries,16.42,2
2023-11-01,South,Home & Garden,119.33,4
2024-04-28,central,Home & Garden,250.33,1
2024-05-09,Central,Electronics,150.07,1
2024-04-15,South,Toys,31.22,1
2024-08-18,North,Electronics,159.91,2
2024-02-25,West,Electronics,898.49,1
2024-06-30,South,Groceries,21.84,4
2024-06-28,West,Groceries,55.32,4
2024-05-01,South,Groceries,17.23,5
2024-11-09,East,Electronics,541.0,4
2023-08-21,West,Electronics,774.89,2
2024-05-09,West,Home & Garden,168.0,4
2023-04-29,West,Home & Garden,154.47,5
2024-05-26,Central,Clothing,33.57,1
2023-01-07,East,Toys,52.43,1
2023-09-30,south,Toys,58.91,2
2024-09-23,North,Toys,67.82,3
2024-07-24,North,Home & Garden,97.35,1
2024-01-21,West,Home & Garden,157.6,1
2024-01-09,South,Clothing,111.63,2
2023-05-07,North,Groceries,45.24,2
2024-09-28,North,Groceries,55.84,5
2023-03-06,North,Home & Garden,30.85,5
2024-10-01,North,Toys,68.2,2
2023-02-10,East,Home & Garden,147.36,4
2024-04-28,Central,Home & Garden,179.83,5
2024-10-15,South,Toys,62.98,4
2024-10-06,West,Clothing,21.16,4
2023-07-24,West,Toys,43.02,3
2023-02-02,Central,Groceries,31.23,4
2024-11-27,West,Home & Garden,125.64,5
2023-07-03,East,Clothing,31.65,4
2023-11-22,West,Clothing,65.87,3
2024-08-23,South,Groceries,54.52,5
2024-01-09,North,Clothing,77.66,4
2024-06-10,West,Electronics,541.26,3
2023-06-07,Central,Electronics,853.78,2
2023-01-26,East,Electronics,805.67,3
2023-01-02,Central,Electronics,625.76,2
2024-06-30,South,Groceries,31.41,4
2024-04-09,East,Electronics,454.19,2
2024-02-05,East,Groceries,48.2,3
2024-03-25,South,Groceries,30.48,5
2023-04-06,East,Clothing,19.23,1
2024-06-27,North,Groceries,9.66,3
2023-06-18,West,Home & Garden,52.71,2
2024-04-24,North,Home & Garden,177.68,4
2024-01-18,South,Home & Garden,177.06,3
2024-07-15,East,Groceries,10.81,5
2024-04-25,Central,Groceries,49.87,5
2024-07-25,West,Groceries,24.95,2
2023-03-29,North,Groceries,28.86,5
2024-01-28,Central,Clothing,32.6,2
2023-01-28,East,Clothing,66.03,5
2024-05-11,East,Home & Garden,50.35,5
2023-10-19,West,Clothing,34.47,1
2023-10-13,West,Home & Garden,105.14,2
2023-07-05,North,Toys,16.12,3
2023-11-04,South,Home & Garden,146.77,5
2024-08-27,South,Electronics,372.72,1
2024-04-29,Central,Toys,14.01,2
2023-11-25,Central,Toys,74.87,5
2023-06-09,Central,Home & Garden,252.84,2
2024-01-17,Central,Groceries,,5
2024-05-20,East,Electronics,,3
2024-08-04,North,Home & Garden,97.88,2
2023-06-30,South,Clothing,115.73,2
2024-04-16,Central,Home & Garden,200.47,2
2024-05-12,West,Groceries,35.21,5
2023-05-10,Central,Toys,18.04,5
2024-07-06,North,Home & Garden,253.28,2
2024-09-20,North,Home & Garden,281.49,1
2024-02-13,Central,Home & Garden,65.64,5
2024-02-08,Central,Clothing,38.28,5
2024-07-21,North,Clothing,94.27,4
2023-12-26,North,Groceries,52.66,3
2023-08-15,North,Home & Garden,176.03,4
2024-03-07,West,Toys,25.72,3
2023-08-28,North,Groceries,33.67,5
2024-11-18,West,Groceries,56.73,5
2024-09-25,East,Toys,74.93,5
2023-10-24,South,Electronics,869.55,5
2024-06-12,East,Clothing,29.52,2
2024-04-14,Central,Groceries,36.56,1
2023-01-08,West,Groceries,38.42,3
2023-03-19,West,Toys,71.7,1
2023-01-01,West,Electronics,,5
2024-03-20,East,Toys,43.84,5
2024-04-30,Central,Electronics,496.6,1
2023-08-11,South,Groceries,44.4,4
2024-06-25,South,Groceries,57.9,5
2024-12-05,West,Electronics,1101.47,4
2024-05-15,East,Groceries,12.43,3
2023-05-02,West,Home & Garden,251.19,2
2024-08-27,North,Electronics,426.8,4
2023-03-20,East,Groceries,26.34,5
2023-05-07,West,Groceries,40.37,2
2023-03-14,East,Groceries,22.24,4
2023-01-23,West,Home & Garden,238.51,3
2024-09-02,Central,Home & Garden,213.43,3
2023-08-05,west,Electronics,645.02,2
2024-05-24,Central,Groceries,24.44,5
2024-04-11,Central,Groceries,29.88,4
2024-03-11,West,Groceries,53.92,2
2024-09-29,Central,Home & Garden,123.41,3
2024-05-30,north,Groceries,7.28,3
2024-02-26,North,Clothing,48.1,2
2024-07-15,North,Toys,46.79,4
2024-12-29,West,Home & Garden,110.34,4
2024-11-15,East,Groceries,55.56,5
2023-08-15,East,Home & Garden,,4
2024-05-08,South,Home & Garden,91.0,1
2023-05-02,Central,Toys,31.67,4
2023-01-13,East,Home & Garden,34.75,1
2024-08-24,West,Groceries,46.57,3
2023-12-10,East,Groceries,22.3,3
2023-07-28,West,Toys,25.71,4
2023-03-25,South,Toys,68.49,2
2023-05-01,South,Groceries,24.82,4
2024-11-08,West,Groceries,14.94,2
2024-06-26,Central,Clothing,55.52,3
2024-02-21,East,Toys,17.22,3
2023-11-14,Central,Clothing,114.96,2
2024-04-14,North,Groceries,14.12,2
2023-08-14,West,Toys,38.12,5
2023-08-22,South,Electronics,405.41,3
2023-11-22,West,Clothing,60.49,1
2023-11-05,West,Clothing,28.89,5
2023-11-05,north,Groceries,53.81,2
2024-12-09,South,Toys,46.75,5
2024-10-23,South,Groceries,,2
2023-02-05,East,Toys,,1
2024-08-26,East,Clothing,90.41,3
2023-11-02,East,Groceries,,1
2024-04-30,South,Clothing,53.59,2
2024-02-13,West,Groceries,54.04,4
2024-06-27,West,Groceries,23.21,1
2024-12-01,North,Clothing,71.32,4
2024-09-22,East,Home & Garden,145.0,2
2023-07-10,East,Electronics,827.41,4
2023-05-22,North,Home & Garden,56.0,4
2023-07-29,North,Clothing,63.66,2
2023-03-22,Central,Home & Garden,264.93,1
2024-01-08,Central,Groceries,12.04,2
2023-03-31,East,Toys,22.52,1
2023-11-10,East,Toys,77.11,5
2023-06-06,East,Groceries,,1
2023-12-08,South,Home & Garden,,4
2024-07-24,South,Electronics,286.91,1
2024-07-10,West,Home & Garden,161.01,3
2023-06-15,South,Groceries,25.93,5
2023-02-22,Central,Groceries,54.89,1
2023-02-12,East,Electronics,329.99,4
2024-09-08,South,Electronics,681.9,1
2024-09-15,West,Groceries,9.58,3
2023-12-05,Central,Toys,56.88,4
2023-08-07,North,Toys,71.82,2
2023-11-16,East,Groceries,57.12,1
2024-07-20,West,Electronics,317.36,2
2024-01-26,South,Home & Garden,29.88,4
2024-07-24,North,Electronics,303.74,5
2023-11-07,East,Groceries,9.07,1
2023-05-31,North,Groceries,56.11,5
2023-12-28,West,Toys,103.3,5
2023-12-31,South,Home & Garden,104.14,1
2024-09-29,Central,Groceries,33.11,1
2024-12-07,East,Electronics,401.43,4
2023-03-05,central,Home & Garden,217.54,5
2023-05-27,West,Home & Garden,51.01,4
2024-11-24,North,Toys,23.61,4
2023-08-05,West,Clothing,43.44,3
2024-08-24,North,Toys,46.92,3
2023-12-12,Central,Home & Garden,106.29,2
2024-10-07,central,Clothing,42.91,2
2023-07-23,Central,Toys,68.12,4
2023-06-06,North,Clothing,17.31,4
2024-08-09,South,Groceries,54.07,5
2023-09-21,West,Toys,60.07,5
2024-09-26,South,Clothing,32.77,2
2024-05-27,Central,Home & Garden,101.62,1
2023-09-12,East,Groceries,30.88,1
2024-02-29,South,Home & Garden,265.83,4
2024-06-29,South,Groceries,21.79,2
2024-03-11,Central,Electronics,389.92,5
2024-08-17,South,Electronics,389.18,4
2024-12-24,East,Electronics,971.34,1
2023-01-09,Central,Electronics,710.71,1
2024-06-22,East,Home & Garden,293.29,2
2024-08-16,West,Groceries,28.99,4
2024-07-17,South,Toys,32.1,3
2023-08-02,East,Clothing,86.9,5
2024-02-25,North,Electronics,835.85,2
2023-03-30,North,Toys,65.23,4
2023-07-09,East,Toys,69.54,1
2023-09-02,East,Clothing,99.52,4
2023-06-30,East,Groceries,17.81,5
2023-04-02,East,Electronics,636.02,5
2023-06-15,Central,Toys,78.98,2
2023-09-03,East,Electronics,749.9,5
2023-02-23,Central,Groceries,36.63,2
2023-12-21,Central,Home & Garden,39.53,2
2024-07-06,West,Clothing,64.51,1
2024-02-28,West,Toys,68.62,4
2024-04-16,North,Groceries,25.04,3
2023-11-04,West,Electronics,585.13,3
2023-03-02,East,Toys,79.01,5
2023-07-20,North,Electronics,216.48,4
2023-12-30,Central,Clothing,25.65,4
2023-07-16,Central,Home & Garden,244.11,2
2024-08-10,West,Groceries,28.48,5
2024-04-10,North,Electronics,862.2,1
2024-12-20,North,Toys,51.35,5
2024-09-02,South,Home & Garden,63.95,5
2024-11-01,North,Toys,14.53,1
2023-06-18,Central,Toys,12.04,3
2023-07-25,South,Toys,50.05,3
2024-08-27,West,Clothing,29.42,2
2024-03-06,North,Home & Garden,160.22,3
2023-12-05,East,Groceries,55.3,1
2024-01-30,west,Electronics,763.63,5
2024-05-18,Central,Toys,49.7,1
2023-07-22,East,Clothing,46.75,1
2024-02-11,South,Groceries,54.13,5
2024-03-31,South,Clothing,70.67,4
2024-12-31,East,Clothing,95.89,3
2024-01-08,Central,Groceries,5.99,1
2024-09-09,North,Electronics,719.1,2
2024-08-16,Central,Home & Garden,241.81,4
2023-01-18,North,Electronics,311.76,5
2023-02-10,North,Home & Garden,208.72,4
2024-11-24,South,Groceries,40.53,1
2023-11-18,Central,Groceries,46.02,3
2023-12-17,West,Home & Garden,247.55,5
2023-07-27,East,Electronics,519.35,3
2023-04-28,Central,Home & Garden,203.09,1
2024-05-31,East,Home & Garden,291.86,5
2024-07-09,South,Home & Garden,258.64,5
2024-12-27,North,Home & Garden,100.95,2
2023-03-19,South,Clothing,47.1,5
2024-03-13,South,Toys,15.66,4
2023-05-27,Central,Groceries,15.91,2
2024-10-22,South,Electronics,221.9,5
2024-06-09,west,Electronics,763.04,4
2024-11-13,Central,Home & Garden,228.22,4
2023-06-29,South,Groceries,28.79,1
2024-10-22,Central,Electronics,728.77,2
2023-02-13,East,Groceries,35.83,4
2023-09-23,East,Home & Garden,176.17,4
2024-07-20,Central,Clothing,55.65,4
2024-06-18,Central,Home & Garden,294.99,1
2023-05-04,East,Home & Garden,162.77,3
2023-03-14,East,Home & Garden,67.83,5
2023-02-03,East,Electronics,483.27,2
2024-04-04,North,Toys,38.81,1
2024-08-02,East,Groceries,18.67,1
2024-12-14,Central,Groceries,53.19,5
2023-06-30,West,Clothing,100.35,4
2024-07-22,west,Clothing,19.48,2
2024-05-13,East,Electronics,740.78,4
2023-02-15,East,Toys,79.32,3
2024-12-17,South,Clothing,58.4,4
2024-08-17,East,Toys,15.43,1
2024-12-22,East,Groceries,57.27,5
2023-01-12,East,Electronics,252.61,2
2023-05-01,West,Groceries,36.11,1
2024-01-12,West,Groceries,35.7,4
2024-10-09,South,Toys,20.54,2
2024-08-14,West,Toys,49.22,2
2024-10-29,West,Electronics,606.99,1
2024-11-17,South,Toys,15.41,5
2023-12-01,East,Clothing,86.4,1
2024-11-25,West,Home & Garden,233.38,4
2024-08-13,West,Clothing,23.55,4
2024-03-07,south,Home & Garden,49.19,2
2023-10-16,South,Home & Garden,206.92,2
2024-01-25,South,Electronics,589.1,2
2023-05-31,East,Groceries,43.08,1
2023-01-20,West,Groceries,48.33,1
2023-04-30,North,Toys,26.97,3
2023-09-12,West,Clothing,81.83,1
2024-07-21,East,Groceries,46.49,5
2024-05-18,North,Home & Garden,132.27,5
2024-07-06,West,Home & Garden,233.99,4
2024-04-10,South,Home & Garden,295.39,3
2023-01-30,South,Clothing,36.14,5
2023-07-17,Central,Clothing,23.12,3
2024-12-26,Central,Groceries,52.94,5
2024-10-04,Central,Electronics,868.18,1
2023-05-30,North,Electronics,714.59,5
2024-02-25,South,Clothing,85.69,3
2024-07-13,Central,Electronics,822.75,4
2024-08-26,West,Clothing,74.94,4
2024-02-01,East,Clothing,105.85,5
2023-04-06,South,Clothing,40.0,1
2024-08-14,South,Clothing,73.36,3
2024-02-01,North,Groceries,45.27,5
2023-02-24,East,Electronics,689.04,1
2023-05-22,West,Electronics,152.79,2
2023-08-06,South,Home & Garden,24.21,4
2024-04-17,West,Toys,46.01,4
2024-10-22,Central,Home & Garden,125.79,2
2023-07-23,Central,Electronics,688.0,1
2023-05-03,North,Clothing,93.51,5
2024-10-11,North,Electronics,449.77,5
2024-06-26,North,Groceries,52.05,4
2024-02-18,Central,Electronics,463.07,4
2024-09-18,Central,Toys,67.8,4
2024-01-03,West,Clothing,88.46,5
2023-12-18,West,Clothing,80.4,3
2023-07-25,West,Electronics,419.23,4
2023-06-06,North,Electronics,373.65,4
2023-11-15,East,Clothing,110.09,4
2024-04-12,North,Groceries,32.53,3
2023-04-06,West,Groceries,35.86,5
2024-11-30,West,Toys,62.22,4
2024-12-04,North,Groceries,57.64,4
2023-03-18,Central,Groceries,59.97,1
2023-03-20,South,Electronics,,1
2023-05-22,East,Electronics,646.44,3
2024-03-31,South,Clothing,53.39,2
2024-10-02,East,Clothing,88.09,3
2023-02-10,West,Groceries,45.73,4
2024-05-19,East,Groceries,34.37,5
2024-05-11,West,Electronics,,3
2023-01-30,east,Clothing,110.49,3
2023-10-21,central,Clothing,100.61,2
2024-12-24,East,Toys,89.29,2
2024-09-23,South,Toys,10.54,1
2023-12-06,North,Groceries,50.76,3
2023-08-12,East,Electronics,815.74,3
2024-12-19,East,Groceries,28.86,3
2023-10-21,South,Groceries,25.53,5
2024-10-19,South,Electronics,671.74,5
2023-09-01,North,Electronics,708.92,4
2024-04-29,South,Toys,54.43,2
2023-04-04,South,Clothing,101.78,2
2023-12-02,North,Electronics,768.16,3
2023-12-17,West,Home & Garden,87.17,3
2023-10-13,South,Home & Garden,122.11,3
2023-04-20,Central,Clothing,73.28,2
2023-09-22,South,Clothing,79.9,1
2024-12-16,West,Electronics,720.73,2
2024-06-28,East,Clothing,100.24,5
2024-07-10,West,Electronics,203.58,4
2023-05-01,East,Electronics,661.14,1
2024-03-03,East,Groceries,49.29,5
2024-10-08,Central,Electronics,261.95,3
2024-12-09,Central,Clothing,24.01,5
2024-11-21,North,Electronics,787.3,5
2023-06-23,South,Electronics,307.71,5
2024-09-30,Central,Electronics,686.71,3
2024-02-29,North,Electronics,483.97,4
2024-07-30,South,Toys,64.35,1
2024-03-05,North,Electronics,328.49,4
2024-07-28,West,Toys,39.0,1
2024-05-04,North,Clothing,96.61,1
2024-10-06,Central,Home & Garden,25.12,2
2024-05-13,Central,Clothing,73.94,3
2024-11-23,South,Toys,79.78,2
2024-03-08,North,Electronics,566.23,1
2024-10-14,North,Groceries,46.3,3
2024-09-17,North,Home & Garden,66.43,3
2024-12-29,Central,Clothing,57.86,2
2024-04-02,South,Toys,25.33,3
2024-10-11,North,Electronics,671.29,2
2024-01-11,South,Groceries,48.1,1
2023-11-19,South,Groceries,40.82,4
2023-11-02,Central,Groceries,32.06,3
2023-05-17,Central,Home & Garden,148.95,4
2024-08-16,Central,Electronics,152.42,5
2023-01-21,North,Toys,10.85,2
2024-07-10,South,Clothing,45.58,3
2024-06-03,North,Toys,77.89,1
2023-04-21,Central,Electronics,732.89,3
2024-01-20,Central,Electronics,582.59,1
2023-10-27,central,Toys,27.06,1
2024-12-19,Central,Toys,108.1,1
2023-08-04,North,Toys,37.83,2
2023-10-12,North,Home & Garden,147.08,3
2024-10-16,West,Clothing,97.83,4
2024-08-19,West,Toys,48.79,5
2024-08-13,central,Electronics,716.09,2
2023-11-07,South,Electronics,891.82,3
2024-11-20,Central,Electronics,557.15,2
2024-03-08,East,Home & Garden,206.06,1
2023-10-05,South,Home & Garden,237.01,5
2023-11-27,North,Electronics,807.56,4
2024-12-12,East,Groceries,13.34,5
2024-08-18,North,Electronics,654.4,2
2024-07-08,East,Electronics,359.12,5
2023-10-04,East,Electronics,881.97,4
2023-06-10,North,Toys,64.08,2
2024-07-09,North,Clothing,69.12,4
2024-02-27,South,Toys,53.48,3
2023-11-17,North,Electronics,683.76,4
2024-04-13,Central,Home & Garden,73.59,1
2023-02-25,South,Electronics,796.08,3
2023-11-23,West,Groceries,6.83,2
2023-09-03,East,Groceries,9.15,2
2023-07-05,East,Toys,33.62,2
2024-10-06,Central,Toys,34.74,3
2024-01-18,North,Clothing,52.94,4
2023-06-29,North,Clothing,77.71,2
2024-07-02,East,Groceries,,3
2023-09-20,Central,Clothing,29.93,2
2024-09-13,East,Clothing,46.94,1
2023-03-14,West,Clothing,118.86,4
2024-09-13,East,Electronics,830.07,2
2024-06-26,Central,Toys,22.27,2
2023-09-29,East,Clothing,21.58,3
2024-07-20,West,Home & Garden,194.34,3
2023-04-21,Central,Toys,35.21,5
2023-03-10,Central,Clothing,119.6,2
2024-12-17,West,Home & Garden,94.58,5
2024-11-12,North,Home & Garden,65.24,2
2023-03-31,Central,Clothing,99.83,4
2024-11-30,Central,Clothing,25.22,5
2024-03-13,South,Home & Garden,26.44,2
2024-01-26,West,Clothing,85.47,2
2024-02-23,West,Toys,72.76,1
2024-05-31,Central,Toys,11.18,3
2023-08-22,Central,Home & Garden,173.42,3
2024-09-03,West,Home & Garden,167.42,2
2023-09-20,North,Electronics,301.15,3
2024-06-10,East,Electronics,352.67,3
2023-11-06,Central,Electronics,593.0,4
2024-08-16,East,Home & Garden,71.67,4
2024-06-16,East,Groceries,50.68,2
2024-10-18,West,Groceries,13.64,3
2023-03-06,West,Electronics,189.54,1
2023-12-13,South,Toys,58.88,3
2023-03-04,West,Home & Garden,173.25,1
2023-05-08,West,Groceries,24.46,2
2024-02-23,East,Clothing,47.68,3
2024-03-26,West,Clothing,67.13,1
2024-04-22,West,Toys,37.92,1
2024-07-30,East,Toys,40.72,5
2024-12-15,South,Toys,18.65,4
2023-12-09,South,Clothing,97.4,5
2023-12-24,West,Electronics,631.36,5
2023-01-10,South,Clothing,40.53,3
2023-04-30,North,Clothing,82.68,5
2024-04-29,South,Home & Garden,286.68,4
2023-11-21,Central,Electronics,899.98,3
2023-10-31,West,Clothing,103.88,1
2023-05-19,East,Groceries,48.39,3
2024-07-31,North,Home & Garden,248.92,4
2024-05-29,North,Groceries,53.33,3
2023-04-30,North,Toys,54.13,1
2024-12-12,West,Clothing,21.04,3
2023-01-07,South,Groceries,12.08,2
2023-02-15,South,Clothing,19.14,1
2024-01-23,East,Toys,25.45,1
2024-06-12,West,Electronics,495.65,3
2024-05-25,North,Clothing,75.33,3
2023-05-03,South,Electronics,395.23,1
2024-12-19,South,Electronics,1254.6,3
2024-08-19,south,Clothing,97.92,2
2024-02-15,East,Groceries,32.64,1
2024-02-21,Central,Electronics,337.89,5
2023-12-25,Central,Electronics,1250.42,2
2024-04-15,Central,Home & Garden,91.9,1
2024-02-17,Central,Home & Garden,264.38,4
2024-10-15,North,Toys,22.32,5
2023-10-03,East,Home & Garden,129.62,2
2023-12-17,West,Home & Garden,199.33,3
2024-07-07,Central,Groceries,33.02,2
2024-07-14,East,Clothing,63.85,5
2024-04-19,South,Clothing,61.68,2
2023-11-22,East,Home & Garden,48.19,4
2024-04-02,East,Electronics,723.13,3
2023-11-26,Central,Clothing,41.3,5
2023-03-02,Central,Home & Garden,84.78,4
2023-08-19,East,Groceries,43.27,2
2024-05-12,Central,Clothing,119.33,2
2023-07-30,West,Groceries,39.98,4
2024-02-18,West,Toys,54.3,2
2023-02-16,South,Toys,,3
2024-05-09,West,Groceries,50.75,5
2024-03-29,North,Toys,34.74,1
2023-10-21,Central,Toys,55.87,4
2024-11-30,North,Clothing,87.52,2
2024-08-11,south,Electronics,813.91,1
2024-02-08,Central,Toys,76.14,3
2024-03-12,East,Electronics,706.05,4
2023-03-20,South,Groceries,21.21,4
2024-02-17,East,Home & Garden,181.15,2
2024-11-25,west,Clothing,15.3,4
2024-04-09,East,Electronics,360.38,5
2024-10-18,Central,Electronics,632.65,5
2023-07-17,East,Electronics,535.88,5
2024-02-22,West,Home & Garden,88.25,5
2024-08-17,West,Toys,29.59,2
2024-04-21,East,Home & Garden,252.69,5
2023-09-28,South,Toys,77.47,1
2024-07-11,Central,Electronics,376.36,2
2024-04-05,North,Electronics,785.48,3
2024-09-21,Central,Home & Garden,73.11,1
2024-09-14,North,Electronics,554.51,3
2024-01-04,North,Groceries,24.2,5
2024-02-29,south,Home & Garden,285.27,1
2024-07-08,South,Groceries,16.49,3
2023-03-14,South,Clothing,36.22,4
2023-11-04,West,Electronics,324.82,1
2023-05-27,North,Clothing,87.98,3
2024-03-09,East,Home & Garden,286.83,2
2024-09-03,East,Groceries,25.2,4
2024-12-06,North,Home & Garden,188.01,3
2023-10-09,South,Electronics,186.95,5
2024-01-24,West,Home & Garden,144.55,3
2023-05-05,North,Home & Garden,174.79,5
2024-02-01,West,Clothing,113.13,2
2023-05-14,East,Toys,66.97,4
2023-06-19,East,Electronics,290.01,2
2024-08-29,South,Home & Garden,37.26,4
2023-07-30,East,Groceries,34.92,5
2023-10-26,Central,Clothing,111.12,1
2024-09-05,North,Electronics,794.97,1
2024-05-31,South,Electronics,188.67,2
2024-05-23,West,Toys,14.14,5
2023-07-12,West,Groceries,58.83,3
2023-04-08,East,Groceries,59.23,2
2023-12-17,Central,Electronics,1095.22,2
2023-11-24,North,Groceries,20.51,3
2023-01-27,North,Clothing,35.59,3
2024-11-12,Central,Electronics,624.48,1
2024-12-24,North,Electronics,502.69,1
2024-09-11,East,Home & Garden,140.59,1
2023-01-10,South,Toys,38.56,1
2023-08-10,Central,Electronics,262.77,4
2023-03-31,Central,Home & Garden,168.0,2
2024-05-26,south,Electronics,470.79,1
2024-08-07,North,Toys,77.04,4
2023-01-14,Central,Groceries,10.82,3
2023-07-31,North,Groceries,18.31,1
2023-10-04,East,Electronics,694.27,4
2023-03-30,North,Toys,70.79,4
2024-02-06,North,Toys,55.65,3
2024-04-13,West,Toys,23.21,2
2024-07-16,Central,Toys,41.21,5
2023-01-31,North,Groceries,30.68,5
2024-07-27,South,Home & Garden,52.63,4
2024-06-13,West,Home & Garden,60.97,3
2024-01-05,North,Home & Garden,81.26,3
2023-12-09,North,Groceries,34.7,2
2024-12-30,South,Groceries,20.92,1
2023-09-25,West,Electronics,473.2,4
2023-05-26,Central,Clothing,94.64,2
2024-03-26,Central,Electronics,636.36,5
2023-06-18,Central,Home & Garden,127.23,2
2024-10-12,North,Groceries,56.89,4
2024-09-15,West,Clothing,20.47,5
2023-01-04,Central,Toys,21.41,2
2023-03-03,South,Home & Garden,84.51,2
2023-04-23,South,Toys,35.08,2
2024-05-27,Central,Electronics,334.62,3
2024-10-19,Central,Clothing,61.79,4
2024-03-20,South,Toys,55.8,5
2024-06-04,West,Clothing,37.56,3
2024-08-02,North,Toys,56.86,4
2024-01-31,East,Toys,72.13,5
2024-06-22,Central,Clothing,42.85,1
2024-12-30,West,Home & Garden,280.43,4
2024-11-30,North,Clothing,116.53,5
2023-04-08,East,Groceries,22.82,3
2023-10-31,South,Clothing,84.7,2
2024-07-25,East,Clothing,100.07,4
2023-08-13,North,Clothing,68.81,4
2024-11-20,East,Electronics,708.32,2
2024-06-19,South,Electronics,261.99,3
2023-05-20,North,Groceries,15.1,4
2024-07-22,West,Clothing,38.43,5
2023-09-23,West,Clothing,73.52,2
2023-10-01,Central,Toys,70.17,3
2024-07-16,East,Electronics,225.69,2
2024-09-04,North,Groceries,55.85,1
2024-07-12,East,Toys,58.52,5
2024-10-08,East,Clothing,57.65,4
2023-08-30,East,Toys,37.55,4
2024-06-26,Central,Toys,22.43,5
2023-10-30,North,Toys,29.83,1
2023-07-14,South,Electronics,375.31,3
2024-05-15,North,Electronics,692.97,2
2023-01-26,North,Home & Garden,83.61,3
2024-01-20,Central,Electronics,658.62,2
2023-09-08,Central,Groceries,53.78,1
2024-08-16,west,Groceries,57.67,5
2023-04-08,Central,Electronics,714.74,4
2024-09-20,West,Electronics,378.7,2
2024-12-06,West,Electronics,302.62,2
2024-09-25,North,Toys,70.54,3
2023-07-01,North,Home & Garden,71.05,4
2024-10-11,West,Groceries,31.29,1
2024-08-26,West,Electronics,607.85,3
2023-05-21,East,Electronics,309.47,5
2024-03-08,Central,Clothing,109.91,3
2023-12-04,Central,Clothing,57.56,1
2024-02-13,Central,Electronics,793.81,5
2023-05-17,West,Home & Garden,67.52,3
2023-10-11,Central,Home & Garden,119.01,1
2024-08-30,West,Electronics,484.17,3
2023-12-06,North,Clothing,52.49,3
2024-09-27,West,Home & Garden,235.08,4
2024-03-08,North,Groceries,40.9,2
2023-04-20,East,Groceries,59.41,3
2024-12-07,Central,Groceries,8.94,1
2024-03-25,Central,Home & Garden,288.7,2
2024-10-28,North,Clothing,92.08,5
2023-10-08,North,Home & Garden,149.39,2
2024-07-17,North,Electronics,,4
2023-08-22,West,Home & Garden,82.71,3
2023-01-05,North,Home & Garden,251.41,5
2024-11-24,East,Clothing,93.81,2
2023-12-17,North,Groceries,6.89,4
2023-11-16,East,Groceries,44.48,5
2023-04-24,South,Groceries,47.85,5
2024-11-28,south,Electronics,591.72,3
2024-12-21,Central,Clothing,69.27,2
2023-05-06,Central,Clothing,115.98,2
2023-10-14,Central,Toys,66.57,4
2024-03-19,North,Electronics,271.12,1
2024-01-16,West,Clothing,86.12,2
2024-01-02,Central,Toys,58.65,2
2023-05-24,East,Toys,21.04,5
2023-10-01,South,Toys,54.5,2
2024-10-18,East,Toys,80.0,1
2024-10-04,Central,Clothing,30.29,2
2023-07-22,North,Toys,17.06,1
2024-05-01,East,Home & Garden,233.05,5
2024-04-05,West,Toys,31.5,2
2023-12-05,Central,Clothing,79.77,1
2024-11-09,West,Toys,26.72,4
2024-05-01,East,Clothing,16.16,4
2023-10-02,South,Groceries,27.0,5
2023-03-18,West,Toys,53.54,4
2023-12-29,West,Clothing,61.47,3
2023-11-18,South,Toys,16.61,5
2023-09-12,Central,Toys,76.58,4
2024-11-01,Central,Electronics,759.0,4
2024-09-29,Central,Home & Garden,161.06,3
2024-01-16,West,Electronics,199.63,5
2024-03-05,East,Toys,15.24,2
2023-05-14,Central,Toys,32.46,1
2024-07-15,North,Groceries,24.43,5
2024-03-20,east,Toys,,1
2024-07-04,East,Toys,59.86,2
2023-05-02,North,Electronics,635.78,1
2024-05-11,North,Home & Garden,283.68,2
2023-06-12,North,Groceries,43.77,4
2024-04-12,South,Toys,12.6,1
2023-12-19,South,Groceries,54.75,3
2023-01-05,west,Home & Garden,180.56,5
2024-10-13,West,Home & Garden,51.37,2
2023-09-02,West,Electronics,163.66,3
2023-09-17,South,Home & Garden,287.26,1
2024-06-14,West,Clothing,22.84,5
2023-08-16,Central,Clothing,33.28,1
2024-05-16,North,Clothing,89.09,3
2023-12-13,South,Groceries,47.16,3
2023-08-30,South,Clothing,75.36,2
2024-08-24,North,Home & Garden,94.4,1
2023-02-13,Central,Electronics,834.92,3
2023-09-17,Central,Electronics,333.86,4
2024-11-06,East,Groceries,55.35,3
2023-05-26,West,Electronics,609.76,5
2024-06-21,East,Electronics,694.05,5
2023-08-06,West,Toys,79.0,2
2023-06-24,South,Groceries,48.06,3
2024-11-17,east,Groceries,43.13,3
2024-04-04,East,Home & Garden,229.34,1
2024-11-23,Central,Electronics,625.56,4
2024-06-03,South,Home & Garden,66.47,5
2023-07-08,Central,Toys,73.39,4
2023-05-01,North,Groceries,59.91,4
2024-02-16,West,Toys,58.4,2
2024-09-27,North,Groceries,52.33,5
2024-05-22,Central,Clothing,114.27,3
2024-04-11,West,Home & Garden,127.07,3
2024-03-12,East,Electronics,582.99,1
2024-09-22,West,Toys,28.29,4
2023-01-04,south,Groceries,6.68,4
2024-08-17,North,Groceries,6.84,3
2024-11-01,Central,Home & Garden,213.8,4
2023-10-25,North,Clothing,41.53,4
2024-08-21,North,Toys,79.98,5
2024-06-09,North,Home & Garden,211.14,2
2024-10-28,South,Home & Garden,188.34,4
2024-06-23,North,Toys,31.29,2
2023-04-17,South,Toys,44.15,5
2024-04-22,North,Toys,61.08,2
2023-02-13,South,Groceries,52.09,2
2024-02-07,South,Electronics,374.3,5
2024-10-25,East,Groceries,35.36,1
2023-07-09,Central,Clothing,114.94,4
2024-01-08,north,Home & Garden,34.98,1
2024-07-30,Central,Groceries,53.06,4
2023-05-10,North,Home & Garden,214.17,2
2023-09-29,East,Toys,65.14,5
2024-01-23,West,Groceries,36.18,4
2023-05-09,North,Clothing,66.38,1
2024-10-14,North,Home & Garden,189.64,4
2023-10-22,south,Clothing,21.28,2
2024-04-10,East,Home & Garden,92.87,4
2024-08-06,West,Home & Garden,293.33,3
2023-11-21,West,Home & Garden,191.25,3
2023-12-13,East,Groceries,28.73,4
2023-12-23,East,Home & Garden,159.59,2
2024-04-20,East,Home & Garden,127.07,5
2024-04-01,South,Electronics,899.06,3
2023-08-24,North,Home & Garden,195.95,5
2023-05-27,East,Home & Garden,92.45,1
2024-09-09,West,Toys,64.11,1
2023-12-17,South,Toys,109.23,4
2023-09-15,West,Toys,15.35,4
2024-11-04,Central,Electronics,476.86,3
2024-07-31,South,Home & Garden,179.91,4
2023-12-19,East,Clothing,29.62,4
2024-12-12,West,Electronics,417.78,4
2024-05-16,Central,Home & Garden,294.76,1
2023-09-22,West,Electronics,557.48,4
2023-01-06,South,Home & Garden,41.77,1
2023-05-17,Central,Groceries,18.54,2
2024-07-02,West,Toys,37.72,3
2024-07-05,north,Toys,64.39,2
2023-06-16,East,Clothing,110.53,4
2023-02-17,South,Electronics,617.05,1
2023-02-15,East,Toys,68.45,5
2024-04-07,North,Electronics,262.36,3
2023-07-03,Central,Toys,27.46,1
2024-03-08,West,Clothing,34.87,3
2023-11-07,Central,Clothing,55.66,2
2024-01-04,South,Toys,52.14,2
2023-05-22,Central,Groceries,36.58,4
2023-09-26,West,Clothing,78.19,3
2023-10-27,East,Home & Garden,181.26,2
2024-07-02,North,Clothing,51.69,1
2024-03-14,East,Toys,18.35,3
2023-05-26,East,Groceries,58.01,2
2023-06-13,North,Home & Garden,234.03,5
2023-11-16,South,Electronics,648.96,4
2024-10-13,South,Clothing,111.01,1
2024-11-03,West,Electronics,327.96,3
2023-12-26,South,Clothing,91.18,5
2023-02-18,West,Clothing,100.31,2
2024-04-19,East,Home & Garden,57.12,2
2024-03-31,South,Clothing,115.45,2
2024-07-01,central,Home & Garden,187.9,1
2023-06-01,south,Toys,57.2,5
2024-12-09,East,Groceries,36.69,2
2024-12-15,Central,Home & Garden,63.98,4
2023-11-22,East,Groceries,12.78,4
2023-09-05,West,Toys,41.48,1
2023-02-22,North,Electronics,415.78,3
2023-04-11,East,Toys,39.27,4
2023-04-20,Central,Groceries,43.24,3
2024-06-30,South,Groceries,46.34,3
2023-11-22,Central,Electronics,335.2,1
2024-05-04,East,Electronics,856.94,1
2024-06-24,north,Home & Garden,122.28,3
2024-07-05,Central,Toys,79.02,5
2024-05-31,South,Groceries,29.91,2
2024-10-26,South,Clothing,23.33,5
2024-02-03,east,Clothing,105.87,1
2024-10-28,South,Home & Garden,134.82,1
2024-09-21,South,Toys,57.81,2
2023-04-12,West,Electronics,662.05,2
2024-06-15,South,Toys,76.37,2
2024-03-02,Central,Home & Garden,43.95,2
2024-04-30,West,Electronics,397.28,3
2024-11-13,North,Home & Garden,247.11,4
2024-02-27,south,Groceries,49.05,3
2024-12-08,South,Toys,17.79,4
2023-11-04,North,Toys,64.99,1
2023-07-22,Central,Home & Garden,54.5,1
2024-09-02,East,Groceries,26.88,1
2024-11-19,North,Toys,31.92,3
2024-05-02,North,Electronics,689.81,4
2024-10-02,North,Groceries,11.91,5
2023-12-01,East,Clothing,74.9,3
2024-12-08,South,Electronics,355.46,1
2024-10-03,West,Groceries,43.56,1
2023-06-29,West,Electronics,303.38,5
2024-08-14,South,Electronics,396.04,4
2024-10-03,West,Home & Garden,149.28,4
2023-03-10,West,Electronics,874.09,5
2023-09-12,South,Toys,40.45,5
2023-04-05,North,Home & Garden,58.82,1
2024-12-18,South,Groceries,34.52,1
2024-01-24,South,Groceries,9.05,3
2024-09-05,Central,Toys,14.66,5
2024-12-20,North,Home & Garden,100.54,2
2023-03-30,East,Clothing,75.13,4
2024-01-08,North,Home & Garden,33.95,5
2024-12-16,East,Home & Garden,243.74,1
2024-08-02,West,Electronics,616.57,1
2024-06-03,Central,Electronics,473.42,4
2024-04-03,East,Clothing,92.82,4
2024-08-11,East,Home & Garden,91.94,1
2024-07-18,South,Groceries,7.17,1
2023-12-14,west,Toys,30.6,2
2024-11-17,West,Groceries,30.72,5
2023-03-31,East,Toys,17.94,1
2024-01-04,west,Groceries,45.17,4
2024-11-01,south,Home & Garden,158.91,1
2023-11-22,West,Clothing,91.74,2
2023-08-08,Central,Home & Garden,32.3,1
2024-09-30,West,Electronics,696.62,3
2023-10-12,Central,Clothing,74.74,2
2024-12-14,Central,Groceries,7.2,3
2024-09-25,South,Groceries,18.51,3
2023-05-09,Central,Electronics,700.85,3
2024-01-09,South,Toys,49.2,3
2023-02-17,East,Clothing,15.0,3
2023-01-22,North,Groceries,41.7,3
2024-06-22,East,Toys,79.6,1
2023-10-09,North,Clothing,80.58,2
2023-05-10,West,Home & Garden,30.76,5
2023-03-31,South,Toys,19.01,3
2023-03-13,South,Home & Garden,176.08,2
2024-08-30,Central,Clothing,19.24,1
2023-01-10,North,Toys,36.44,3
2024-05-26,north,Groceries,46.26,5
2024-04-24,Central,Toys,45.02,4
2024-11-24,East,Toys,41.64,3
2024-12-22,Central,Home & Garden,86.1,5
2024-07-11,East,Groceries,29.68,5
2024-06-26,West,Toys,24.71,3
2023-05-11,South,Groceries,22.24,2
2024-06-17,East,Clothing,108.94,5
2023-09-27,East,Home & Garden,33.61,5
2023-07-29,Central,Home & Garden,100.47,2
2023-06-20,North,Home & Garden,88.98,5
2023-06-03,West,Electronics,670.55,1
2023-06-04,South,Clothing,26.78,4
2024-02-19,South,Groceries,22.8,3
2024-10-06,East,Toys,19.03,2
2024-04-03,East,Electronics,459.72,1
2024-10-23,East,Clothing,101.79,5
2024-09-27,North,Groceries,14.89,3
2024-02-25,North,Electronics,383.6,5
2023-01-30,East,Toys,45.73,5
2023-09-30,West,Electronics,524.16,5
2023-02-27,North,Home & Garden,233.41,1
2023-02-10,South,Clothing,93.52,4
2024-09-07,South,Electronics,735.76,5
2023-01-25,West,Clothing,47.88,3
2024-04-18,central,Electronics,744.47,4
2023-09-29,East,Electronics,813.94,4
2024-03-26,West,Toys,13.63,1
2023-03-04,South,Groceries,19.01,3
2024-01-31,East,Groceries,34.62,2
2023-03-14,North,Clothing,74.48,5
2024-11-02,Central,Clothing,76.12,5
2024-04-10,South,Groceries,28.92,3
2024-10-25,North,Home & Garden,95.23,4
2024-12-19,East,Groceries,22.32,4
2024-01-11,South,Home & Garden,92.61,4
2023-10-20,East,Home & Garden,27.22,5
2024-01-28,North,Toys,53.16,3
2023-07-31,Central,Clothing,49.56,2
2024-04-30,North,Toys,45.5,2
2023-12-10,West,Toys,77.06,2
2023-02-14,South,Toys,62.16,3
2024-11-11,Central,Clothing,56.48,1
2024-05-30,Central,Electronics,441.66,5
2024-10-12,Central,Home & Garden,297.12,2
2023-12-02,North,Home & Garden,196.72,1
2023-01-01,East,Clothing,89.22,3
2023-08-24,East,Electronics,724.19,3
2023-01-09,South,Electronics,342.01,4
2024-04-13,North,Groceries,24.89,2
2024-03-22,East,Home & Garden,40.56,1
2024-10-09,East,Home & Garden,85.44,5
2023-05-07,South,Clothing,115.36,3
2023-11-07,East,Toys,60.7,3
2024-04-26,South,Home & Garden,213.46,4
2024-09-08,East,Electronics,649.96,1
2023-11-15,West,Toys,19.43,5
2023-08-03,Central,Groceries,39.11,5
2024-05-08,Central,Groceries,38.78,4
2023-05-19,South,Clothing,45.34,3
2023-08-26,south,Toys,28.52,5
2023-01-30,South,Toys,12.14,3
2024-03-17,West,Home & Garden,147.0,5
2024-03-12,South,Clothing,31.98,3
2023-05-13,South,Electronics,527.09,3
2024-09-20,East,Clothing,115.39,1
2023-07-17,South,Toys,37.85,5
2023-04-14,Central,Electronics,587.57,3
2024-03-16,North,Electronics,670.61,1
2024-04-16,Central,Home & Garden,186.73,1
2024-10-06,East,Clothing,49.72,2
2024-12-19,South,Electronics,935.93,4
2024-03-13,North,Clothing,18.18,3
2024-11-25,West,Electronics,232.74,2
2023-06-22,North,Groceries,5.93,3
2024-09-15,West,Toys,77.36,5
2024-08-25,North,Clothing,53.57,5
2024-09-18,East,Electronics,437.05,4
2024-06-22,South,Groceries,20.82,4
2023-06-02,Central,Clothing,106.12,4
2024-04-09,South,Clothing,114.45,2
2023-06-13,West,Home & Garden,88.43,4
2023-10-24,West,Home & Garden,280.54,2
2024-03-03,South,Clothing,38.27,2
2023-10-15,North,Groceries,27.81,4
2023-12-23,West,Home & Garden,173.57,4
2023-07-30,West,Clothing,79.89,4
2023-05-26,East,Toys,27.67,1
2023-12-05,North,Home & Garden,233.04,2
2023-07-24,North,Electronics,763.01,5
2023-10-05,North,Groceries,7.92,5
2024-02-12,Central,Home & Garden,104.66,2
2023-09-11,Central,Electronics,854.37,1
2023-07-12,South,Home & Garden,38.97,2
2023-05-14,Central,Home & Garden,232.5,3
2024-12-02,South,Toys,76.6,5
2024-02-18,South,Home & Garden,248.32,3
2023-10-31,South,Groceries,31.93,2
2023-01-01,North,Home & Garden,191.26,5
2023-05-26,East,Clothing,34.0,3
2023-03-07,South,Toys,19.35,5
2024-07-25,West,Groceries,58.32,4
2023-08-30,North,Electronics,292.71,2
2023-02-28,East,Groceries,41.68,3
2024-11-26,Central,Groceries,46.11,2
2023-06-13,West,Toys,22.03,1
2023-04-02,North,Electronics,322.44,5
2024-04-16,Central,Home & Garden,140.95,1
2023-10-08,East,Home & Garden,31.74,5
2024-07-27,North,Electronics,777.99,3
2024-01-29,West,Home & Garden,211.32,3
2023-08-19,South,Groceries,53.53,4
2023-04-20,North,Toys,23.58,4
2023-09-16,East,Groceries,49.91,1
2023-01-04,Central,Home & Garden,80.43,5
2023-04-24,North,Electronics,343.32,2
2023-10-29,Central,Groceries,6.39,4
2024-05-05,Central,Electronics,842.53,2
2023-02-13,South,Groceries,54.76,4
2023-01-20,Central,Groceries,25.95,2
2023-01-23,Central,Home & Garden,248.98,3
2024-12-03,East,Clothing,102.03,1
2023-08-27,Central,Clothing,113.68,4
2023-04-12,East,Clothing,18.74,4
2024-05-19,east,Groceries,41.42,3
2024-04-06,west,Electronics,393.42,5
2024-02-10,Central,Clothing,81.53,3
2023-05-14,South,Clothing,41.47,3
2023-02-18,East,Home & Garden,55.93,3
2023-08-02,Central,Electronics,183.83,3
2024-02-04,North,Home & Garden,60.79,1
2024-08-28,South,Toys,63.14,3
2024-08-29,Central,Clothing,86.09,1
2023-03-21,West,Groceries,52.14,1
2023-04-22,East,Clothing,81.6,1
2023-05-09,West,Toys,37.05,1
2024-10-07,North,Clothing,111.28,3
2023-07-23,South,Clothing,39.78,4
2024-04-09,East,Home & Garden,74.77,2
2024-03-23,West,Toys,30.49,2
2023-05-11,south,Groceries,28.88,4
2024-10-27,Central,Clothing,18.91,4
2024-05-15,North,Clothing,99.5,3
2024-09-11,North,Groceries,31.39,1
2024-10-30,South,Toys,36.84,1
2023-07-05,South,Toys,65.76,4
2024-04-24,South,Home & Garden,49.4,1
2024-04-13,West,Groceries,32.5,2
2024-10-01,West,Clothing,35.51,3
2023-09-18,South,Toys,34.11,1
2024-11-03,North,Home & Garden,36.56,4
2023-06-05,Central,Groceries,7.46,2
2024-08-02,South,Clothing,103.87,3
2024-09-22,North,Groceries,9.84,1
2024-05-30,West,Groceries,22.36,5
2023-06-10,South,Home & Garden,274.93,2
2023-12-30,North,Toys,66.76,2
2024-05-31,South,Clothing,44.53,5
2024-10-08,South,Clothing,38.39,1
2024-10-18,Central,Toys,78.32,1
2023-01-30,West,Clothing,97.15,3
2023-02-28,North,Groceries,44.93,1
2024-12-07,South,Groceries,9.99,3
2024-09-17,West,Home & Garden,295.3,1
2024-12-22,Central,Clothing,72.54,2
2023-11-09,North,Clothing,72.99,2
2023-08-25,North,Clothing,100.17,5
2023-06-04,North,Clothing,17.89,3
2023-06-10,East,Toys,67.04,2
2023-09-27,North,Toys,49.46,5
2024-12-07,East,Home & Garden,49.38,2
2024-04-29,South,Clothing,18.66,5
2024-03-10,South,Toys,44.66,4
2023-03-08,Central,Groceries,29.24,1
2023-10-15,North,Groceries,57.61,5
2024-06-17,South,Clothing,96.44,5
2024-10-19,Central,Clothing,17.43,3
2023-08-18,North,Clothing,26.28,2
2023-12-12,South,Home & Garden,205.79,2
2024-03-02,South,Clothing,36.51,4
2024-07-29,East,Clothing,103.57,1
2023-08-28,Central,Home & Garden,23.39,4
2024-11-18,Central,Toys,29.19,4
2023-03-30,North,Electronics,289.45,5
2024-03-05,East,Toys,76.1,5
2023-07-28,North,Clothing,73.87,1
2023-07-03,West,Clothing,43.11,3
2024-03-16,North,Home & Garden,54.4,1
2023-07-27,West,Home & Garden,137.55,3
2024-02-22,South,Home & Garden,197.21,1
2023-01-03,East,Electronics,263.04,3
2023-04-21,East,Electronics,359.95,5
2023-06-04,South,Groceries,48.99,4
2023-02-06,Central,Clothing,90.96,2
2024-08-20,North,Electronics,287.48,2
2023-08-04,Central,Electronics,399.08,1
2023-03-24,North,Toys,40.06,1
2023-12-24,South,Clothing,46.94,1
2023-04-26,East,Groceries,27.48,2
2023-09-19,South,Groceries,41.62,5
2023-02-02,west,Toys,62.32,4
2024-02-20,North,Groceries,34.01,2
2024-07-27,Central,Home & Garden,20.21,4
2023-08-22,central,Home & Garden,226.29,2
2024-11-28,Central,Home & Garden,21.04,2
2024-03-16,East,Home & Garden,281.47,2
2023-10-05,central,Toys,17.9,2
2024-08-31,North,Electronics,631.97,3
2023-06-30,West,Toys,48.55,4
2024-10-24,Central,Toys,23.17,2
2023-06-28,South,Groceries,23.77,2
2024-02-09,West,Toys,77.65,5
2023-12-02,North,Home & Garden,181.14,1
2024-01-28,South,Home & Garden,235.54,1
2024-12-09,Central,Electronics,438.65,1
2024-06-24,East,Groceries,25.47,2
2023-05-08,North,Electronics,776.77,3
2024-12-15,South,Home & Garden,169.91,4
2023-08-25,Central,Home & Garden,293.94,2
2023-07-18,South,Electronics,419.38,5
2024-10-19,north,Electronics,639.05,5
2024-02-04,South,Groceries,45.31,3
2023-02-07,East,Home & Garden,53.16,2
2023-10-12,South,Electronics,182.81,3
2023-10-25,North,Toys,37.91,2
2023-10-06,East,Home & Garden,50.0,3
2024-04-08,East,Home & Garden,119.3,1
2024-06-02,Central,Groceries,54.09,5
2024-08-07,East,Electronics,383.44,1
2024-12-15,east,Home & Garden,112.94,3
2023-09-24,South,Toys,67.39,2
2023-08-01,North,Toys,19.47,1
2024-07-09,South,Home & Garden,282.84,1
2024-05-02,East,Clothing,,3
2023-05-29,East,Home & Garden,247.36,2
2023-03-04,West,Clothing,69.76,1
2024-11-05,East,Groceries,45.44,2
2023-07-02,North,Toys,46.78,5
2024-09-12,Central,Groceries,26.53,5
2024-03-14,North,Home & Garden,298.23,4
2024-07-20,West,Toys,24.14,2
2024-10-16,South,Groceries,54.96,5
2023-07-31,Central,Toys,20.35,5
2023-09-30,West,Toys,54.35,3
2023-07-13,South,Home & Garden,212.7,2
2023-03-17,Central,Home & Garden,257.58,4
2023-02-17,Central,Clothing,23.58,5
2024-09-24,Central,Toys,70.49,2
2024-07-28,North,Home & Garden,274.92,3
2024-08-26,East,Toys,47.3,1
2023-01-24,North,Toys,69.72,3
2023-03-17,West,Clothing,81.54,1
2023-10-08,Central,Electronics,223.48,1
2024-07-08,North,Groceries,26.55,2
2024-11-09,West,Clothing,102.34,3
2023-01-28,Central,Electronics,627.3,5
2023-09-03,Central,Electronics,260.33,2
2023-04-06,South,Home & Garden,87.12,5
2023-11-04,South,Toys,59.47,5
2023-12-05,East,Toys,68.39,2
2024-05-04,North,Groceries,8.86,4
2024-08-16,North,Home & Garden,135.96,3
2023-08-29,North,Toys,79.46,1
2024-12-03,North,Clothing,71.43,4
2024-05-11,East,Toys,62.15,3
2024-05-07,West,Clothing,58.86,5
2024-12-27,South,Groceries,57.52,2
2023-02-27,south,Electronics,334.16,1
2023-03-07,West,Groceries,58.32,2
2023-04-07,West,Groceries,5.29,2
2024-09-26,East,Groceries,23.84,5
2024-10-01,North,Toys,22.31,2
2024-07-04,West,Home & Garden,186.18,3
2023-10-21,Central,Toys,21.75,3
2024-11-25,West,Groceries,33.96,3
2024-04-20,Central,Electronics,467.74,5
2023-01-24,east,Groceries,53.0,5
2024-09-06,Central,Electronics,603.73,1
2023-08-30,Central,Clothing,57.22,4
2023-02-08,North,Toys,64.35,1
2024-02-09,central,Groceries,15.07,5
2024-10-10,South,Groceries,54.1,3
2023-12-08,Central,Toys,44.19,2
2024-02-07,Central,Electronics,748.54,3
2023-01-08,West,Home & Garden,276.87,1
2023-09-22,Central,Electronics,187.95,2
2024-07-15,East,Toys,68.73,3
2024-03-19,East,Toys,78.03,3
2024-02-27,West,Groceries,46.52,5
2024-11-25,Central,Home & Garden,92.0,3
2024-11-05,West,Clothing,87.94,5
2023-02-03,West,Clothing,69.14,1
2023-06-25,East,Groceries,58.96,4
2023-11-11,North,Electronics,744.78,3
2024-05-23,East,Toys,18.53,4
2024-04-20,East,Toys,55.51,3
2023-06-24,Central,Clothing,118.9,4
2023-11-19,East,Electronics,303.15,4
2023-07-30,west,Toys,26.73,1
2023-06-04,Central,Home & Garden,128.85,2
2024-11-19,south,Toys,19.14,5
2023-11-25,West,Electronics,484.59,3
2024-01-09,north,Electronics,194.48,3
2024-12-07,South,Electronics,1148.6,5
2023-06-30,east,Electronics,241.68,5
2023-09-04,South,Groceries,49.57,3
2024-08-16,North,Toys,25.8,5
2024-02-23,East,Clothing,108.43,5
2023-01-03,West,Electronics,631.52,3
2024-12-28,West,Groceries,49.14,3
2024-07-12,West,Groceries,13.88,1
2024-02-01,South,Toys,64.67,4
2024-01-28,South,Toys,20.34,3
2023-04-28,East,Toys,55.77,4
2024-10-31,North,Electronics,488.47,2
2024-11-27,east,Toys,52.19,5
2023-06-08,South,Home & Garden,134.31,3
2024-08-29,South,Clothing,106.2,1
2023-03-05,North,Toys,45.32,3
2023-08-01,West,Groceries,43.45,5
2023-03-10,West,Groceries,48.73,5
2023-11-23,East,Clothing,74.34,3
2024-11-23,South,Toys,20.31,1
2023-05-15,West,Toys,58.92,2
2024-09-13,North,Home & Garden,252.1,2
2023-05-10,South,Clothing,79.02,5
2023-11-15,south,Groceries,44.63,2
2023-11-27,North,Groceries,56.53,4
2024-12-29,Central,Home & Garden,45.74,4
2024-11-04,West,Home & Garden,232.7,2
2023-04-13,Central,Clothing,18.23,1
2023-07-04,East,Electronics,657.5,2
2024-03-29,Central,Groceries,8.9,4
2024-12-23,South,Home & Garden,82.84,2
2024-10-15,South,Clothing,78.55,1
2024-06-08,East,Home & Garden,56.45,5
2023-07-02,South,Groceries,6.35,4
2024-04-13,Central,Electronics,846.81,1
2023-10-01,Central,Home & Garden,117.52,1
2024-04-13,South,Toys,42.67,5
2024-08-10,Central,Electronics,854.81,4
2023-04-27,West,Home & Garden,226.53,2
2024-03-19,South,Home & Garden,165.06,4
2024-05-28,West,Groceries,56.26,5
2023-07-29,Central,Electronics,428.92,5
2023-02-05,East,Electronics,364.32,1
2024-08-02,East,Electronics,783.53,1
2023-12-10,North,Electronics,540.46,5
2023-02-15,Central,Electronics,319.56,5
2024-06-27,East,Groceries,41.85,1
2024-02-27,south,Home & Garden,274.3,3
2023-05-25,North,Electronics,453.02,2
2024-04-25,East,Electronics,362.36,3
2023-08-20,South,Groceries,32.15,2
2023-12-02,West,Clothing,95.71,1
2023-10-31,North,Clothing,92.94,3
2024-11-27,west,Home & Garden,277.74,5
2023-05-09,east,Clothing,17.53,2
2024-04-01,East,Electronics,369.53,4
2023-07-17,West,Home & Garden,252.24,3
2024-09-07,North,Toys,66.63,1
2023-12-26,East,Toys,49.12,2
2024-09-20,East,Home & Garden,80.76,2
2024-07-06,West,Toys,45.28,1
2023-04-07,North,Toys,15.99,3
2023-02-15,South,Electronics,740.53,2
2024-02-12,North,Home & Garden,201.33,3
2023-01-23,Central,Toys,21.54,5
2024-12-14,Central,Home & Garden,190.36,5
2024-02-08,Central,Groceries,38.03,4
2023-02-14,Central,Home & Garden,144.29,5
2023-10-15,East,Clothing,114.75,5
2024-10-09,Central,Home & Garden,249.29,1
2024-10-06,North,Electronics,352.77,3
2023-02-02,North,Electronics,,4
2023-07-19,East,Clothing,115.94,3
2024-02-21,East,Groceries,19.52,1
2023-05-14,West,Home & Garden,137.14,2
2024-10-13,East,Electronics,875.76,4
2023-08-08,North,Groceries,25.04,1
2024-11-15,Central,Home & Garden,58.59,4
2024-11-04,North,Home & Garden,48.84,2
2024-02-28,east,Home & Garden,139.37,1
2024-05-06,South,Clothing,91.01,1
2023-11-15,Central,Groceries,28.33,2
2024-08-17,West,Toys,51.91,4
2024-09-07,west,Home & Garden,64.51,1
2023-05-04,East,Home & Garden,71.48,4
2023-01-23,East,Clothing,103.41,3
2024-05-14,North,Home & Garden,228.89,4
2024-03-27,South,Electronics,371.92,3
2024-06-02,South,Groceries,56.76,5
2023-10-31,West,Clothing,84.18,1
2023-12-31,West,Home & Garden,97.7,4
2023-05-31,Central,Toys,53.87,5
2023-04-27,West,Groceries,14.14,4
2024-01-18,North,Toys,58.4,4
2023-06-09,North,Groceries,58.92,2
2024-09-13,East,Home & Garden,284.63,1
2023-12-13,South,Groceries,54.9,5
2024-04-12,West,Clothing,59.89,1
2023-03-15,South,Clothing,83.28,3
2024-05-17,East,Clothing,82.0,2
2023-02-21,South,Groceries,42.27,5
2023-10-05,North,Toys,23.3,5
2023-02-13,West,Home & Garden,274.57,1
2024-05-09,South,Electronics,314.67,1
2023-10-13,North,Home & Garden,116.83,2
2023-08-14,Central,Toys,36.16,4
2023-02-02,East,Toys,29.34,5
2023-10-19,Central,Home & Garden,20.41,5
2023-05-12,South,Home & Garden,80.33,5
2024-04-15,South,Electronics,614.78,4
2024-01-08,North,Toys,68.78,5
2023-06-23,West,Clothing,40.51,5
2023-12-04,North,Home & Garden,193.71,2
2023-09-24,South,Clothing,103.19,3
2023-11-02,South,Clothing,116.91,3
2023-02-18,East,Toys,16.14,3
2024-03-09,South,Home & Garden,39.54,1
2024-01-18,West,Groceries,22.8,2
2023-09-25,West,Electronics,631.31,5
2024-11-13,East,Groceries,54.93,2
2023-04-05,Central,Electronics,322.56,2
2023-06-23,North,Toys,29.68,4
2023-07-01,East,Clothing,90.8,2
2023-01-21,Central,Home & Garden,143.06,4
2024-10-19,East,Electronics,722.88,2
2023-01-25,North,Clothing,110.47,1
2023-04-12,South,Groceries,50.81,3
2023-10-16,North,Home & Garden,101.86,2
2023-07-17,West,Toys,60.05,1
2023-04-08,North,Toys,40.59,1
2024-07-16,East,Toys,70.38,1
2023-02-24,Central,Home & Garden,,5
2023-03-27,south,Clothing,73.0,4
2024-11-09,Central,Electronics,162.24,4
2023-09-18,Central,Toys,45.55,3
2024-04-12,East,Groceries,29.95,2
2023-03-21,North,Home & Garden,145.88,1
2024-08-05,East,Clothing,87.72,2
2024-10-27,South,Groceries,43.57,3
2023-10-05,North,Clothing,115.99,2
2024-05-15,West,Home & Garden,155.04,3
2024-09-18,south,Clothing,117.48,5
2023-10-12,North,Electronics,429.61,3
2024-06-18,West,Groceries,43.79,4
2024-06-27,East,Home & Garden,193.29,1
2023-07-29,South,Electronics,868.2,3
2023-09-24,East,Toys,55.17,2
2024-08-13,North,Home & Garden,134.89,2
2023-10-03,Central,Electronics,181.91,2
2023-05-14,North,Electronics,829.12,2
2023-03-22,Central,Groceries,26.47,3
2024-03-23,West,Groceries,38.85,1
2023-04-20,South,Home & Garden,217.5,1
2024-04-19,East,Toys,55.01,3
2023-01-04,North,Electronics,758.4,3
2024-07-24,West,Clothing,61.64,2
2024-10-03,East,Clothing,18.22,5
2023-02-08,South,Electronics,304.69,5
2023-01-20,North,Home & Garden,117.32,4
2023-11-08,North,Toys,55.95,1
2023-10-09,East,Clothing,25.28,3
2023-08-27,Central,Home & Garden,274.03,1
2023-09-29,Central,Toys,63.63,3
2024-09-03,East,Groceries,36.08,4
2023-08-05,East,Groceries,49.71,3
2023-05-23,East,Toys,22.06,5
2024-02-27,east,Electronics,796.15,3
2024-03-08,West,Clothing,112.93,3
2023-05-01,East,Clothing,48.24,4
2024-09-06,South,Electronics,323.36,3
2024-06-22,East,Electronics,668.31,5
2023-09-04,West,Home & Garden,71.74,1
2023-08-14,North,Electronics,309.03,4
2023-06-22,East,Groceries,27.01,5
2024-06-20,Central,Toys,47.32,5
2023-05-30,North,Toys,13.82,5
2024-05-01,South,Groceries,21.4,3
2024-02-25,South,Electronics,382.92,4
2023-08-29,South,Groceries,39.45,4
2024-09-17,central,Toys,12.68,5
2024-07-27,West,Groceries,16.22,5
2024-10-10,North,Clothing,103.94,1
2024-01-10,South,Home & Garden,199.89,1
2023-03-10,West,Home & Garden,240.22,2
2023-10-15,North,Electronics,839.83,3
2024-10-24,Central,Home & Garden,190.01,2
2024-07-21,South,Groceries,19.81,4
2023-11-14,South,Electronics,201.97,5
2023-08-09,Central,Electronics,183.83,4
2023-08-17,North,Clothing,119.63,4
2023-03-13,West,Home & Garden,103.13,2
2024-03-15,East,Electronics,520.18,5
2023-01-30,West,Clothing,32.35,5
2023-12-29,East,Toys,16.72,3
2023-04-14,West,Toys,58.43,2
2024-02-11,South,Electronics,287.12,3
2023-11-26,East,Electronics,290.88,3
2024-01-31,North,Home & Garden,164.53,1
2024-11-17,West,Toys,52.68,5
2024-08-09,West,Toys,31.89,2
2023-07-15,North,Home & Garden,201.22,4
2024-08-08,north,Electronics,880.25,3
2024-04-04,south,Electronics,226.9,2
2023-03-12,North,Clothing,15.51,5
2023-12-05,North,Electronics,1225.53,5
2023-02-11,North,Clothing,113.58,3
2024-05-21,Central,Home & Garden,119.11,2
2024-03-04,North,Clothing,23.83,2
2024-09-26,South,Clothing,17.51,5
2024-07-01,Central,Toys,69.94,1
2023-05-03,East,Toys,13.46,3
2024-05-03,west,Home & Garden,35.8,4
2023-10-05,South,Toys,56.85,3
2024-05-26,Central,Electronics,735.74,1
2024-06-05,North,Clothing,40.13,4
2024-07-13,Central,Electronics,21633.0,1
2024-04-22,West,Toys,37.92,1
2023-11-19,north,Clothing,102.73,5
2024-07-14,Central,Groceries,56.98,3
2024-02-14,South,Groceries,15.06,2
2023-04-29,East,Toys,62.8,3
2024-04-04,West,Electronics,667.27,2
2023-11-13,West,Electronics,668.11,2
2023-01-15,Central,Electronics,158.72,2
2024-05-28,East,Home & Garden,174.69,2
2023-03-16,North,Electronics,213.86,1
2023-10-07,South,Electronics,671.19,2
2024-11-06,South,Toys,64.87,4
2024-09-20,north,Home & Garden,73.77,1
2024-09-29,Central,Clothing,16.94,5
2023-04-27,West,Home & Garden,206.24,1
2023-08-31,North,Home & Garden,264.78,2
2024-08-15,West,Electronics,260.77,5
2023-10-23,West,Electronics,213.51,2
2023-02-03,East,Clothing,59.89,4
2024-09-20,North,Groceries,29.29,3
2023-11-29,Central,Electronics,761.69,3
2024-09-27,North,Groceries,9.0,4
2024-12-08,South,Electronics,518.94,5
2023-08-10,East,Home & Garden,270.64,1
2024-06-24,North,Groceries,59.0,4
2024-02-22,North,Electronics,696.8,1
2024-08-19,South,Clothing,97.92,2
2023-01-11,West,Groceries,47.0,1
2023-09-24,South,Clothing,119.33,2
2023-01-21,south,Electronics,193.62,3
2024-09-27,East,Groceries,59.19,5
2024-10-24,South,Toys,67.59,5
2023-12-10,Central,Electronics,255.87,4
2023-04-24,East,Home & Garden,235.62,5
2024-04-28,North,Home & Garden,50.49,3
2023-12-01,East,Clothing,36.55,2
2023-01-03,Central,Electronics,564.57,3
2023-03-10,North,Clothing,32.49,4
2023-08-25,South,Electronics,508.62,2
2024-09-26,Central,Groceries,29.6,2
2023-05-21,Central,Electronics,596.86,4
2023-09-11,South,Groceries,55.73,1
2023-04-08,Central,Groceries,41.98,4
2023-05-06,West,Clothing,90.19,5
2023-04-19,Central,Toys,47.41,3
2024-11-19,Central,Toys,20.32,1
2024-08-05,South,Toys,22.32,4
2023-05-23,East,Electronics,481.74,4
2024-01-04,Central,Clothing,74.83,5
2023-09-30,East,Electronics,224.83,3
2024-12-09,West,Home & Garden,191.29,2
2023-12-07,East,Toys,53.3,3
2023-12-28,South,Groceries,50.35,2
2024-08-25,North,Groceries,8.6,5
2024-03-25,West,Home & Garden,38.54,1
2023-03-28,North,Home & Garden,102.02,5
2024-09-22,South,Electronics,359.72,4
2024-12-20,North,Clothing,63.74,3
2024-01-02,West,Electronics,256.61,2
2023-04-25,East,Groceries,14.66,3
2024-04-04,East,Groceries,8.13,1
2023-02-22,Central,Electronics,249.89,5
2023-05-05,South,Groceries,45.16,2
2023-04-07,East,Home & Garden,,4
2023-07-29,South,Groceries,40.35,5
2024-06-21,West,Home & Garden,178.88,1
2024-05-14,South,Toys,48.9,1
2023-01-29,Central,Groceries,40.52,4
2024-09-25,North,Clothing,90.45,1
2024-11-23,East,Groceries,9.11,3
2023-01-04,North,Groceries,18.19,1
2023-04-01,West,Toys,,1
2023-03-09,East,Toys,23.8,5
2024-05-12,West,Groceries,56.7,3
2024-06-22,South,Toys,71.07,3
2023-07-28,North,Groceries,55.57,3
2023-01-26,West,Electronics,181.52,2
2023-08-25,North,Home & Garden,54.42,1
2023-07-24,North,Home & Garden,151.18,2
2023-11-07,West,Electronics,853.56,4
2023-04-06,West,Clothing,89.76,4
2023-08-11,Central,Home & Garden,180.63,1
2024-06-25,North,Groceries,32.06,3
2023-03-21,West,Electronics,324.06,2
2023-06-13,East,Groceries,56.65,2
2024-12-26,east,Groceries,41.83,2
2023-06-05,East,Clothing,51.55,5
2023-01-20,East,Home & Garden,222.81,2
2023-10-09,North,Toys,66.72,2
2024-05-08,North,Toys,44.42,1
2023-09-19,West,Toys,60.76,5
2023-01-17,West,Groceries,,3
2024-12-16,East,Clothing,52.3,1
2024-01-06,Central,Groceries,30.29,5
2024-09-27,West,Clothing,41.21,1
2024-02-14,East,Toys,58.4,3
2024-05-26,West,Toys,11.31,3
2024-12-24,West,Groceries,24.6,2
2023-06-17,west,Toys,69.66,4
2024-12-04,North,Electronics,1123.38,2
2024-02-06,Central,Electronics,,5
2024-03-06,Central,Clothing,76.4,5
2023-03-09,East,Clothing,110.57,4
2024-06-14,West,Toys,33.94,3
2024-12-21,Central,Toys,29.68,2
2023-11-21,East,Groceries,25.24,4
2024-09-04,North,Groceries,12.49,2
2023-10-05,Central,Home & Garden,229.98,1
2024-12-10,south,Home & Garden,205.75,1
2023-10-24,West,Clothing,104.18,3
2023-04-07,Central,Clothing,86.78,3
2023-07-15,South,Home & Garden,252.81,5
2023-05-29,Central,Toys,60.41,1
2024-11-11,North,Clothing,30.73,1
2023-12-07,Central,Electronics,492.78,4
2023-02-14,North,Toys,68.55,4
2024-10-16,North,Electronics,388.46,5
2023-05-08,East,Groceries,24.34,2
2023-04-14,South,Toys,75.32,2
2023-10-28,East,Electronics,240.31,5
2023-05-05,Central,Toys,15.0,4
2024-04-17,Central,Clothing,111.18,3
2023-07-10,West,Electronics,446.22,5
2023-03-02,East,Toys,25.42,3
2023-07-12,South,Electronics,530.01,1
2023-04-05,East,Electronics,679.41,4
2024-12-29,South,Clothing,82.76,1
2023-03-25,West,Toys,74.28,2
2024-04-27,Central,Electronics,533.23,2
2023-10-05,East,Clothing,99.59,3
2024-10-07,East,Toys,20.62,3
2023-04-08,West,Clothing,50.21,5
2023-02-15,West,Home & Garden,131.35,2
2023-01-12,Central,Electronics,294.45,2
2023-03-09,Central,Groceries,43.05,3
2024-12-24,North,Home & Garden,251.67,1
2023-10-21,South,Clothing,60.04,3
2023-05-27,North,Toys,10.18,4
2023-03-19,North,Home & Garden,92.44,1
2024-11-01,South,Home & Garden,228.5,5
2023-10-11,East,Electronics,376.37,2
2023-02-25,north,Toys,15.68,5
2024-09-04,South,Groceries,50.53,2
2023-01-20,Central,Home & Garden,104.88,2
2023-03-19,North,Toys,51.75,4
2024-07-22,central,Clothing,91.98,4
2024-10-16,Central,Clothing,60.08,4
2023-04-15,West,Clothing,56.34,4
2023-01-24,Central,Groceries,58.88,5
2023-03-20,South,Home & Garden,134.45,2
2023-06-14,West,Toys,64.57,5
2023-08-11,Central,Home & Garden,163.14,3
2024-04-23,North,Clothing,29.53,3
2024-08-28,West,Home & Garden,219.56,1
2024-06-14,North,Home & Garden,296.95,2
2024-06-11,east,Toys,41.65,4
2024-06-16,East,Toys,28.94,4
2023-03-02,Central,Home & Garden,84.78,4
2024-12-02,Central,Clothing,54.4,4
2023-11-09,Central,Clothing,50.08,4
2023-08-16,South,Home & Garden,220.52,4
2023-02-16,Central,Groceries,6.92,4
2023-11-06,East,Toys,31.24,1
2023-08-01,South,Home & Garden,209.89,5
2024-03-21,Central,Clothing,114.02,3
2023-02-09,West,Groceries,27.82,3
2024-08-12,East,Groceries,14.58,3
2023-04-10,East,Home & Garden,163.82,4
2023-07-20,West,Electronics,226.62,5
2023-11-24,Central,Clothing,85.4,5
2023-04-28,South,Clothing,48.26,1
2024-10-17,North,Groceries,11.01,5
2024-04-16,South,Groceries,35.37,5
2024-03-31,South,Clothing,61.28,2
2023-08-30,North,Electronics,198.92,5
2024-10-18,West,Clothing,98.04,3
2023-02-28,Central,Clothing,35.13,3
2024-02-22,North,Electronics,198.74,5
2024-10-09,North,Electronics,678.61,2
2023-03-13,North,Groceries,41.81,2
2024-03-14,South,Electronics,681.6,4
2024-10-03,North,Electronics,505.08,4
2024-06-15,East,Home & Garden,73.27,1
2023-12-31,West,Home & Garden,181.86,3
2023-07-02,Central,Toys,71.55,1
2024-09-30,Central,Groceries,47.85,4
2024-03-24,West,Home & Garden,28.89,4
2024-09-09,South,Home & Garden,188.29,5
2024-10-23,Central,Groceries,22.55,4
2024-01-08,South,Clothing,103.1,2
2023-07-13,North,Clothing,43.69,4
2023-03-05,East,Home & Garden,163.6,3
2024-05-14,Central,Home & Garden,267.7,1
2023-03-08,South,Groceries,36.5,1
2023-11-29,Central,Groceries,42.08,2
2024-07-11,North,Toys,37.9,4
2024-05-29,East,Toys,,4
2023-12-12,West,Toys,85.41,2
2024-05-03,North,Clothing,28.94,5
2023-04-14,north,Electronics,580.12,2
2023-11-10,West,Electronics,781.2,4
2023-08-02,North,Toys,10.14,3
2024-06-25,East,Home & Garden,267.94,4
2024-02-23,Central,Toys,28.79,5
2023-11-16,Central,Toys,31.56,2
2024-12-14,South,Toys,92.78,4
2024-12-10,East,Groceries,43.6,5
2023-12-21,East,Toys,17.33,5
2023-01-27,South,Clothing,29.7,4
2024-12-24,South,Groceries,12.32,5
2024-04-01,East,Toys,19.28,3
2023-02-24,North,Electronics,476.45,4
2023-02-11,West,Electronics,697.1,5
2024-06-25,Central,Home & Garden,113.79,3
2024-11-06,Central,Toys,24.36,1
2023-08-15,Central,Electronics,447.43,4
2024-08-31,South,Home & Garden,150.21,4
2024-01-31,North,Electronics,880.02,1
2023-05-24,West,Electronics,190.9,3
2024-06-13,East,Electronics,767.44,3
2024-12-14,West,Toys,95.73,4
2024-04-09,Central,Electronics,534.87,5
2024-06-18,South,Groceries,19.17,3
2023-08-20,North,Electronics,326.32,4
2023-10-16,Central,Electronics,873.44,3
2023-06-16,East,Electronics,197.17,4
2024-03-20,East,Electronics,481.2,2
2024-10-08,South,Clothing,40.84,3
2024-07-13,North,Toys,17.74,5
2024-12-21,Central,Groceries,46.77,3
2024-04-27,North,Clothing,72.09,3
2024-09-14,Central,Toys,58.27,2
2023-05-04,East,Clothing,112.7,5
2023-08-14,central,Groceries,34.66,5
2023-01-24,East,Clothing,117.06,4
2024-08-19,East,Electronics,156.31,2
2023-02-20,East,Clothing,54.01,5
2023-09-15,Central,Toys,49.43,2
2023-08-11,South,Groceries,28.04,3
2024-07-09,North,Home & Garden,132.15,4
2023-12-29,North,Groceries,8.52,4
2023-06-15,West,Toys,38.77,5
2024-02-07,South,Groceries,32.31,2
2024-04-14,Central,Electronics,443.67,3
2024-12-02,West,Electronics,361.4,5
2024-10-12,Central,Toys,51.03,5
2023-11-06,North,Home & Garden,281.13,4
2024-06-08,West,Electronics,525.88,5
2023-11-08,East,Electronics,440.83,2
2024-03-18,South,Toys,47.73,3
2023-01-30,West,Clothing,79.43,1
2024-02-18,East,Home & Garden,67.1,5
2023-04-23,Central,Groceries,15.94,3
2024-04-16,East,Home & Garden,75.44,2
2024-01-19,West,Home & Garden,159.12,1
2024-12-18,North,Home & Garden,154.67,2
2024-04-02,Central,Groceries,7.03,2
2023-10-19,East,Home & Garden,207.54,1
2023-06-25,North,Home & Garden,293.34,2
2024-02-21,North,Clothing,77.98,3
2024-09-17,South,Electronics,205.3,1
2023-07-03,south,Home & Garden,216.49,1
2023-09-24,East,Electronics,534.22,5
2023-01-23,South,Groceries,5.51,1
2023-05-14,West,Toys,72.43,2
2024-12-31,north,Toys,96.41,3
2023-08-28,Central,Electronics,588.15,2
2023-10-24,central,Clothing,63.93,1
2024-11-20,East,Home & Garden,97.72,2
2024-05-31,South,Electronics,454.8,1
2024-06-09,Central,Home & Garden,286.13,4
2023-11-08,North,Home & Garden,140.59,1
2023-01-31,East,Toys,18.12,2
2023-02-12,West,Groceries,39.08,5
2024-12-07,east,Groceries,43.39,5
2024-01-29,East,Electronics,616.48,4
2023-07-20,north,Groceries,32.8,4
2023-08-21,Central,Home & Garden,235.88,3
2023-09-16,East,Clothing,23.33,2
2024-05-17,South,Clothing,45.37,1
2024-03-21,Central,Clothing,44.87,1
2024-12-30,North,Home & Garden,244.65,3
2023-10-08,Central,Groceries,59.58,4
2023-09-19,South,Electronics,381.56,3
2023-08-16,East,Electronics,384.2,2
2023-03-11,South,Home & Garden,39.41,1
2023-08-20,East,Clothing,70.51,3
2023-03-23,West,Clothing,83.09,3
2024-11-12,East,Toys,46.96,5
2024-07-21,East,Home & Garden,274.76,1
2023-07-12,north,Clothing,105.04,4
2023-08-25,South,Clothing,45.33,4
2023-08-16,East,Electronics,219.3,4
2023-04-13,West,Toys,33.74,5
2023-07-07,South,Home & Garden,241.18,3
2023-04-15,East,Toys,75.16,4
2023-01-01,East,Clothing,63.22,5
2023-01-16,East,Clothing,44.8,5
2023-05-20,central,Toys,56.1,5
2024-07-21,North,Clothing,15.16,2
2024-09-25,North,Groceries,39.43,1
2023-05-31,West,Electronics,297.32,2
2024-10-27,North,Groceries,31.65,4
2023-04-25,West,Toys,62.59,3
2024-05-03,West,Electronics,168.76,1
2023-09-27,West,Toys,11.44,3
2024-03-14,North,Clothing,116.24,3
2024-08-28,East,Groceries,9.63,2
2023-11-29,West,Home & Garden,143.97,5
2024-03-07,West,Clothing,54.6,5
2024-05-29,West,Clothing,119.91,3
2024-11-17,Central,Clothing,108.96,1
2023-03-16,West,Toys,49.39,3
2023-06-30,South,Groceries,18.91,1
2024-12-24,Central,Home & Garden,125.0,1
2023-11-14,Central,Home & Garden,21.73,4
2023-11-14,West,Toys,73.72,4
2024-10-16,east,Clothing,80.04,3
2023-06-21,North,Electronics,673.48,5
2024-07-12,South,Toys,20.8,5
2023-11-09,East,Clothing,83.26,3
2024-10-04,Central,Toys,11.58,1
2024-06-05,East,Groceries,27.85,1
2024-03-18,East,Toys,67.71,1
2023-08-08,West,Toys,74.03,3
2024-04-21,north,Home & Garden,282.54,2
2023-02-12,Central,Toys,49.6,2
2023-06-02,South,Home & Garden,85.89,5
2023-07-01,East,Home & Garden,294.91,2
2024-07-06,East,Home & Garden,85.59,3
2023-09-01,South,Clothing,69.62,3
2023-05-17,North,Electronics,332.88,4
2023-10-05,East,Home & Garden,140.36,1
2024-05-07,South,Clothing,16.99,1
2024-04-06,West,Toys,33.26,1
2023-09-07,North,Electronics,589.71,5
2023-02-22,South,Electronics,389.28,1
2024-05-05,East,Clothing,18.66,5
2024-03-07,East,Electronics,670.03,1
2024-06-02,Central,Electronics,670.11,5
2024-12-23,Central,Groceries,28.11,1
2023-05-22,East,Electronics,319.37,1
2023-06-14,Central,Clothing,67.63,2
2024-09-08,Central,Home & Garden,71.22,3
2024-06-12,West,Toys,77.73,5
2024-08-11,Central,Clothing,36.37,1
2024-09-01,North,Home & Garden,221.37,1
2023-01-18,North,Electronics,895.0,5
2024-08-08,West,Electronics,728.21,2
2023-10-04,Central,Toys,66.31,3
2023-10-18,south,Groceries,49.12,1
2024-01-20,South,Electronics,643.79,4
2024-05-27,South,Home & Garden,27.04,5
2024-05-03,Central,Toys,35.31,3
2023-06-04,West,Home & Garden,,5
2023-08-23,north,Home & Garden,127.58,1
2023-03-16,North,Toys,48.2,1
2024-01-23,Central,Groceries,36.23,4
2024-05-29,North,Clothing,31.33,3
2023-09-10,Central,Clothing,45.09,5
2024-05-13,South,Clothing,21.67,1
2024-02-15,South,Toys,28.25,4
2024-09-26,Central,Electronics,472.47,1
2023-06-03,South,Home & Garden,30.41,1
2024-11-23,West,Electronics,690.09,3
2024-02-05,North,Electronics,296.58,5
2024-01-30,central,Toys,61.59,4
2024-07-26,Central,Clothing,20.29,5
2023-03-22,South,Home & Garden,162.1,4
2023-01-13,South,Groceries,6.17,5
2023-09-13,Central,Home & Garden,259.82,3
2023-02-10,North,Home & Garden,179.46,3
2023-10-16,North,Home & Garden,102.04,1
2024-05-23,West,Electronics,754.69,1
2024-08-12,North,Groceries,32.53,4
2024-10-20,Central,Home & Garden,281.12,4
2024-01-16,South,Groceries,53.41,4
2024-11-02,Central,Home & Garden,230.2,1
2024-11-01,East,Home & Garden,80.42,2
2023-12-28,North,Toys,22.95,1
2024-02-25,North,Toys,62.57,5
2023-10-14,East,Groceries,35.58,2
2024-04-15,South,Clothing,39.7,3
2023-12-31,west,Home & Garden,23.12,1
2023-06-17,North,Electronics,458.63,4
2024-05-22,North,Home & Garden,155.18,4
2024-02-17,Central,Home & Garden,207.25,4
2024-04-27,East,Groceries,53.38,1
2024-08-11,South,Clothing,26.54,3
2024-10-17,North,Clothing,101.5,2
2023-10-22,West,Clothing,112.53,2
2023-02-10,North,Home & Garden,297.39,3
2024-03-17,Central,Groceries,9.66,2
2024-10-18,Central,Home & Garden,70.26,4
2023-05-06,east,Home & Garden,49.89,1
2024-04-10,North,Clothing,44.44,2
2024-03-23,North,Groceries,24.59,3
2023-12-22,West,Home & Garden,47.55,4
2023-04-07,South,Toys,23.48,5
2023-03-04,South,Electronics,284.37,5
2023-01-19,West,Groceries,48.99,1
2023-03-11,East,Toys,34.04,3
2023-08-09,East,Toys,15.83,1
2023-11-02,Central,Clothing,51.78,1
2024-12-11,West,Home & Garden,200.91,2
2023-08-23,South,Home & Garden,30.32,2
2024-12-18,West,Toys,77.21,2
2024-11-22,West,Home & Garden,172.97,3
2024-06-24,East,Toys,70.63,2
2023-10-11,South,Electronics,331.61,1
2023-12-03,North,Clothing,105.32,4
2023-07-01,West,Groceries,21.03,5
2023-10-12,South,Toys,65.64,3
2023-12-05,West,Toys,49.97,1
2023-06-30,North,Clothing,56.29,4
2024-06-17,East,Home & Garden,202.56,4
2023-07-05,South,Groceries,45.48,4
2023-01-17,Central,Toys,16.2,1
2023-01-08,North,Toys,17.12,4
2023-10-26,west,Electronics,820.73,5
2023-04-22,Central,Clothing,40.51,5
2024-11-23,North,Clothing,49.89,4
2023-06-22,South,Electronics,631.63,2
2024-04-18,South,Clothing,16.48,1
2023-08-05,East,Clothing,88.67,5
2023-03-08,East,Toys,32.56,5
2024-10-18,Central,Home & Garden,183.24,2
2024-10-19,Central,Clothing,17.43,3
2023-06-21,South,Home & Garden,170.21,3
2024-07-24,West,Toys,59.81,1
2024-04-26,South,Clothing,,3
2024-02-19,East,Home & Garden,239.28,2
2023-09-27,North,Clothing,72.21,2
2024-05-31,central,Home & Garden,229.83,5
2024-09-10,West,Toys,68.88,3
2024-09-23,West,Groceries,9.66,2
2024-07-08,North,Home & Garden,186.63,2
2023-10-25,Central,Clothing,49.82,3
2024-10-24,South,Clothing,16.56,1
2024-10-16,West,Home & Garden,79.81,5
2023-08-25,Central,Toys,63.67,2
2024-08-18,Central,Toys,42.89,3
2024-05-27,South,Groceries,28.21,1
2023-01-18,West,Home & Garden,190.21,2
2024-12-15,North,Clothing,18.75,4
2023-06-21,Central,Clothing,100.21,4
2024-01-28,West,Groceries,21.09,4
2023-11-10,Central,Home & Garden,267.73,1
2024-07-22,south,Home & Garden,106.11,4
2023-02-12,North,Clothing,58.95,1
2023-01-25,West,Groceries,,2
2023-05-10,South,Toys,77.14,4
2024-08-12,West,Electronics,792.64,2
2023-08-18,East,Home & Garden,27.51,2
2023-12-30,South,Clothing,97.15,4
2024-06-02,East,Clothing,43.48,2
2023-12-22,East,Home & Garden,64.07,2
2024-03-11,East,Groceries,56.05,1
2023-03-07,North,Clothing,110.62,4
2023-09-29,East,Home & Garden,140.26,3
2023-07-05,Central,Groceries,45.1,2
2023-03-24,North,Electronics,776.22,2
2024-02-01,West,Clothing,15.15,3
2023-02-05,East,Home & Garden,45.79,2
2023-07-13,Central,Home & Garden,28.9,3
2023-07-27,West,Clothing,106.21,3
2024-09-13,East,Home & Garden,51.54,4
2023-01-28,South,Toys,18.61,1
2024-06-02,North,Electronics,,1
2023-03-02,Central,Electronics,888.49,5
2023-01-22,East,Home & Garden,119.36,2
2024-04-30,South,Clothing,80.14,2
2023-09-05,Central,Toys,24.47,3
2024-11-18,North,Electronics,604.04,2
2024-12-09,West,Groceries,13.14,2
2024-10-01,South,Toys,66.03,4
2023-01-03,North,Clothing,50.81,1
2024-10-31,West,Clothing,84.89,2
2024-02-02,Central,Groceries,18.09,4
2023-09-10,East,Groceries,17.66,1
2023-10-19,South,Clothing,105.42,4
2024-03-21,West,Toys,30.08,2
2024-01-01,East,Electronics,307.18,2
2024-04-25,Central,Home & Garden,259.48,2
2023-05-28,North,Home & Garden,101.87,2
2023-12-10,West,Toys,57.73,1
2024-06-27,West,Home & Garden,170.7,5
2023-09-16,South,Clothing,56.62,1
2024-05-01,Central,Electronics,229.51,5
2023-11-19,West,Toys,66.11,1
2023-06-25,Central,Home & Garden,,2
2024-12-26,West,Clothing,99.12,1
2023-08-21,West,Clothing,90.31,2
2024-11-16,East,Clothing,24.8,1
2024-10-09,East,Home & Garden,74.37,5
2024-05-19,Central,Home & Garden,63.04,4
2023-07-30,South,Electronics,867.5,4
2024-02-25,East,Electronics,155.5,4
2024-04-30,South,Electronics,769.79,3
2023-10-09,West,Groceries,25.22,1
2023-04-07,South,Clothing,28.21,3
2024-01-05,West,Clothing,92.21,5
2024-10-04,Central,Groceries,54.5,2
2023-11-14,Central,Toys,,5
2024-11-29,North,Electronics,363.4,1
2023-01-07,North,Groceries,52.76,1
2023-10-06,East,Clothing,39.33,3
2024-12-31,South,Groceries,34.96,3
2023-03-11,East,Groceries,59.15,1
2024-09-07,North,Home & Garden,200.75,1
2023-11-24,North,Clothing,67.85,3
2023-08-26,South,Electronics,503.1,1
2024-12-26,South,Groceries,20.14,3
2023-04-04,East,Home & Garden,101.87,2
2023-12-18,North,Groceries,28.99,2
2024-02-14,South,Clothing,33.6,5
2023-01-22,West,Groceries,38.71,4
2024-05-01,West,Electronics,396.06,4
2023-03-24,Central,Clothing,51.82,5
2024-06-29,North,Electronics,272.2,1
2023-11-19,West,Groceries,13.59,1
2024-07-30,West,Toys,13.39,1
2023-10-22,east,Electronics,681.85,2
2024-08-15,North,Home & Garden,116.82,1
2023-11-03,East,Toys,37.82,5
2024-12-10,North,Groceries,7.27,3
2023-10-12,south,Electronics,594.11,3
2024-02-29,East,Toys,46.83,1
2024-06-12,East,Electronics,712.07,3
2023-05-14,East,Clothing,24.21,3
2024-09-22,Central,Electronics,704.09,4
2024-03-05,Central,Clothing,18.3,5
2024-05-09,West,Electronics,605.27,4
2024-06-07,East,Electronics,367.92,3
2024-09-16,Central,Groceries,5.88,3
2023-04-27,West,Home & Garden,178.98,2
2024-01-26,North,Groceries,47.04,3
2023-03-13,South,Electronics,773.96,2
2023-11-05,East,Groceries,42.58,5
2023-10-06,South,Home & Garden,171.55,1
2024-03-03,South,Home & Garden,159.91,4
2023-12-02,West,Home & Garden,240.04,2
2024-07-25,East,Groceries,13.13,3
2024-01-30,South,Clothing,80.85,4
2023-05-01,north,Toys,23.5,5
2023-06-18,South,Electronics,741.75,4
2024-08-29,Central,Home & Garden,255.77,5
2023-01-28,Central,Groceries,57.53,2
2023-03-18,North,Electronics,690.92,3
2024-12-24,Central,Groceries,19.92,5
2023-05-08,Central,Clothing,108.53,3
2023-07-01,West,Groceries,14.23,2
2023-11-22,North,Toys,74.91,5
2023-11-27,North,Clothing,113.46,2
2024-10-04,North,Electronics,453.66,3
2023-04-06,Central,Home & Garden,85.41,1
2024-11-20,Central,Home & Garden,173.09,5
2024-11-19,North,Groceries,54.75,4
2024-01-15,Central,Toys,12.63,3
2024-06-15,East,Clothing,119.27,2
2024-09-14,West,Electronics,436.82,2
2024-09-23,South,Clothing,108.44,5
2024-12-17,East,Toys,95.79,2
2024-01-12,East,Toys,48.76,2
2023-07-04,East,Home & Garden,29.82,4
2024-08-04,Central,Groceries,16.7,4
2023-04-08,South,Home & Garden,36.58,4
2024-03-06,North,Home & Garden,110.99,1
2024-03-20,North,Groceries,11.32,1
2024-03-07,West,Electronics,392.72,3
2023-02-09,North,Groceries,43.29,4
2024-08-21,West,Home & Garden,20.82,2
2023-05-23,North,Groceries,52.23,2
2024-07-29,North,Groceries,53.74,4
2023-06-27,North,Clothing,76.88,2
2023-06-29,North,Electronics,430.84,3
2023-07-14,Central,Toys,22.58,2
2024-06-08,East,Toys,55.0,2
2023-07-20,West,Toys,20.18,3
2023-11-17,North,Home & Garden,103.18,2
2023-04-16,North,Electronics,644.58,1
2024-06-04,West,Home & Garden,66.17,3
2024-03-05,Central,Groceries,10.62,4
2023-03-23,Central,Electronics,284.74,1
2023-01-03,North,Home & Garden,283.33,5
2024-09-08,South,Electronics,549.06,3
2023-03-31,Central,Toys,57.3,3
2023-10-17,North,Clothing,33.53,5
2023-08-22,South,Clothing,78.97,2
2024-04-04,central,Home & Garden,139.86,3
2023-04-28,East,Clothing,105.9,1
2023-09-17,Central,Home & Garden,296.3,2
2024-09-30,East,Electronics,207.63,1
2023-03-24,East,Home & Garden,83.89,4
2024-02-16,South,Toys,36.75,2
2023-02-02,Central,Home & Garden,271.35,4
2024-08-11,North,Toys,70.54,1
2023-07-18,East,Electronics,502.04,2
2023-03-03,South,Electronics,276.02,2
2024-04-18,North,Groceries,9.31,2
2024-04-06,East,Groceries,17.67,1
2024-09-25,North,Groceries,16.03,1
2024-02-10,Central,Groceries,45.86,2
2024-12-01,East,Clothing,98.43,1
2023-07-16,East,Home & Garden,110.2,3
2023-12-23,North,Home & Garden,215.22,4
2024-12-11,West,Groceries,7.86,3
2024-02-11,West,Electronics,575.75,4
2023-05-27,south,Electronics,368.58,4
2023-05-20,West,Toys,72.32,3
2023-03-25,East,Toys,46.2,4
2024-01-21,South,Clothing,22.07,2
2024-02-20,North,Clothing,112.84,2
2024-11-27,West,Electronics,771.21,3
2023-03-30,North,Electronics,835.36,4
2023-10-27,Central,Home & Garden,247.14,3
2024-12-02,East,Groceries,28.6,5
2023-11-25,North,Toys,53.69,5
2023-06-06,Central,Toys,19.04,4
2023-06-24,West,Electronics,668.54,4
2023-06-01,North,Clothing,68.3,3
2024-10-24,East,Groceries,50.79,5
2023-02-12,east,Groceries,26.57,3
2024-10-31,West,Clothing,19.82,1
2024-09-21,South,Toys,48.4,1
2023-08-10,North,Home & Garden,168.41,3
2024-11-08,West,Groceries,13.49,2
2024-05-22,Central,Electronics,873.27,4
2024-11-05,east,Groceries,19.58,4
2024-12-31,east,Home & Garden,53.0,4
2024-01-08,West,Clothing,56.96,2
2024-02-17,South,Clothing,115.23,3
2024-06-07,South,Clothing,50.74,4
2023-12-27,North,Toys,43.49,2
2023-02-20,North,Groceries,59.33,2
2024-01-13,East,Electronics,626.95,3
2024-01-09,North,Toys,24.97,3
2024-02-25,East,Clothing,119.91,1
2024-11-26,North,Toys,25.42,2
2023-07-21,West,Groceries,23.0,1
2023-01-29,south,Home & Garden,182.46,1
2023-08-24,west,Toys,19.75,3
2024-04-26,North,Groceries,31.48,1
2023-05-16,West,Toys,25.09,1
2024-04-02,West,Toys,58.18,5
2024-12-24,South,Home & Garden,152.8,4
2023-07-31,West,Electronics,578.45,5
2024-07-01,Central,Clothing,44.37,5
2023-01-30,East,Toys,53.84,3
2024-01-23,West,Home & Garden,176.7,1
2024-02-14,East,Toys,49.5,5
2024-01-23,Central,Toys,67.04,4
2024-06-01,south,Clothing,115.63,4
2023-05-04,South,Electronics,382.32,2
2023-02-20,South,Clothing,34.87,2
2023-11-03,East,Electronics,220.61,5
2024-05-28,West,Clothing,107.75,4
2024-12-01,East,Electronics,701.59,4
2024-07-26,North,Toys,66.25,1
2024-03-28,West,Groceries,11.58,2
2023-10-29,East,Home & Garden,85.18,5
2024-04-23,West,Clothing,88.82,4
2024-03-11,West,Electronics,160.45,5
2023-09-01,East,Toys,53.82,4
2023-04-06,South,Electronics,681.51,3
2023-09-26,North,Home & Garden,86.66,4
2024-01-10,East,Clothing,60.25,3
2023-01-25,Central,Toys,31.86,1
2023-08-24,West,Home & Garden,118.89,2
2023-04-28,Central,Toys,23.45,4
2024-04-12,North,Clothing,63.22,5
2023-05-02,East,Clothing,43.85,3
2023-03-16,East,Groceries,27.02,3
2023-12-09,East,Toys,51.02,4
2024-06-22,South,Electronics,459.38,5
2023-10-22,Central,Home & Garden,114.38,1
2023-02-22,West,Groceries,20.58,4
2024-02-13,West,Groceries,22.9,4
2023-08-26,South,Home & Garden,145.22,3
2023-09-07,Central,Clothing,18.55,2
2024-05-13,Central,Electronics,312.52,3
2023-07-13,Central,Clothing,101.37,3
2023-01-05,Central,Groceries,26.82,3
2023-12-15,East,Home & Garden,179.44,1
2024-09-12,North,Toys,61.88,5
2023-08-27,West,Toys,30.78,2
2023-07-08,West,Clothing,81.35,4
2024-09-24,East,Toys,22.25,5
2024-05-06,South,Groceries,25.73,5
2023-06-04,North,Home & Garden,80.28,3
2024-06-10,North,Home & Garden,180.26,1
2024-04-03,East,Groceries,11.51,5
2024-08-19,Central,Groceries,16.88,4
2023-04-13,West,Home & Garden,222.84,1
2024-09-02,Central,Electronics,827.43,2
2023-09-06,North,Home & Garden,229.74,4
2024-08-01,East,Clothing,106.14,2
2024-05-26,East,Clothing,45.46,5
2023-08-15,East,Groceries,31.04,5
2024-02-25,North,Clothing,25.09,2
2023-09-22,South,Groceries,30.41,2
2024-05-13,east,Clothing,45.44,3
2024-09-12,South,Clothing,101.37,4
2023-11-27,Central,Groceries,8.82,1
2024-01-27,South,Home & Garden,185.7,2
2023-04-03,Central,Home & Garden,32.51,5
2023-12-21,West,Electronics,785.56,1
2023-06-21,Central,Clothing,72.34,4
2024-04-28,Central,Clothing,103.07,1
2024-05-11,North,Home & Garden,215.31,1
2023-11-06,North,Home & Garden,297.92,5
2023-09-06,West,Electronics,807.01,2
2023-03-09,North,Clothing,38.76,2
2024-07-02,West,Groceries,49.03,5
2024-01-06,Central,Electronics,157.01,4
2024-09-24,South,Electronics,837.14,2
2023-12-30,Central,Clothing,24.31,1
2024-12-10,West,Electronics,960.25,5
2024-09-16,South,Electronics,765.46,3
2023-03-07,East,Groceries,39.18,2
2024-12-26,South,Electronics,905.93,3
2024-10-05,East,Toys,55.62,3
2023-06-27,South,Electronics,397.84,2
2024-07-02,East,Clothing,39.06,3
2023-03-10,South,Electronics,345.5,1
2024-03-29,North,Groceries,58.24,5
2024-01-14,North,Toys,19.79,3
2023-12-18,South,Home & Garden,241.97,1
2024-08-05,Central,Electronics,420.8,2
2024-08-27,South,Toys,54.07,5
2023-07-24,East,Clothing,30.97,3
2024-08-06,Central,Clothing,44.93,1
2024-04-24,Central,Toys,49.82,1
2023-06-08,North,Groceries,19.24,2
2024-09-23,South,Home & Garden,235.54,3
2024-03-04,North,Clothing,110.74,2
2023-04-14,East,Home & Garden,203.29,4
2023-05-24,South,Home & Garden,23.54,5
2023-02-17,South,Toys,17.24,4
2023-06-17,North,Toys,69.4,2
2023-01-03,North,Electronics,,3
2024-02-20,Central,Toys,18.08,5
2024-01-30,East,Toys,36.79,2
2023-07-17,East,Groceries,5.06,1
2023-06-16,North,Toys,55.16,1
2024-04-06,South,Home & Garden,232.4,1
2024-05-20,East,Electronics,661.83,3
2023-04-23,West,Groceries,,5
2024-01-09,South,Groceries,44.13,3
2023-04-19,South,Toys,77.83,2
2024-05-09,East,Groceries,45.51,1
2024-02-18,Central,Groceries,28.04,3
2024-03-08,North,Home & Garden,223.87,3
2023-11-28,South,Toys,59.93,1
2024-07-11,North,Clothing,75.36,2
2024-07-15,West,Electronics,233.36,1
2023-06-16,South,Toys,13.48,3
2023-05-20,South,Toys,18.94,2
2024-02-01,Central,Clothing,82.51,1
2024-02-11,South,Clothing,93.11,1
2024-07-27,Central,Toys,79.25,3
2023-06-01,South,Groceries,54.35,4
2023-08-14,Central,Home & Garden,51.56,2
2023-12-14,East,Electronics,995.96,3
2024-11-04,South,Home & Garden,67.95,1
2024-04-03,East,Clothing,39.71,5
2023-05-11,Central,Groceries,46.97,3
2024-12-27,North,Groceries,31.36,3
2024-12-05,South,Groceries,48.21,5
2024-11-16,south,Toys,32.73,3
2023-04-04,central,Toys,35.15,2
2023-06-09,Central,Electronics,413.04,3
2023-03-19,South,Electronics,299.75,5
2024-01-13,West,Groceries,36.61,2
2023-12-15,South,Clothing,22.16,2
2023-09-21,North,Home & Garden,218.98,3
2024-08-18,South,Electronics,490.86,1
2023-05-02,South,Clothing,41.82,1
2023-08-25,Central,Clothing,56.1,5
2024-03-02,South,Groceries,53.14,5
2023-10-16,South,Home & Garden,177.47,3
2023-12-06,South,Toys,16.83,5
2024-02-25,East,Toys,77.95,2
2023-09-28,East,Clothing,23.42,5
2024-09-13,North,Home & Garden,149.6,5
2023-09-30,Central,Electronics,492.45,1
2023-09-03,South,Home & Garden,284.97,3
2024-09-21,North,Toys,54.4,2
2023-10-15,West,Home & Garden,154.15,4
2024-07-18,Central,Clothing,38.99,1
2024-05-19,Central,Clothing,24.95,5
2024-07-30,West,Clothing,81.81,3
2023-08-24,North,Groceries,49.87,3
2024-07-13,North,Electronics,611.95,5
2024-04-01,South,Home & Garden,215.43,1
2023-05-15,Central,Clothing,89.4,2
2023-11-17,North,Clothing,31.21,2
2023-07-14,Central,Clothing,48.48,2
2023-12-19,South,Groceries,24.25,2
2024-10-25,South,Groceries,46.16,3
2024-08-23,East,Toys,35.98,3
2023-12-22,South,Home & Garden,157.1,1
2024-12-21,Central,Toys,89.8,2
2024-03-29,Central,Toys,34.61,2
2023-07-29,East,Groceries,52.12,3
2023-06-29,North,Clothing,99.97,2
2023-07-16,East,Groceries,42.41,4
2023-12-27,East,Clothing,81.4,1
2024-07-11,South,Toys,10.29,2
2024-05-04,West,Groceries,5.55,2
2023-10-02,South,Electronics,266.28,5
2023-05-06,South,Groceries,35.68,5
2024-02-07,North,Clothing,68.24,5
2024-08-17,South,Electronics,645.7,2
2023-01-14,North,Groceries,52.42,1
2024-06-29,Central,Clothing,112.01,1
2024-05-10,North,Electronics,633.59,4
2024-01-26,Central,Home & Garden,128.82,1
2024-08-10,Central,Home & Garden,254.34,1
2023-06-10,North,Clothing,103.37,1
2024-06-10,East,Home & Garden,220.82,1
2023-01-05,East,Groceries,58.28,1
2024-01-30,Central,Groceries,33.44,5
2023-10-07,east,Home & Garden,272.99,5
2024-01-23,East,Groceries,27.38,4
2024-12-03,South,Clothing,97.41,5
2023-04-21,South,Toys,67.6,3
2023-12-22,South,Electronics,751.19,2
2024-09-10,South,Electronics,401.06,1
2024-04-07,West,Clothing,79.58,2
2024-10-13,Central,Toys,67.62,2
2023-09-01,Central,Electronics,792.84,4
2023-03-11,West,Electronics,555.93,1
2024-03-08,South,Home & Garden,22.97,1
2023-04-04,North,Home & Garden,292.15,4
2023-05-19,South,Toys,39.06,3
2024-09-04,South,Home & Garden,247.64,4
2024-07-24,West,Groceries,20.04,3
2024-01-05,South,Clothing,44.51,4
2023-07-12,West,Toys,15.47,4
2023-01-11,East,Home & Garden,252.58,5
2023-12-22,North,Electronics,1177.73,2
2023-01-04,East,Home & Garden,182.08,3
2024-01-05,East,Home & Garden,158.56,3
2024-01-07,North,Home & Garden,160.52,5
2024-02-21,Central,Toys,67.14,3
2023-01-23,Central,Home & Garden,239.77,5
2024-04-30,South,Clothing,80.14,2
2024-04-05,West,Groceries,901.5,1
2024-08-19,Central,Groceries,24.37,1
2024-08-17,West,Toys,21.63,3
2024-06-15,East,Toys,19.5,5
2023-04-07,East,Groceries,,4
2024-11-26,East,Groceries,19.43,1
2024-10-06,Central,Home & Garden,280.91,4
2024-03-31,North,Toys,43.14,2
2024-06-18,north,Home & Garden,297.89,3
2024-01-28,East,Electronics,619.64,4
2024-10-07,East,Groceries,44.59,3
2024-03-21,Central,Toys,50.86,4
2023-09-01,North,Groceries,7.97,3
2024-09-22,South,Electronics,330.28,5
2023-04-27,East,Clothing,49.1,1
2024-05-19,south,Electronics,505.19,4
2024-08-22,south,Home & Garden,79.22,3
2024-09-07,South,Clothing,100.38,1
2024-12-24,Central,Toys,84.2,1
2023-01-25,South,Toys,78.14,4
2023-11-21,East,Groceries,17.12,2
2024-09-19,South,Home & Garden,263.23,5
2023-07-29,East,Electronics,627.1,4
2024-04-11,East,Clothing,43.85,1
2024-05-11,West,Clothing,73.7,2
2024-10-02,South,Clothing,83.83,4
2023-08-27,South,Home & Garden,186.83,2
2023-12-12,West,Home & Garden,207.88,3
2024-11-18,North,Groceries,41.98,4
2024-09-09,Central,Toys,65.63,4
2024-10-10,West,Groceries,50.4,5
2024-06-16,North,Toys,34.25,2
2023-11-17,North,Groceries,16.76,3
2024-04-22,East,Toys,53.96,2
2023-08-30,North,Toys,32.73,4
2024-12-19,West,Toys,92.77,4
2024-03-18,Central,Electronics,608.77,5
2023-01-04,West,Toys,14.07,2
2023-04-09,East,Clothing,29.02,4
2024-02-14,South,Home & Garden,136.37,3
2024-02-28,West,Groceries,12.29,4
2024-12-02,South,Home & Garden,113.44,5
2023-06-26,East,Home & Garden,287.98,1
2023-02-27,West,Electronics,233.62,2
2024-11-08,West,Clothing,17.52,1
2024-08-03,West,Groceries,45.42,4
2023-07-26,East,Electronics,803.19,3
2024-10-02,West,Clothing,37.63,5
2024-04-29,East,Toys,33.59,4
2024-01-03,Central,Groceries,50.23,5
2023-01-16,central,Toys,14.84,1
2024-08-25,East,Home & Garden,250.67,3
2024-06-18,West,Groceries,7.23,2
2024-09-16,West,Electronics,347.89,5
2023-09-09,North,Clothing,51.83,2
2023-04-04,West,Home & Garden,92.06,3
2024-03-11,Central,Groceries,58.04,2
2023-08-21,Central,Groceries,29.09,4
2023-02-19,West,Toys,57.29,4
2023-10-05,West,Clothing,26.23,2
2024-12-05,North,Electronics,717.54,1
2023-10-08,East,Toys,17.03,5
2024-10-10,central,Electronics,886.96,2
2023-10-29,East,Toys,77.08,2
2023-08-20,North,Home & Garden,128.22,5
2023-04-09,south,Clothing,103.55,5
2023-09-14,East,Toys,15.11,1
2023-09-22,Central,Electronics,875.75,5
2024-01-20,South,Groceries,15.0,3
2023-08-14,West,Groceries,11.96,4
2023-05-08,South,Clothing,50.65,3
2024-08-13,North,Toys,74.28,1
2024-06-09,North,Clothing,33.21,2
2024-11-12,Central,Home & Garden,164.88,5
2023-10-12,South,Home & Garden,264.57,5
2024-05-07,North,Clothing,47.07,2
2024-07-14,Central,Groceries,51.38,1
2024-04-08,South,Toys,21.67,3
2023-01-30,West,Toys,65.59,4
2023-12-10,Central,Groceries,52.47,1
2023-08-06,South,Groceries,10.93,5
2023-09-15,West,Home & Garden,142.52,3
2023-08-24,North,Groceries,13.21,2
2024-04-24,Central,Home & Garden,128.48,4
2023-10-04,West,Toys,55.41,1
2023-03-10,North,Toys,54.32,1
2023-12-06,West,Toys,16.19,1
2023-06-01,West,Groceries,6.77,2
2023-03-25,North,Groceries,34.04,5
2023-12-08,North,Electronics,1174.36,5
2024-12-15,South,Home & Garden,133.86,2
2024-09-10,West,Clothing,32.69,4
2024-12-05,North,Home & Garden,83.22,1
2024-02-03,North,Toys,70.69,2
2023-01-23,East,Groceries,49.88,1
2023-04-30,Central,Home & Garden,114.19,3
2023-09-05,West,Groceries,59.86,4
2023-09-15,South,Home & Garden,298.9,2
2023-03-25,East,Toys,46.2,4
2024-08-19,South,Groceries,9.71,2
2023-02-03,Central,Home & Garden,214.21,2
2024-08-10,West,Groceries,22.86,4
2024-08-06,West,Clothing,87.52,1
2023-01-24,South,Groceries,51.46,4
2023-07-26,East,Clothing,71.36,4
2023-09-03,Central,Clothing,89.53,1
2023-04-30,West,Electronics,679.04,2
2023-05-19,West,Electronics,319.73,3
2024-02-16,West,Home & Garden,72.38,5
2024-05-05,Central,Clothing,78.45,2
2024-08-28,Central,Electronics,714.54,1
2024-09-07,South,Electronics,867.39,1
2023-05-06,West,Toys,40.98,2
2023-01-17,North,Clothing,66.33,4
2023-04-02,East,Toys,40.58,4
2024-11-21,North,Electronics,239.49,3
2023-12-26,North,Home & Garden,276.94,2
2024-04-11,North,Home & Garden,132.59,4
2023-05-17,West,Electronics,330.8,3
2023-11-02,South,Clothing,56.11,3
2024-10-17,North,Electronics,683.3,3
2023-05-11,East,Clothing,91.55,1
2023-08-22,East,Electronics,384.42,3
2023-08-30,West,Home & Garden,63.14,2
2023-04-26,West,Toys,44.74,4
2023-08-02,North,Toys,76.96,5
2024-05-23,North,Electronics,394.37,1
2023-08-23,West,Home & Garden,142.7,1
2024-03-09,Central,Toys,66.88,1
2024-03-03,North,Clothing,112.77,5
2023-07-08,West,Electronics,581.8,4
2023-09-15,East,Groceries,47.59,5
2024-08-28,Central,Clothing,72.58,3
2024-08-25,West,Home & Garden,184.06,1
2023-05-27,South,Toys,24.93,1
2024-03-27,South,Electronics,294.52,3
2024-02-07,South,Electronics,687.76,5
2024-04-13,North,Home & Garden,150.57,4
2023-01-27,Central,Clothing,83.48,2
2024-10-16,North,Electronics,381.82,3
2023-07-05,Central,Home & Garden,20.05,1
2024-08-10,South,Electronics,535.94,4
2024-04-18,Central,Clothing,,3
2023-06-10,East,Toys,28.1,2
2024-08-09,North,Electronics,444.84,4
2024-11-29,East,Toys,48.87,4
2023-01-02,North,Toys,49.29,3
2023-10-10,South,Groceries,46.93,3
2023-04-03,South,Toys,56.3,3
2024-03-14,West,Groceries,43.27,4
2024-07-22,central,Home & Garden,289.19,3
2023-10-18,South,Clothing,118.31,3
2023-11-19,Central,Groceries,40.96,2
2024-02-07,Central,Electronics,427.34,3
2023-08-19,West,Groceries,,5
2024-06-12,Central,Groceries,8.51,3
2024-02-27,East,Groceries,57.87,4
2023-06-01,West,Home & Garden,199.72,1
2024-07-22,Central,Toys,32.9,4
2023-06-18,East,Groceries,57.68,3
2023-12-06,East,Home & Garden,41.51,2
2024-06-14,North,Toys,64.93,1
2024-03-21,West,Electronics,175.33,3
2023-11-28,West,Home & Garden,272.29,4
2023-07-31,south,Home & Garden,230.14,4
2024-11-12,Central,Toys,12.53,3
2023-04-08,South,Clothing,64.23,2
2024-06-29,East,Electronics,805.07,1
2024-02-06,Central,Home & Garden,249.46,3
2023-03-29,East,Groceries,23.3,1
2023-12-31,West,Clothing,26.14,2
2023-12-09,North,Toys,76.0,1
2024-07-11,East,Groceries,15.52,5
2024-12-16,South,Home & Garden,87.85,3
2023-12-26,South,Home & Garden,116.1,5
2023-06-04,Central,Clothing,38.73,1
2024-08-01,South,Electronics,418.26,4
2023-02-04,East,Toys,67.2,1
2023-03-05,North,Clothing,68.46,5
2023-08-27,South,Home & Garden,186.83,2
2024-09-22,West,Home & Garden,85.69,4
2024-07-06,West,Toys,48.02,2
2023-07-31,Central,Toys,,4
2024-09-01,West,Home & Garden,107.94,5
2023-10-03,North,Toys,13.37,5
2024-10-14,East,Groceries,47.91,3
2023-04-14,West,Groceries,11.96,5
2023-12-06,North,Groceries,,5
2023-11-09,Central,Clothing,58.51,2
2023-05-08,South,Toys,56.32,3
2024-03-06,South,Toys,58.04,3
2023-08-06,Central,Home & Garden,49.65,2
2024-01-06,West,Clothing,77.84,2
2023-12-08,South,Groceries,54.62,2
2023-01-01,West,Electronics,368.42,3
2024-01-10,West,Electronics,465.69,5
2023-08-08,West,Groceries,10.46,5
2024-03-21,Central,Electronics,888.04,5
2024-10-06,South,Home & Garden,141.83,1
2023-01-17,North,Toys,27.41,3
2023-03-10,Central,Toys,26.75,1
2024-10-04,North,Groceries,15.7,4
2023-09-30,West,Clothing,106.25,4
2023-04-12,north,Groceries,57.96,4
2024-08-01,South,Electronics,885.81,1
2024-05-15,central,Groceries,9.12,2
2024-11-19,North,Electronics,366.58,3
2024-03-14,South,Groceries,15.1,1
2024-02-07,South,Home & Garden,120.6,2
2024-04-18,North,Toys,75.93,3
2024-03-22,East,Toys,66.18,4
2024-04-30,Central,Electronics,496.6,1
2023-02-15,South,Electronics,189.29,3
2023-05-15,South,Electronics,227.91,2
2023-09-29,South,Electronics,310.14,3
2024-01-05,North,Groceries,20.55,4
2024-05-18,East,Toys,15.77,1
2024-06-24,North,Clothing,52.83,4
2023-08-08,North,Toys,12.66,1
2023-08-28,East,Toys,62.68,5
2023-07-09,North,Groceries,42.05,1
2023-07-21,West,Clothing,109.23,1
2023-02-18,North,Groceries,13.47,3
2024-05-31,Central,Clothing,32.68,4
2023-11-19,South,Groceries,48.94,3
2024-05-03,Central,Clothing,70.78,5
2023-12-26,East,Clothing,118.76,4
2023-08-01,West,Clothing,111.91,2
2023-01-28,East,Home & Garden,267.03,5
2023-02-28,East,Toys,22.73,3
2023-10-07,South,Toys,49.22,2
2023-01-14,South,Electronics,872.24,4
2024-09-08,Central,Electronics,796.51,4
2023-07-19,East,Electronics,670.29,2
2024-06-11,North,Groceries,26.12,1
2023-02-12,South,Clothing,76.94,5
2023-08-16,South,Home & Garden,220.52,4
2024-11-27,South,Clothing,97.14,2
2024-06-29,South,Clothing,21.79,5
2023-11-11,West,Toys,65.42,3
2024-12-28,South,Toys,40.1,1
2023-09-02,North,Toys,67.87,1
2024-06-30,West,Groceries,15.65,5
2024-11-02,Central,Clothing,56.78,3
2023-08-01,North,Toys,41.84,1
2024-01-02,Central,Toys,10.72,3
2023-01-31,West,Toys,66.28,4
2023-05-26,East,Home & Garden,111.92,2
2023-06-09,West,Clothing,63.95,4
2024-02-25,East,Home & Garden,96.05,5
2024-03-03,South,Toys,26.07,2
2023-08-24,West,Groceries,10.84,3
2024-02-27,South,Toys,63.38,1
2024-03-26,North,Groceries,48.37,2
2023-12-19,South,Groceries,7.11,4
2023-09-11,West,Home & Garden,299.2,5
2023-12-20,West,Groceries,6.13,5
2024-05-22,North,Electronics,556.39,1
2023-04-03,Central,Home & Garden,132.64,4
2024-01-22,Central,Home & Garden,285.11,1
2023-07-29,East,Clothing,85.51,1
2024-03-19,West,Home & Garden,144.04,4
2024-05-03,South,Electronics,300.11,1
2024-12-16,East,Clothing,89.67,5
2024-03-13,West,Groceries,23.57,1
2024-08-26,West,Groceries,24.56,2
2024-09-20,West,Toys,54.18,4
2024-02-06,West,Toys,48.6,1
2023-07-16,South,Groceries,36.34,3
2023-09-05,East,Home & Garden,221.15,4
2024-02-08,South,Clothing,89.09,5
2024-07-09,Central,Home & Garden,262.36,2
2024-01-06,Central,Home & Garden,61.67,5
2023-11-13,North,Toys,14.96,5
2024-11-05,North,Clothing,106.38,5
2023-03-02,South,Groceries,31.2,4
2023-01-07,North,Toys,41.54,1
2023-04-06,West,Home & Garden,189.23,3
2024-11-15,West,Electronics,592.47,3
2024-03-07,North,Clothing,68.38,4
2024-09-04,West,Groceries,47.47,3
2024-10-12,North,Groceries,29.61,4
2023-01-22,North,Groceries,56.17,4
2023-02-14,West,Toys,40.67,3
2024-07-30,West,Groceries,35.38,1
2023-09-29,North,Groceries,7.07,1
2024-04-03,East,Electronics,529.55,4
2023-04-28,north,Electronics,260.56,1
2023-04-14,central,Clothing,66.73,4
2023-12-10,Central,Home & Garden,294.51,4
2024-02-01,East,Clothing,39.86,3
2024-11-20,West,Toys,74.22,5
2023-06-13,East,Clothing,106.81,3
2023-09-20,North,Toys,75.01,4
2024-07-13,Central,Home & Garden,268.12,3
2024-09-16,Central,Home & Garden,165.14,2
2023-11-27,South,Groceries,,2
2024-01-13,Central,Toys,42.31,2
2024-12-09,West,Electronics,1068.98,2
2024-09-20,East,Groceries,39.72,3
2023-10-08,Central,Toys,45.28,5
2024-04-26,East,Toys,71.69,2
2023-05-26,Central,Home & Garden,114.34,4
2024-06-28,West,Toys,10.25,2
2024-04-19,South,Groceries,58.31,4
2023-07-30,West,Clothing,42.22,4
2023-01-06,West,Groceries,26.35,4
2024-09-09,North,Home & Garden,68.5,3
2023-01-29,West,Toys,55.2,5
2023-05-09,south,Home & Garden,92.58,5
2024-03-08,North,Electronics,422.99,4
2024-08-27,central,Groceries,35.5,5
2023-03-28,East,Toys,77.64,1
2023-03-29,West,Clothing,20.79,2
2024-10-01,East,Clothing,15.79,3
2023-10-21,central,Groceries,20.81,2
2023-12-24,South,Electronics,759.27,5
2024-02-25,east,Toys,60.44,5
2024-07-07,North,Groceries,10.36,3
2023-03-14,West,Electronics,692.08,5
2023-01-01,West,Groceries,26.73,4
2024-06-14,North,Clothing,,2
2024-05-08,East,Clothing,25.4,5
2023-02-21,south,Toys,25.73,1
2024-07-29,Central,Toys,55.66,1
2024-11-05,West,Clothing,34.69,1
2024-08-28,East,Groceries,14.7,5
2023-02-03,South,Toys,39.36,4
2024-12-30,Central,Clothing,112.59,1
2024-12-04,South,Groceries,16.45,2
2023-11-05,East,Clothing,41.67,4
2024-09-21,central,Home & Garden,252.12,3
2024-03-06,Central,Toys,20.85,1
2023-08-09,North,Toys,10.96,1
2024-05-25,Central,Home & Garden,62.87,3
2024-03-11,West,Clothing,48.04,3
2024-04-13,East,Toys,,5
2024-09-19,North,Groceries,34.99,3
2024-05-27,East,Home & Garden,105.79,1
2024-06-15,East,Home & Garden,103.35,1
2024-11-11,South,Electronics,346.39,2
2023-02-20,West,Clothing,50.89,5
2024-07-04,South,Clothing,35.96,5
2023-06-28,Central,Electronics,352.5,1
2024-10-28,South,Groceries,53.47,2
2023-09-23,West,Electronics,615.67,2
2024-05-28,Central,Home & Garden,178.68,3
2023-12-09,South,Clothing,104.29,5
2023-09-01,Central,Toys,56.13,5
2024-03-03,Central,Home & Garden,142.81,1
2024-03-19,Central,Clothing,112.06,5
2024-07-06,South,Groceries,38.02,4
2023-01-18,Central,Toys,34.61,2
2023-07-27,Central,Electronics,805.7,4
2023-07-14,North,Home & Garden,256.78,2
2024-05-27,East,Electronics,346.47,3
2024-04-27,North,Home & Garden,262.03,4
2024-11-05,South,Electronics,633.1,5
2024-07-06,South,Clothing,40.08,4
2024-04-17,North,Clothing,57.3,4
2024-08-21,North,Groceries,30.51,5
2024-05-31,Central,Electronics,806.92,3
2024-04-07,Central,Electronics,822.22,4
2023-03-03,Central,Toys,37.11,3
2024-07-24,Central,Electronics,646.56,5
2024-03-09,South,Clothing,71.65,2
2023-04-06,West,Toys,78.33,3
2024-11-11,West,Clothing,32.86,1
2023-01-23,West,Electronics,591.15,4
2024-03-14,West,Groceries,,1
2023-03-25,South,Groceries,30.31,2
2023-01-05,Central,Groceries,39.59,5
2023-09-10,North,Home & Garden,280.61,1
2023-09-16,East,Clothing,52.29,5
2024-01-17,South,Clothing,52.79,1
2023-12-21,West,Clothing,64.32,1
2023-08-09,South,Home & Garden,96.09,1
2023-05-10,South,Clothing,49.02,4
2023-02-01,North,Home & Garden,285.68,3
2023-05-02,Central,Electronics,757.01,5
2023-07-13,East,Home & Garden,24.46,3
2024-01-10,Central,Electronics,560.78,4
2023-05-10,South,Groceries,32.15,4
2024-08-30,East,Electronics,274.97,5
2023-09-22,North,Clothing,21.96,2
2023-04-21,East,Home & Garden,23.09,2
2024-11-27,North,Home & Garden,92.88,1
2024-10-13,East,Electronics,321.26,5
2024-05-31,North,Groceries,11.77,4
2024-05-15,Central,Clothing,95.48,4
2023-11-19,Central,Home & Garden,207.92,5
2023-08-02,West,Electronics,818.64,3
2024-07-08,West,Home & Garden,174.63,2
2024-03-26,South,Home & Garden,147.61,3
2023-10-28,South,Groceries,59.37,4
2024-12-24,South,Toys,34.12,1
2023-11-06,South,Groceries,11.63,1
2023-04-21,South,Home & Garden,24.0,4
2024-08-27,South,Electronics,381.21,5
2023-05-17,East,Electronics,524.41,1
2024-11-03,West,Groceries,58.43,4
2024-07-24,South,Clothing,103.94,1
2023-09-12,Central,Electronics,621.04,5
2024-06-19,East,Electronics,664.71,5
2023-11-22,North,Home & Garden,41.55,3
2023-10-24,Central,Home & Garden,104.35,3
2023-07-22,West,Home & Garden,63.9,1
2024-05-16,North,Groceries,35.51,1
2024-01-28,West,Clothing,,3
2024-08-22,Central,Home & Garden,74.67,5
2023-06-07,East,Home & Garden,107.09,1
2023-04-29,East,Clothing,18.53,1
2023-08-11,Central,Toys,27.59,2
2023-01-17,West,Toys,43.59,3
2023-06-16,East,Home & Garden,275.42,2
2023-11-17,South,Groceries,49.15,5
2023-06-02,South,Clothing,55.35,1
2024-10-06,Central,Groceries,57.45,4
2024-02-05,East,Home & Garden,52.75,4
2023-11-03,North,Home & Garden,196.69,1
2023-09-26,East,Home & Garden,,4
2024-04-20,West,Clothing,31.9,4
2024-10-19,Central,Electronics,644.03,3
2023-01-03,West,Home & Garden,283.35,2
2024-05-21,Central,Clothing,90.39,4
2024-03-21,west,Toys,62.22,3
2024-08-08,West,Home & Garden,156.58,2
2024-07-28,Central,Toys,42.48,4
2024-08-14,South,Clothing,77.38,3
2023-08-19,Central,Groceries,48.02,2
2023-08-06,Central,Clothing,89.03,2
2024-05-23,West,Electronics,737.91,3
2023-08-02,East,Toys,72.25,4
2024-11-10,South,Home & Garden,,3
2024-01-01,Central,Groceries,49.89,1
2024-07-28,North,Home & Garden,98.37,1
2024-11-30,East,Groceries,27.41,1
2023-09-20,Central,Home & Garden,,5
2024-05-30,East,Electronics,267.68,2
2023-04-29,East,Groceries,14.22,1
2024-08-16,West,Clothing,100.03,5
2023-10-20,North,Home & Garden,144.43,1
2023-06-20,South,Home & Garden,29.57,1
2023-12-16,West,Clothing,95.85,1
2024-09-13,North,Electronics,668.58,1
2024-05-04,North,Groceries,33.09,1
2024-01-10,North,Clothing,75.67,3
2024-09-03,west,Home & Garden,100.23,4
2023-06-09,Central,Groceries,19.14,4
2024-07-13,North,Clothing,32.0,1
2024-02-02,South,Groceries,12.89,3
2023-01-29,West,Electronics,255.41,5
2023-06-12,Central,Toys,18.86,4
2024-06-16,East,Electronics,781.71,1
2024-12-06,South,Toys,98.0,2
2024-03-23,South,Toys,55.77,3
2024-01-25,South,Clothing,69.74,4
2024-11-15,North,Clothing,54.85,3
2023-12-26,Central,Electronics,644.95,1
2024-09-13,Central,Clothing,78.74,4
2024-12-04,East,Toys,89.06,3
2024-04-11,Central,Home & Garden,49.64,4
2023-09-04,Central,Toys,74.07,2
2024-10-25,South,Groceries,45.82,2
2024-02-19,Central,Toys,68.12,1
2024-08-10,Central,Toys,66.4,1
2023-05-12,north,Toys,40.15,4
2024-03-21,North,Groceries,55.26,4
2023-03-16,West,Toys,30.04,3
2024-09-29,West,Electronics,533.16,2
2023-05-02,North,Home & Garden,299.3,3
2024-03-20,East,Electronics,458.97,4
2023-10-04,East,Groceries,15.42,4
2024-10-15,East,Clothing,88.14,2
2024-07-18,West,Toys,66.44,4
2024-06-06,West,Toys,46.31,4
2023-01-29,South,Home & Garden,172.71,5
2023-12-10,South,Toys,106.95,1
2024-08-02,North,Clothing,78.6,1
2023-04-21,North,Toys,62.71,1
2024-09-23,East,Clothing,61.1,2
2024-02-06,North,Toys,79.49,4
2024-02-18,Central,Clothing,46.71,3
2024-03-08,South,Clothing,112.36,1
2023-06-27,South,Toys,63.67,1
2024-06-17,South,Clothing,83.48,4
2024-09-26,South,Electronics,292.64,5
2024-04-13,South,Clothing,112.93,2
2024-01-10,West,Groceries,50.35,1
2024-02-10,East,Home & Garden,171.16,3
2024-01-25,Central,Groceries,25.16,2
2024-08-22,south,Toys,72.76,3
2024-09-24,Central,Groceries,19.77,1
2024-08-27,North,Toys,38.02,4
2023-06-19,Central,Groceries,11.9,5
2024-02-27,Central,Home & Garden,262.03,3
2023-08-03,Central,Home & Garden,266.99,1
2024-01-15,North,Electronics,751.56,4
2024-03-06,Central,Electronics,269.6,1
2024-11-22,North,Home & Garden,281.24,2
2023-11-18,South,Home & Garden,201.75,2
2023-11-30,East,Clothing,62.84,1
2023-03-26,West,Groceries,56.9,2
2024-01-04,Central,Home & Garden,140.36,5
2023-01-18,North,Electronics,895.0,5
2024-12-04,South,Electronics,1212.84,1
2024-07-29,West,Groceries,30.56,2
2023-11-21,North,Toys,43.44,5
2023-07-28,Central,Toys,22.05,3
2023-08-15,East,Toys,33.98,4
2023-12-23,North,Clothing,29.45,2
2024-09-06,East,Groceries,15.03,4
2024-09-05,West,Electronics,812.21,3
2023-03-27,West,Toys,63.09,1
2024-04-28,Central,Electronics,180.53,5
2024-07-26,West,Groceries,58.06,2
2024-04-25,North,Toys,22.62,3
2023-06-02,Central,Groceries,36.15,1
2023-10-15,North,Groceries,34.03,3
2024-07-26,South,Clothing,93.43,5
2023-03-08,Central,Home & Garden,50.66,5
2023-09-03,West,Groceries,55.84,2
2024-03-14,West,Toys,63.95,3
2024-04-29,North,Groceries,18.0,3
2023-05-25,North,Clothing,64.97,4
2023-01-12,North,Electronics,288.85,3
2024-05-12,East,Groceries,22.02,5
2024-05-28,Central,Clothing,78.92,1
2024-03-19,Central,Groceries,7.02,1
2023-02-01,North,Home & Garden,56.29,4
2023-01-24,West,Home & Garden,131.67,4
2023-05-22,East,Groceries,41.0,5
2024-05-08,South,Toys,22.56,1
2024-01-10,Central,Toys,41.66,5
2024-12-06,North,Electronics,1105.97,4
2024-06-08,West,Toys,65.46,3
2023-02-18,North,Electronics,386.19,3
2023-05-22,north,Groceries,47.62,1
2024-04-03,South,Clothing,101.84,3
2024-01-16,Central,Clothing,88.4,4
2024-08-25,West,Groceries,14.97,2
2024-02-21,east,Electronics,171.15,5
2024-04-24,East,Electronics,861.95,1
2023-07-10,East,Clothing,75.61,1
2024-03-06,North,Electronics,843.35,5
2024-02-01,North,Groceries,52.51,5
2024-12-25,West,Groceries,27.02,1
2024-10-16,East,Clothing,62.33,2
2023-05-12,South,Electronics,465.89,4
2023-11-22,South,Toys,41.68,1
2023-05-27,Central,Home & Garden,254.36,4
2023-08-11,East,Home & Garden,76.45,4
2024-05-29,North,Home & Garden,180.0,1
2023-02-26,West,Clothing,88.6,2
2024-10-03,North,Toys,72.77,3
2024-07-27,Central,Clothing,119.4,3
2023-05-24,East,Toys,15.0,5
2024-05-14,East,Home & Garden,273.71,3
2024-11-25,North,Electronics,213.06,1
2024-06-10,west,Home & Garden,56.15,2
2024-01-30,West,Clothing,113.76,5
2024-04-07,East,Toys,24.36,1
2023-06-14,East,Electronics,644.7,4
2024-06-22,East,Toys,54.95,2
2023-06-03,East,Toys,75.34,4
2023-12-18,East,Home & Garden,183.57,5
2023-02-08,east,Home & Garden,113.42,1
2023-06-10,North,Clothing,78.59,2
2023-05-30,West,Home & Garden,67.56,4
2024-09-15,South,Home & Garden,33.16,5
2023-01-05,Central,Toys,44.61,2
2024-08-23,North,Home & Garden,148.96,1
2024-10-03,West,Toys,31.36,2
2023-09-20,West,Clothing,72.51,2
2024-01-10,West,Electronics,544.28,2
2024-12-29,East,Groceries,41.45,1
2024-07-25,East,Groceries,47.25,1
2023-12-11,North,Groceries,12.0,5
2023-11-04,central,Electronics,721.74,2
2023-08-24,South,Electronics,317.79,3
2024-10-06,East,Clothing,53.05,3
2023-10-20,North,Clothing,111.65,3
2024-02-11,South,Toys,39.12,1
2024-04-08,Central,Groceries,35.55,4
2024-02-07,South,Toys,48.03,3
2023-08-03,West,Clothing,47.78,5
2024-02-24,West,Toys,37.11,2
2024-07-24,Central,Home & Garden,26.52,1
2023-01-29,Central,Clothing,115.92,4
2024-01-15,East,Home & Garden,278.3,3
2024-01-11,West,Electronics,697.62,1
2023-10-05,Central,Clothing,42.45,3
2023-06-22,Central,Groceries,6.96,4
2024-09-12,Central,Electronics,563.75,5
2024-06-30,East,Toys,66.77,3
2023-05-16,south,Groceries,30.4,2
2024-03-12,East,Home & Garden,187.09,5
2024-02-01,East,Home & Garden,225.33,2
2023-04-26,Central,Home & Garden,241.19,5
2023-01-13,Central,Clothing,68.83,2
2023-04-30,Central,Toys,43.11,1
2024-03-27,East,Clothing,77.25,1
2023-04-10,Central,Home & Garden,271.28,5
2024-06-20,Central,Toys,56.01,2
2024-02-24,Central,Toys,37.44,1
2023-11-23,South,Groceries,8.15,5
2024-11-07,East,Clothing,37.96,2
2024-01-28,East,Clothing,33.23,4
2024-09-29,South,Groceries,20.15,5
2024-05-25,North,Toys,77.17,5
2023-01-31,North,Groceries,48.7,4
2024-05-28,East,Home & Garden,180.37,1
2023-09-19,East,Electronics,390.53,2
2024-01-09,South,Electronics,650.96,3
2024-04-14,Central,Clothing,69.02,4
2024-05-27,North,Toys,49.0,2
2023-11-26,South,Groceries,12.77,5
2024-09-25,North,Electronics,765.18,5
2024-07-14,Central,Clothing,70.8,1
2024-03-02,West,Groceries,50.73,2
2023-05-07,North,Home & Garden,50.28,1
2024-08-10,North,Home & Garden,232.15,4
2023-01-30,East,Clothing,68.85,4
2023-01-28,South,Groceries,12.64,1
2024-10-05,South,Toys,32.64,5
2023-09-30,East,Groceries,57.82,2
2023-01-25,Central,Toys,56.75,5
2023-09-05,North,Toys,35.54,3
2023-12-04,west,Clothing,48.37,4
2023-07-17,Central,Home & Garden,190.57,4
2023-07-15,North,Clothing,74.88,4
2024-02-04,south,Clothing,80.25,4
2024-05-01,North,Clothing,,2
2023-11-12,South,Clothing,16.46,3
2024-06-24,West,Electronics,348.14,3
2024-11-03,West,Electronics,265.91,2
2023-09-02,North,Home & Garden,29.04,3
2024-07-23,west,Groceries,53.82,5
2023-03-10,South,Electronics,814.95,1
2024-04-04,east,Electronics,505.73,5
2023-03-16,East,Home & Garden,122.86,4
2024-06-12,West,Electronics,316.0,2
2023-07-28,West,Groceries,20.2,3
2023-03-15,West,Toys,48.79,2
2023-12-27,South,Clothing,43.62,1
2024-04-07,Central,Toys,74.6,3
2024-06-16,North,Clothing,114.9,4
2023-04-15,Central,Home & Garden,67.1,4
2024-08-08,Central,Electronics,842.7,1
2024-01-19,West,Home & Garden,122.52,5
2024-07-18,North,Home & Garden,229.13,3
2023-11-17,West,Electronics,735.47,3
2023-03-15,South,Groceries,48.39,2
2024-05-29,North,Home & Garden,24.39,4
2024-01-24,West,Electronics,631.88,2
2023-07-04,West,Groceries,28.17,1
2024-11-17,east,Groceries,25.64,3
2024-10-11,North,Home & Garden,60.71,4
2024-07-06,West,Home & Garden,89.39,5
2024-03-01,Central,Electronics,374.8,1
2023-02-20,South,Home & Garden,102.97,3
2023-11-14,East,Groceries,35.68,4
2024-05-29,South,Groceries,20.52,4
2023-10-09,Central,Groceries,31.65,1
2024-08-03,West,Electronics,311.06,1
2024-06-14,Central,Electronics,563.76,3
2024-07-04,Central,Home & Garden,179.59,4
2024-01-12,North,Electronics,665.02,1
2023-01-28,Central,Clothing,107.39,1
2024-04-10,North,Toys,75.45,3
2023-06-21,North,Clothing,102.17,1
2024-11-18,East,Electronics,159.5,5
2024-04-26,West,Home & Garden,154.82,2
2023-10-30,West,Groceries,25.35,5
2024-11-20,south,Clothing,90.62,1
2024-02-03,West,Home & Garden,87.63,3
2023-04-11,Central,Groceries,41.26,1
2023-09-10,West,Toys,22.95,5
2024-06-25,North,Electronics,845.52,5
2024-03-17,South,Clothing,117.91,4
2024-07-25,Central,Home & Garden,207.43,5
2024-12-22,Central,Electronics,433.82,2
2024-07-13,North,Groceries,49.41,5
2023-12-10,South,Groceries,20.58,2
2023-08-27,North,Home & Garden,201.33,1
2023-03-13,East,Clothing,110.38,5
2023-07-10,South,Electronics,367.74,1
2024-08-29,east,Toys,27.6,4
2024-01-15,Central,Groceries,59.2,5
2024-03-28,West,Home & Garden,173.0,4
2023-06-10,East,Home & Garden,40.32,3
2024-11-19,North,Home & Garden,21.31,3
2024-11-03,West,Groceries,12.03,1
2024-05-04,Central,Electronics,574.2,3
2023-11-22,West,Groceries,5.79,5
2024-12-19,West,Electronics,699.23,4
2023-12-12,North,Home & Garden,,5
2024-06-21,East,Electronics,565.95,3
2023-11-18,South,Clothing,118.74,5
2024-09-27,South,Electronics,421.57,5
2023-11-05,Central,Home & Garden,54.53,1
2024-12-04,East,Clothing,94.62,4
2024-04-26,South,Clothing,,4
2023-10-24,North,Clothing,28.11,2
2024-02-29,North,Groceries,39.54,4
2023-04-07,West,Groceries,16.23,4
2023-01-24,East,Groceries,15.52,1
2024-10-04,East,Electronics,258.97,5
2024-04-29,North,Home & Garden,88.06,4
2024-06-18,East,Clothing,79.76,1
2024-03-15,west,Groceries,50.64,4
2024-08-31,Central,Groceries,36.32,4
2024-09-12,West,Groceries,23.12,2
2023-07-10,North,Groceries,10.28,4
2023-02-20,North,Groceries,31.47,5
2023-12-07,Central,Clothing,63.23,5
2024-02-06,East,Home & Garden,213.37,3
2024-11-17,South,Toys,53.19,5
2023-10-23,South,Groceries,53.27,5
2023-12-07,Central,Toys,71.61,5
2024-06-23,East,Home & Garden,268.5,4
2024-12-31,West,Electronics,266.57,1
2024-12-14,North,Electronics,696.4,2
2024-07-27,East,Home & Garden,30.79,5
2024-10-21,West,Groceries,43.25,1
2023-02-16,Central,Clothing,88.2,5
2023-08-28,South,Toys,,4
2024-02-27,central,Electronics,187.21,3
2024-08-08,Central,Electronics,851.49,2
2024-10-27,East,Electronics,517.3,4
2024-08-09,North,Home & Garden,115.71,1
2023-11-21,West,Toys,42.64,2
2023-03-06,East,Clothing,45.86,2
2024-03-11,Central,Home & Garden,293.67,5
2023-08-31,East,Clothing,36.87,2
2024-05-26,West,Groceries,18.42,3
2023-04-28,South,Electronics,,4
2024-07-10,East,Groceries,44.52,5
2024-01-25,West,Clothing,77.76,2
2023-04-11,Central,Clothing,15.91,3
2023-06-21,West,Clothing,38.35,1
2024-05-23,Central,Home & Garden,210.31,5
2023-06-11,North,Electronics,307.98,5
2023-07-19,West,Electronics,204.44,5
2024-04-10,South,Toys,51.4,4
2023-01-27,West,Home & Garden,49.18,4
2024-11-08,South,Groceries,22.88,2
2024-04-19,West,Clothing,27.55,1
2023-11-05,East,Toys,42.39,1
2024-06-27,West,Electronics,551.29,5
2024-07-06,South,Electronics,440.82,3
2024-11-05,Central,Electronics,688.54,1
2023-12-05,East,Electronics,1218.9,4
2023-08-26,West,Home & Garden,184.31,4
2023-08-31,Central,Home & Garden,281.36,3
2023-08-17,East,Electronics,801.43,2
2024-03-06,West,Clothing,61.72,4
2023-12-19,West,Toys,110.6,3
2024-08-31,Central,Home & Garden,46.4,1
2024-04-03,West,Clothing,116.86,3
2024-07-15,Central,Electronics,592.52,1
2024-02-27,Central,Groceries,21.5,5
2023-04-23,West,Clothing,40.6,2
2024-04-20,Central,Home & Garden,256.99,2
2024-07-04,South,Toys,29.42,1
2023-07-25,North,Clothing,73.88,1
2023-10-30,North,Clothing,72.23,3
2024-11-19,East,Electronics,278.0,2
2024-05-27,East,Groceries,37.22,3
2023-09-15,East,Electronics,447.92,1
2024-09-06,Central,Home & Garden,150.36,4
2024-08-04,Central,Groceries,39.25,3
2023-05-24,central,Groceries,49.24,4
2023-07-17,South,Groceries,18.39,4
2023-03-02,North,Clothing,106.2,2
2024-10-07,Central,Electronics,587.61,4
2024-04-21,Central,Electronics,682.57,5
2024-10-02,South,Clothing,102.85,3
2024-05-15,West,Groceries,59.52,5
2024-12-10,South,Toys,73.58,5
2024-10-29,Central,Toys,10.84,2
2024-03-13,South,Clothing,38.09,3
2024-02-24,North,Groceries,33.34,1
2024-01-03,South,Toys,11.62,5
2024-03-07,East,Electronics,591.94,5
2023-12-17,South,Home & Garden,183.36,4
2024-07-06,East,Electronics,707.86,3
2024-07-11,North,Home & Garden,183.21,5
2023-02-01,West,Toys,57.75,1
2023-11-16,Central,Groceries,21.33,2
2024-08-11,South,Clothing,66.24,5
2024-01-19,South,Electronics,581.72,3
2024-09-07,South,Clothing,87.46,3
2024-10-01,West,Electronics,870.09,5
2023-03-24,south,Electronics,800.36,5
2023-01-26,West,Clothing,106.64,5
2024-06-18,east,Groceries,20.86,1
2023-08-14,South,Home & Garden,134.86,3
2023-11-16,East,Clothing,71.16,3
2024-09-14,South,Electronics,763.34,2
2023-02-22,South,Groceries,28.98,5
2024-04-07,East,Clothing,63.36,5
2024-12-24,South,Groceries,39.53,5
2024-06-14,North,Toys,15.56,1
2024-01-16,East,Toys,30.01,3
2024-05-31,North,Toys,,3
2024-04-13,Central,Home & Garden,123.52,5
2023-03-21,East,Electronics,693.7,2
2024-10-28,West,Home & Garden,191.32,4
2024-08-13,South,Home & Garden,281.29,3
2024-04-01,South,Electronics,707.24,2
2023-11-20,North,Electronics,790.64,1
2023-07-06,South,Clothing,76.92,2
2023-10-22,South,Groceries,42.35,5
2023-07-05,South,Clothing,18.76,1
2024-07-20,South,Toys,65.12,5
2024-05-09,East,Toys,17.21,3
2023-03-16,North,Clothing,55.31,5
2023-10-13,North,Home & Garden,109.26,2
2023-12-26,South,Home & Garden,72.65,2
2024-09-25,North,Groceries,59.08,1
2024-09-28,South,Home & Garden,295.96,2
2024-01-17,North,Groceries,35.18,1
2024-05-02,North,Home & Garden,207.1,5
2024-02-07,Central,Toys,77.66,4
2023-07-21,West,Home & Garden,71.14,5
2024-04-17,North,Home & Garden,205.44,5
2024-03-17,central,Electronics,644.15,2
2024-08-01,West,Groceries,11.7,1
2024-08-12,South,Home & Garden,114.94,4
2024-03-25,North,Groceries,45.38,1
2023-02-01,North,Home & Garden,31.66,2
2024-01-09,Central,Electronics,847.07,3
2023-06-19,Central,Toys,43.92,4
2023-04-19,Central,Clothing,87.18,1
2023-08-31,North,Toys,50.91,5
2024-03-24,South,Groceries,11.5,3
2024-05-27,Central,Clothing,88.84,1
2023-12-15,North,Toys,23.55,3
2024-07-10,Central,Toys,73.42,3
2024-08-15,Central,Electronics,386.76,2
2024-07-18,South,Clothing,53.78,4
2024-05-28,East,Groceries,59.67,3
2024-10-30,North,Electronics,419.13,5
2023-06-10,West,Clothing,86.99,5
2024-01-02,East,Toys,58.25,1
2023-09-11,Central,Electronics,722.0,4
2024-05-19,North,Home & Garden,211.06,3
2024-02-23,West,Clothing,31.71,4
2024-09-28,East,Home & Garden,21.11,3
2023-03-04,East,Electronics,309.86,2
2024-01-30,Central,Toys,30.23,4
2024-09-05,North,Electronics,555.96,5
2023-08-20,West,Clothing,81.8,3
2023-03-21,Central,Groceries,53.87,2
2024-06-07,West,Groceries,5.57,2
2024-07-27,South,Clothing,38.02,1
2024-07-08,South,Toys,59.38,4
2023-04-23,North,Groceries,52.87,3
2024-01-29,West,Toys,39.23,5
2024-03-29,East,Clothing,118.45,5
2024-07-24,East,Toys,20.85,4
2024-05-21,South,Electronics,307.61,1
2024-03-02,South,Clothing,42.25,3
2024-06-18,East,Groceries,10.59,1
2024-04-15,East,Toys,44.49,5
2024-05-31,West,Clothing,26.19,4
2024-03-22,Central,Home & Garden,207.71,5
2024-02-23,East,Electronics,856.07,2
2023-09-30,North,Home & Garden,138.32,3
2024-03-04,west,Electronics,263.82,5
2023-07-30,East,Electronics,869.99,2
2024-12-01,South,Home & Garden,224.36,4
2024-09-27,Central,Groceries,59.03,5
2024-08-26,South,Toys,51.6,2
2024-11-26,North,Toys,45.94,5
2023-01-09,West,Toys,20.62,1
2023-11-02,South,Toys,35.86,3
2024-11-01,East,Toys,69.85,5
2024-11-01,North,Toys,10.95,5
2023-03-17,Central,Toys,77.75,3
2024-05-07,South,Toys,41.95,2
2023-06-15,North,Home & Garden,227.29,5
2023-08-26,Central,Clothing,18.57,3
2023-02-15,Central,Clothing,114.41,4
2023-05-15,East,Home & Garden,247.93,1
2023-02-26,West,Electronics,469.5,3
2024-01-13,Central,Groceries,8.28,3
2023-12-15,West,Electronics,335.14,4
2023-07-29,East,Clothing,106.38,5
2023-06-14,East,Groceries,53.7,4
2024-10-13,East,Electronics,616.55,4
2023-11-27,North,Clothing,36.88,5
2024-02-27,west,Groceries,55.37,4
2023-02-07,Central,Groceries,50.57,1
2024-11-20,South,Electronics,693.31,5
2023-06-06,West,Groceries,30.92,3
2024-12-28,South,Electronics,899.78,2
2024-05-09,West,Home & Garden,274.75,4
2023-10-11,East,Clothing,51.9,1
2024-07-04,Central,Clothing,115.57,5
2023-09-20,South,Electronics,630.99,4
2023-08-02,East,Electronics,722.07,3
2024-08-02,South,Home & Garden,39.59,3
2024-02-12,West,Electronics,883.34,3
2024-04-07,North,Groceries,5.21,3
2024-11-14,South,Clothing,49.77,1
2024-10-03,West,Toys,66.43,5
2024-02-24,West,Toys,21.31,5
2024-01-09,West,Groceries,31.18,3
2024-02-03,South,Electronics,696.25,1
2023-09-18,Central,Home & Garden,197.54,3
2024-08-12,North,Groceries,24.95,3
2024-07-26,Central,Toys,71.84,1
2023-03-02,South,Home & Garden,194.58,5
2023-10-01,West,Groceries,17.78,4
2024-11-27,West,Electronics,325.68,2
2023-01-21,South,Toys,53.36,1
2024-11-30,East,Groceries,,5
2024-05-26,Central,Clothing,92.24,5
2024-10-19,North,Toys,21.07,4
2024-02-04,North,Home & Garden,70.1,5
2023-07-15,North,Home & Garden,,2
2023-03-11,South,Toys,28.08,5
2023-09-19,North,Electronics,857.92,4
2023-09-17,South,Home & Garden,80.31,1
2023-03-15,West,Toys,18.5,4
2023-11-05,North,Groceries,41.85,3
2023-06-08,Central,Groceries,31.98,3
2024-07-26,North,Toys,12.65,4
2023-08-19,Central,Electronics,,3
2023-12-06,North,Clothing,63.22,1
2023-12-03,West,Home & Garden,222.81,4
2023-06-12,East,Home & Garden,217.45,2
2023-09-13,West,Electronics,301.5,2
2024-08-05,West,Clothing,60.48,4
2023-09-04,North,Home & Garden,103.2,1
2024-03-03,north,Toys,42.01,3
2024-08-27,Central,Electronics,,3
2023-11-28,North,Toys,14.18,1
2023-02-06,West,Clothing,44.75,3
2023-01-24,Central,Clothing,,2
2023-07-04,South,Toys,79.81,4
2023-08-01,North,Groceries,55.33,1
2024-12-19,East,Groceries,5.41,5
2023-04-06,North,Groceries,15.86,2
2024-09-26,south,Electronics,364.97,3
2024-10-15,North,Clothing,26.9,2
2023-04-16,East,Groceries,19.99,3
2024-04-10,East,Toys,78.92,5
2023-01-23,Central,Electronics,531.27,3
2024-06-14,North,Groceries,53.94,5
2023-06-20,Central,Electronics,422.84,5
2023-11-03,North,Groceries,17.52,5
2023-08-01,East,Home & Garden,45.09,5
2023-07-24,South,Groceries,57.66,2
2023-04-07,South,Electronics,413.05,5
2024-01-18,South,Groceries,36.54,3
2024-04-13,South,Groceries,59.99,2
2023-12-24,West,Groceries,33.6,2
2023-08-11,south,Groceries,44.4,4
2024-09-06,Central,Toys,46.29,3
2023-09-28,West,Home & Garden,172.56,5
2024-12-21,West,Home & Garden,71.16,5
2024-12-11,Central,Toys,66.13,2
2023-07-04,east,Toys,13.2,5
2024-07-22,North,Groceries,21.45,2
2023-11-27,West,Toys,33.38,4
2024-07-29,South,Electronics,611.38,5
2023-12-07,Central,Electronics,291.29,3
2024-01-12,South,Clothing,36.31,4
2023-03-08,South,Groceries,15.13,5
2023-02-11,Central,Groceries,30.21,5
2023-06-03,West,Home & Garden,151.72,2
2024-01-15,South,Home & Garden,84.43,4
2024-09-29,central,Home & Garden,90.94,4
2024-12-09,South,Groceries,19.96,4
2024-04-16,Central,Electronics,284.46,5
2024-03-01,East,Clothing,112.25,5
2023-09-08,West,Home & Garden,86.95,5
2023-01-16,West,Groceries,44.89,4
2024-01-28,North,Home & Garden,126.38,2
2024-04-10,South,Groceries,51.57,3
2024-01-26,South,Toys,71.42,2
2023-04-25,South,Toys,58.78,4
2024-01-04,South,Clothing,97.0,3
2023-04-23,West,Toys,45.71,2
2024-02-29,West,Home & Garden,192.36,4
2023-04-08,Central,Home & Garden,273.01,5
2023-06-06,South,Home & Garden,268.84,1
2024-03-30,Central,Electronics,468.91,3
2024-12-08,Central,Groceries,42.05,1
2023-09-08,North,Groceries,42.58,1
2024-04-06,West,Toys,12.7,1
2023-08-11,West,Groceries,52.93,2
2023-04-13,West,Clothing,33.49,2
2024-01-28,South,Groceries,15.34,4
2023-08-11,Central,Clothing,57.09,1
2023-09-03,East,Electronics,605.61,1
2024-02-29,North,Toys,11.93,5
2024-08-15,North,Home & Garden,98.32,3
2024-09-14,south,Groceries,9.05,4
2024-09-06,West,Home & Garden,82.18,3
2023-11-15,Central,Toys,20.19,5
2024-07-11,South,Clothing,85.53,4
2023-01-08,South,Clothing,83.13,2
2023-08-31,North,Clothing,115.8,4
2023-11-07,East,Groceries,59.2,1
2023-12-16,South,Home & Garden,224.48,1
2023-02-21,North,Clothing,92.67,3
2024-01-20,East,Electronics,568.85,3
2023-07-17,South,Electronics,246.19,1
2024-11-24,East,Toys,29.96,1
2024-11-15,North,Electronics,735.58,5
2024-08-21,Central,Groceries,43.1,1
2023-08-25,North,Home & Garden,285.76,3
2024-12-16,East,Groceries,7.22,1
2024-08-19,West,Home & Garden,236.55,4
2023-08-02,East,Groceries,27.08,2
2024-06-19,South,Clothing,114.66,1
2024-05-26,East,Home & Garden,288.34,4
2024-11-16,Central,Groceries,58.21,5
2023-11-13,Central,Toys,20.72,5
2024-03-29,Central,Electronics,249.21,3
2024-12-17,South,Toys,88.99,3
2024-10-10,North,Clothing,102.05,3
2024-12-30,North,Groceries,9.75,3
2024-06-03,East,Clothing,118.09,1
2024-02-01,South,Electronics,498.12,4
2024-03-04,South,Clothing,118.65,5
2024-09-23,Central,Groceries,13.77,2
2023-09-09,West,Home & Garden,244.71,2
2024-10-16,South,Toys,32.9,5
2024-09-17,west,Toys,45.1,4
2024-11-26,Central,Electronics,780.87,2
2024-11-07,East,Clothing,33.37,3
2023-12-29,Central,Electronics,836.08,4
2023-09-14,East,Clothing,107.32,2
2024-09-18,North,Groceries,33.39,4
2024-04-03,Central,Electronics,639.24,1
2023-10-28,West,Clothing,87.64,2
2023-09-22,East,Home & Garden,61.75,1
2024-09-20,Central,Clothing,92.1,1
2024-01-30,Central,Home & Garden,296.09,4
2024-04-21,East,Clothing,16.73,1
2024-06-30,South,Clothing,58.4,2
2023-10-18,West,Toys,10.05,2
2023-08-29,West,Groceries,39.7,1
2023-03-08,East,Electronics,562.93,5
2023-12-09,West,Groceries,24.95,4
2024-08-24,West,Toys,65.03,1
2023-09-12,East,Clothing,93.85,2
2024-10-06,East,Groceries,34.1,3
2024-06-30,South,Toys,11.22,3
2023-12-06,North,Clothing,20.18,1
2023-12-07,East,Groceries,23.64,2
2023-07-24,East,Groceries,22.83,1
2024-02-11,Central,Electronics,221.67,2
2024-07-21,West,Toys,41.56,4
2024-10-23,South,Clothing,55.22,2
2024-01-21,South,Groceries,59.21,5
2024-01-04,South,Home & Garden,253.9,3
2024-11-02,West,Home & Garden,278.17,5
2023-05-22,East,Groceries,34.73,4
2024-06-27,North,Clothing,110.07,3
2024-09-01,Central,Clothing,101.11,1
2023-01-09,North,Home & Garden,227.61,3
2024-05-30,East,Home & Garden,109.62,1
2024-09-25,Central,Toys,35.64,2
2023-12-12,West,Groceries,16.67,5
2023-04-04,West,Electronics,690.2,2
2024-05-17,South,Groceries,16.38,2
2024-03-22,East,Clothing,112.71,3
2024-06-23,North,Clothing,100.69,1
2023-03-26,South,Clothing,106.02,1
2024-08-28,West,Electronics,415.65,5
2024-04-29,East,Clothing,77.21,2
2023-11-05,West,Toys,15.2,1
2023-09-05,Central,Clothing,64.61,1
2024-06-10,North,Clothing,93.28,2
2023-04-15,East,Toys,55.71,1
2024-07-25,East,Toys,61.13,3
2023-12-16,East,Home & Garden,92.63,1
2024-05-01,South,Clothing,25.08,1
2024-12-25,West,Home & Garden,177.62,5
2024-11-01,East,Toys,59.18,5
2024-02-19,South,Toys,47.35,2
2023-12-31,North,Clothing,56.99,4
2023-11-19,West,Electronics,518.65,1
2024-06-25,North,Toys,50.06,3
2024-02-10,South,Groceries,8.37,4
2024-03-09,East,Home & Garden,133.31,1
2024-04-29,Central,Toys,42.61,3
2023-06-11,East,Groceries,15.28,4
2024-07-27,South,Electronics,724.59,4
2023-12-17,South,Groceries,30.15,1
2024-02-13,North,Electronics,443.6,4
2023-12-01,North,Home & Garden,235.91,4
2023-01-13,North,Groceries,10.04,4
2023-08-03,South,Home & Garden,174.98,3
2024-09-05,North,Clothing,101.41,5
2023-05-11,North,Toys,19.73,2
2023-09-10,South,Home & Garden,192.83,5
2023-11-10,South,Electronics,730.17,4
2023-06-23,South,Electronics,563.84,5
2024-05-28,East,Groceries,6.36,5
2023-03-27,North,Toys,19.21,5
2024-01-07,Central,Home & Garden,279.26,2
2023-05-02,East,Toys,71.64,2
2023-06-26,South,Clothing,79.2,4
2024-01-09,East,Electronics,704.14,5
2024-03-09,Central,Toys,25.93,2
2024-02-15,West,Clothing,54.72,4
2024-04-24,north,Electronics,420.01,1
2024-06-05,East,Home & Garden,26.98,5
2024-11-20,South,Home & Garden,291.91,4
2023-11-11,South,Electronics,664.09,2
2024-08-04,Central,Electronics,540.72,5
2024-10-15,Central,Home & Garden,43.03,1
2024-01-10,West,Toys,12.9,2
2023-11-20,East,Electronics,213.17,2
2024-08-18,East,Groceries,,1
2024-06-29,South,Home & Garden,154.22,5
2024-09-10,West,Toys,68.89,4
2024-01-17,South,Clothing,44.6,2
2024-07-21,Central,Groceries,41.36,3
2024-10-31,West,Clothing,43.63,4
2023-04-29,Central,Clothing,44.91,3
2024-07-24,South,Groceries,12.7,5
2024-07-05,South,Home & Garden,195.93,3
2023-03-20,North,Groceries,28.7,2
2024-07-27,North,Toys,27.73,4
2024-11-28,Central,Clothing,112.36,4
2024-07-28,south,Electronics,775.83,1
2024-03-24,East,Clothing,116.54,1
2024-06-13,West,Home & Garden,81.66,4
2023-04-05,West,Electronics,225.56,3
2023-06-16,North,Groceries,57.13,4
2024-11-23,East,Groceries,29.26,5
2024-12-12,West,Toys,50.64,2
2023-07-28,Central,Toys,47.79,4
2024-05-18,North,Home & Garden,170.1,2
2023-09-01,Central,Toys,24.83,4
2023-04-03,North,Home & Garden,92.15,4
2023-03-24,East,Groceries,18.36,3
2023-11-10,Central,Groceries,14.13,5
2024-12-17,West,Electronics,861.79,3
2023-09-26,East,Clothing,98.66,2
2024-06-20,South,Groceries,16.32,5
2024-02-04,Central,Groceries,31.35,1
2023-09-06,East,Home & Garden,47.17,4
2023-02-03,South,Home & Garden,159.31,4
2023-03-18,East,Toys,70.09,1
2023-03-13,West,Electronics,629.4,1
2023-12-09,South,Clothing,113.84,5
2024-02-25,East,Toys,71.97,4
2023-03-25,south,Toys,22.78,1
2023-07-27,east,Groceries,23.44,4
2023-04-27,Central,Home & Garden,90.98,5
2023-11-20,North,Home & Garden,101.62,3
2024-01-28,North,Clothing,34.35,1
2024-04-29,East,Electronics,342.63,3
2023-01-04,West,Groceries,7.14,2
2023-07-17,North,Home & Garden,145.99,1
2024-10-13,South,Electronics,280.55,5
2023-07-24,West,Home & Garden,140.59,3
2024-09-19,South,Home & Garden,242.19,4
2024-03-31,East,Groceries,57.7,1
2024-09-20,South,Groceries,39.97,1
2024-01-13,West,Electronics,182.22,5
2023-06-03,West,Clothing,103.24,5
2024-05-27,Central,Clothing,21.4,4
2024-05-12,West,Electronics,337.03,4
2023-12-05,West,Groceries,41.5,5
2024-08-01,East,Clothing,93.92,4
2023-05-02,West,Electronics,269.14,3
2023-04-15,East,Toys,54.01,1
2023-05-30,West,Clothing,101.19,1
2024-04-12,North,Clothing,68.01,5
2023-12-12,East,Groceries,43.54,5
2024-07-05,South,Toys,50.53,3
2023-03-14,Central,Toys,27.83,1
2024-07-04,North,Home & Garden,289.29,5
2023-08-29,West,Groceries,,1
2024-02-12,North,Home & Garden,276.65,3
2023-05-13,west,Toys,59.65,1
2024-08-29,West,Clothing,101.1,3
2024-01-25,Central,Groceries,14.17,1
2023-01-27,Central,Electronics,363.97,4
2023-07-04,Central,Clothing,116.28,2
2023-09-04,North,Toys,32.36,5
2024-06-10,East,Home & Garden,175.05,4
2024-10-12,North,Clothing,48.49,4
2023-10-08,West,Home & Garden,228.87,5
2023-04-09,East,Toys,10.11,1
2023-04-14,Central,Electronics,667.37,4
2023-09-15,Central,Clothing,68.28,1
2024-06-04,West,Home & Garden,214.44,2
2024-10-02,South,Toys,45.26,1
2023-04-04,east,Home & Garden,155.19,5
2024-02-19,South,Toys,25.99,1
2023-08-20,Central,Clothing,81.47,5
2024-05-30,east,Clothing,28.73,2
2024-02-16,East,Toys,28.09,3
2023-05-12,Central,Home & Garden,112.39,1
2023-04-10,South,Home & Garden,177.64,2
2023-12-05,North,Clothing,86.5,4
2023-05-09,South,Clothing,62.29,1
2024-09-21,Central,Electronics,377.33,5
2023-12-21,Central,Home & Garden,115.96,4
2024-01-08,North,Home & Garden,57.5,3
2024-09-29,West,Groceries,22.57,4
2023-08-29,West,Clothing,39.03,1
2024-02-27,Central,Home & Garden,65.9,2
2024-03-27,West,Clothing,29.2,5
2024-05-15,Central,Home & Garden,102.49,3
2023-03-24,East,Toys,17.09,4
2023-05-09,East,Toys,40.93,1
2023-09-29,West,Toys,41.08,2
2024-07-20,Central,Toys,,3
2024-05-22,North,Electronics,867.55,2
2024-11-26,North,Electronics,518.61,5
2023-05-27,central,Toys,40.33,4
2023-12-10,West,Toys,83.15,2
2024-12-13,Central,Groceries,10.7,3
2023-04-04,south,Clothing,108.99,3
2024-01-07,South,Toys,68.69,1
2024-10-23,West,Electronics,681.63,2
2024-06-02,West,Home & Garden,264.56,2
2024-06-14,North,Toys,51.7,4
2024-12-19,West,Clothing,27.66,4
2023-07-18,North,Groceries,29.04,4
2023-05-21,West,Home & Garden,137.0,4
2023-01-19,Central,Home & Garden,207.63,5
2023-10-19,West,Toys,77.33,4
2024-11-29,South,Clothing,23.2,5
2024-02-18,North,Toys,22.31,5
2024-03-26,West,Electronics,525.16,5
2023-06-27,North,Home & Garden,84.13,2
2024-09-01,West,Groceries,42.32,5
2023-02-06,North,Home & Garden,261.17,4
2023-07-24,East,Groceries,58.43,2
2023-01-13,Central,Groceries,,5
2023-07-02,Central,Home & Garden,38.46,1
2023-09-02,south,Groceries,30.68,4
2023-04-21,West,Home & Garden,148.14,1
2024-04-18,South,Clothing,94.57,3
2024-08-12,West,Toys,78.92,3
2023-05-25,North,Electronics,599.47,5
2024-08-17,Central,Groceries,28.21,4
2023-01-25,South,Home & Garden,299.18,2
2023-09-02,East,Toys,69.31,2
2023-10-20,West,Toys,32.3,3
2024-09-22,West,Home & Garden,121.01,3
2023-02-22,Central,Home & Garden,299.03,4
2023-04-15,West,Electronics,797.68,5
2023-07-17,East,Electronics,720.91,3
2024-08-15,East,Electronics,829.63,1
2023-05-13,North,Electronics,759.18,1
2024-07-19,North,Toys,13.62,3
2023-11-15,North,Groceries,49.8,2
2024-09-12,East,Home & Garden,245.02,1
2024-06-02,East,Home & Garden,60.88,5
2024-04-02,North,Toys,51.58,3
2023-03-23,West,Toys,45.22,5
2024-03-27,North,Electronics,502.44,2
2023-11-12,north,Groceries,15.49,2
2024-03-11,South,Home & Garden,216.7,3
2023-05-20,South,Electronics,859.88,4
2024-05-03,north,Electronics,323.06,3
2023-06-05,North,Home & Garden,247.16,1
2023-11-25,Central,Clothing,100.77,1
2024-07-21,East,Groceries,,1
2023-09-13,North,Electronics,828.11,1
2023-05-19,North,Toys,40.84,5
2023-08-03,South,Clothing,59.86,2
2024-03-17,East,Electronics,655.01,4
2023-12-08,Central,Home & Garden,,3
2023-05-16,West,Clothing,26.06,3
2023-09-22,West,Electronics,209.27,2
2024-06-07,North,Clothing,43.87,4
2024-10-28,Central,Groceries,25.02,4
2023-07-20,Central,Electronics,792.74,5
2023-08-16,West,Groceries,26.75,5
2023-06-13,East,Electronics,522.07,4
2023-12-24,north,Toys,75.14,4
2024-11-02,South,Groceries,30.73,3
2023-05-14,Central,Home & Garden,214.43,4
2024-04-07,central,Groceries,20.21,5
2024-11-08,Central,Electronics,864.74,3
2024-09-05,West,Groceries,17.19,3
2024-04-03,East,Toys,67.32,3
2023-05-12,south,Toys,35.55,1
2023-11-04,North,Electronics,672.74,4
2023-08-17,South,Groceries,20.5,3
2023-11-23,South,Groceries,9.79,4
2024-07-19,South,Toys,57.67,3
2023-04-13,East,Home & Garden,127.81,1
2023-10-17,Central,Clothing,65.8,3
2023-12-15,East,Electronics,731.87,2
2023-07-06,South,Electronics,499.61,5
2023-10-17,North,Clothing,23.47,2
2023-12-13,Central,Groceries,46.11,3
2023-04-26,Central,Toys,23.82,5
2024-01-09,Central,Groceries,44.21,3
2023-12-28,West,Groceries,5.96,3
2024-01-28,East,Groceries,52.05,3
2024-01-11,South,Toys,64.31,2
2023-07-05,South,Toys,66.26,2
2023-10-08,South,Toys,66.24,4
2023-05-20,south,Groceries,51.12,2
2024-12-31,South,Groceries,37.49,5
2024-10-05,north,Groceries,12.88,2
2024-01-05,Central,Clothing,37.6,4
2024-11-03,East,Toys,,5
2024-08-13,North,Toys,55.93,1
2024-05-22,Central,Electronics,402.08,2
2023-08-01,Central,Home & Garden,275.64,2
2023-05-13,south,Home & Garden,200.69,4
2023-09-27,West,Toys,46.08,4
2023-02-24,East,Toys,30.88,5
2024-02-25,North,Toys,30.84,2
2024-01-18,East,Toys,49.91,1
2023-01-14,North,Electronics,623.86,2
2024-09-09,north,Electronics,668.58,2
2024-01-15,East,Toys,70.19,3
2023-11-19,North,Groceries,14.06,3
2024-03-05,Central,Groceries,8.8,1
2024-01-08,Central,Electronics,845.49,4
2024-05-22,East,Electronics,818.94,1
2024-05-17,East,Electronics,819.32,2
2023-12-25,North,Toys,35.97,1
2023-05-13,North,Home & Garden,128.95,5
2023-01-20,East,Home & Garden,110.81,3
2023-02-09,central,Home & Garden,149.23,4
2024-07-30,North,Groceries,26.92,1
2023-10-16,Central,Clothing,116.64,5
2023-02-18,South,Toys,79.22,3
2023-01-25,South,Home & Garden,148.59,5
2023-05-04,East,Home & Garden,163.16,4
2024-08-12,Central,Electronics,314.18,2
2024-10-10,West,Clothing,62.91,5
2024-02-08,North,Clothing,26.73,5
2023-03-23,North,Clothing,97.04,1
2023-06-26,East,Groceries,5.62,3
2023-01-10,West,Electronics,169.04,4
2023-12-02,East,Clothing,61.62,5
2023-03-01,North,Home & Garden,254.49,2
2024-03-30,East,Clothing,28.97,4
2023-12-30,west,Electronics,,3
2024-05-11,North,Clothing,58.5,2
2024-09-02,East,Home & Garden,118.59,1
2024-07-27,Central,Electronics,469.92,3
2023-04-12,West,Home & Garden,180.55,4
2023-08-31,East,Clothing,17.27,3
2023-05-13,South,Electronics,241.13,2
2023-07-17,West,Home & Garden,230.45,3
2023-01-14,South,Toys,25.41,5
2024-05-30,Central,Clothing,107.2,3
2024-07-01,East,Electronics,356.75,5
2024-02-22,East,Toys,78.04,3
2024-06-02,North,Toys,68.53,5
2023-10-08,North,Clothing,32.26,1
2024-06-10,West,Toys,40.0,2
2023-04-08,east,Clothing,94.62,3
2023-06-27,Central,Toys,31.36,2
2023-10-21,South,Clothing,36.63,4
2024-08-20,Central,Groceries,25.22,1
2024-01-16,East,Electronics,256.29,3
2024-07-14,West,Clothing,96.83,3
2023-11-28,Central,Groceries,42.17,3
2024-06-19,North,Groceries,55.47,5
2023-02-10,West,Electronics,651.98,2
2023-12-19,West,Groceries,51.71,1
2024-12-12,South,Toys,96.02,2
2024-05-23,North,Electronics,497.09,4
2023-09-14,Central,Toys,63.31,5
2023-02-23,West,Electronics,392.8,3
2024-11-17,West,Electronics,243.09,1
2024-12-26,South,Groceries,41.57,5
2023-05-04,West,Clothing,34.99,5
2023-05-18,North,Groceries,34.08,1
2024-06-24,East,Groceries,27.88,2
2024-09-29,West,Groceries,33.54,1
2024-12-20,South,Toys,26.57,1
2024-11-27,West,Groceries,37.15,4
2023-09-06,Central,Home & Garden,150.2,5
2024-05-14,South,Groceries,11.36,2
2023-01-02,West,Toys,70.25,3
2023-01-31,Central,Clothing,96.41,2
2023-06-03,South,Electronics,827.12,5
2023-05-16,South,Groceries,52.89,5
2024-03-16,East,Toys,28.37,1
2023-12-20,east,Electronics,633.63,4
2024-03-20,South,Home & Garden,133.65,1
2023-10-10,Central,Toys,63.92,1
2024-11-20,South,Groceries,40.09,3
2023-04-26,West,Electronics,181.2,4
2024-02-02,South,Toys,30.39,4
2023-06-17,East,Groceries,51.07,4
2024-05-07,East,Groceries,58.61,5
2024-05-13,North,Toys,37.6,2
2024-10-12,east,Home & Garden,247.19,3
2023-01-24,central,Home & Garden,244.74,2
2023-08-07,North,Home & Garden,199.95,4
2024-06-19,Central,Groceries,34.16,4
2023-10-23,East,Electronics,754.72,2
2024-11-16,North,Electronics,836.62,4
2024-12-13,East,Clothing,84.98,4
2024-12-31,West,Clothing,87.24,5
2023-12-07,East,Home & Garden,150.43,2
2024-06-10,East,Electronics,354.86,1
2024-12-29,Central,Clothing,35.35,3
2024-09-23,Central,Electronics,467.09,4
2023-12-20,West,Groceries,59.05,2
2023-08-27,South,Home & Garden,145.12,4
2024-11-02,East,Clothing,84.94,2
2023-02-06,South,Electronics,523.53,3
2023-08-10,West,Clothing,74.57,5
2024-09-13,Central,Toys,49.99,4
2024-06-10,Central,Clothing,66.47,2
2024-02-24,South,Toys,24.84,4
2023-12-31,West,Clothing,84.67,3
2023-05-01,South,Home & Garden,293.4,1
2023-09-14,Central,Toys,77.59,2
2023-02-05,East,Toys,24.18,4
2024-11-15,North,Home & Garden,242.85,4
2023-02-03,West,Home & Garden,231.19,3
2023-01-04,Central,Home & Garden,32.88,1
2024-05-23,South,Groceries,29.37,1
2024-09-27,South,Home & Garden,99.39,5
2024-05-26,East,Home & Garden,214.39,4
2024-02-08,East,Toys,56.45,4
2023-05-01,South,Clothing,39.75,5
2023-10-05,North,Groceries,58.16,4
2024-01-30,West,Home & Garden,251.96,2
2023-09-15,Central,Electronics,520.09,2
2024-06-19,West,Groceries,10.33,2
2024-06-05,Central,Clothing,15.97,4
2024-05-15,South,Clothing,41.94,5
2024-03-30,North,Toys,54.7,2
2023-07-27,Central,Toys,56.73,3
2023-07-17,East,Toys,25.11,4
2023-05-30,West,Toys,28.81,1
2024-04-24,West,Electronics,739.72,5
2023-02-17,North,Home & Garden,216.39,3
2024-12-07,East,Groceries,23.01,1
2024-10-11,Central,Home & Garden,292.0,4
2024-01-05,East,Electronics,196.47,5
2023-02-08,West,Electronics,886.28,2
2024-09-11,North,Electronics,682.51,1
2023-09-05,Central,Toys,52.39,5
2024-08-09,East,Clothing,45.02,1
2024-01-04,Central,Groceries,31.19,3
2023-11-28,West,Home & Garden,246.58,3
2024-09-30,Central,Groceries,53.16,4
2024-06-15,East,Home & Garden,,3
2023-11-15,South,Clothing,117.9,3
2024-07-22,East,Home & Garden,85.46,1
2023-04-28,East,Home & Garden,197.25,3
2024-07-04,North,Home & Garden,148.04,2
2024-06-09,West,Home & Garden,75.59,4
2023-08-16,West,Electronics,451.62,5
2023-01-16,South,Home & Garden,124.4,2
2024-11-17,West,Electronics,520.99,1
2023-03-02,South,Toys,57.36,3
2024-02-22,North,Groceries,8.82,1
2024-10-19,north,Toys,28.34,3
2023-01-11,West,Toys,10.77,5
2023-11-25,West,Toys,69.39,5
2024-06-08,West,Home & Garden,132.72,4
2024-07-07,Central,Home & Garden,270.17,2
2024-08-08,North,Clothing,45.16,4
2023-11-11,South,Home & Garden,97.01,3
2023-09-09,East,Groceries,10.74,4
2024-07-28,East,Clothing,90.93,4
2024-07-17,South,Home & Garden,29.92,5
2023-11-28,South,Home & Garden,269.44,2
2023-12-13,West,Home & Garden,247.62,2
2023-01-21,Central,Home & Garden,123.99,1
2023-04-29,West,Home & Garden,156.31,3
2023-04-02,East,Toys,25.35,4
2023-07-31,West,Home & Garden,223.44,5
2023-02-06,West,Groceries,40.71,5
2024-07-23,North,Toys,43.75,2
2024-09-23,West,Clothing,93.24,5
2023-08-25,South,Electronics,714.88,1
2023-05-19,Central,Electronics,625.64,3
2024-10-17,Central,Clothing,54.43,4
2023-08-10,East,Clothing,68.29,4
2024-01-01,East,Toys,78.69,1
2023-08-01,North,Groceries,35.13,1
2024-02-15,West,Electronics,496.79,3
2023-10-03,East,Home & Garden,55.25,3
2023-05-21,North,Clothing,77.91,3
2024-05-05,West,Groceries,55.22,1
2023-01-16,Central,Toys,65.28,3
2023-08-06,West,Toys,,4
2023-03-04,West,Toys,70.88,3
2023-07-13,South,Electronics,347.36,5
2024-03-16,Central,Home & Garden,54.36,1
2024-02-09,East,Electronics,572.4,4
2023-09-28,South,Electronics,818.8,1
2023-04-21,Central,Clothing,84.63,2
2024-10-31,Central,Clothing,62.39,1
2024-04-25,Central,Electronics,533.64,1
2024-04-05,east,Electronics,328.97,2
2023-03-29,East,Home & Garden,90.28,1
2023-09-23,East,Electronics,378.59,3
2023-06-11,South,Clothing,82.35,3
2024-06-28,Central,Groceries,22.98,1
2023-04-01,East,Electronics,757.61,5
2024-08-31,East,Groceries,6.03,5
2024-11-30,Central,Groceries,45.99,4
2023-01-31,West,Toys,76.34,2
2024-06-26,West,Groceries,56.24,5
2024-03-30,South,Clothing,48.99,4
2023-12-27,South,Electronics,944.52,3
2023-03-06,East,Groceries,54.49,4
2024-08-14,East,Groceries,25.05,5
2024-09-21,East,Home & Garden,137.97,4
2024-10-15,West,Groceries,20.18,2
2024-05-19,East,Home & Garden,285.56,5
2024-03-21,Central,Clothing,31.09,2
2024-08-08,North,Toys,41.35,2
2024-10-21,South,Groceries,10.0,2
2024-10-16,West,Home & Garden,85.74,3
2023-09-20,South,Groceries,55.77,4
2023-07-23,East,Toys,59.59,1
2024-08-25,East,Electronics,307.93,2
2024-06-14,Central,Groceries,49.73,4
2023-07-30,East,Home & Garden,60.5,5
2023-03-28,South,Electronics,390.55,1
2023-12-24,North,Clothing,28.79,2
2024-12-21,Central,Home & Garden,223.03,4
2023-01-15,North,Home & Garden,37.98,5
2024-01-23,West,Groceries,56.67,2
2024-08-28,South,Toys,59.31,3
2023-12-14,South,Clothing,75.14,4
2024-12-02,South,Toys,77.69,4
2023-07-03,East,Clothing,41.83,4
2023-02-26,South,Groceries,10.98,5
2023-08-20,Central,Toys,35.68,4
2023-12-26,East,Clothing,63.0,2
2024-11-04,North,Clothing,22.92,1
2023-02-28,West,Clothing,104.4,5
2024-02-04,East,Toys,14.52,1
2024-11-03,West,Clothing,37.45,4
2023-09-03,North,Electronics,862.64,4
2023-03-23,East,Toys,,4
2024-06-12,West,Groceries,16.62,4
2024-06-07,West,Toys,61.06,3
2023-11-20,West,Home & Garden,205.17,4
2024-12-27,Central,Home & Garden,251.49,4
2023-02-06,South,Clothing,108.46,5
2024-08-03,east,Clothing,73.13,5
2024-04-02,South,Clothing,47.39,3
2023-02-08,Central,Toys,25.53,2
2023-05-02,West,Toys,26.61,4
2024-01-31,Central,Toys,45.76,3
2024-03-15,West,Groceries,10.8,4
2024-03-23,East,Home & Garden,102.7,1
2024-11-20,West,Groceries,11.46,5
2024-06-20,North,Toys,17.72,1
2024-04-04,East,Groceries,58.55,4
2024-12-14,Central,Toys,87.58,2
2023-03-29,North,Home & Garden,55.67,2
2024-09-21,Central,Home & Garden,113.33,3
2023-12-09,central,Clothing,51.68,2
2024-06-18,East,Clothing,95.03,1
2024-02-28,South,Groceries,21.13,2
2023-08-31,South,Home & Garden,258.31,4
2023-02-04,West,Toys,76.3,1
2024-01-07,Central,Groceries,49.84,2
2024-09-19,North,Home & Garden,31.37,1
2024-12-06,South,Electronics,1114.82,1
2023-03-29,Central,Clothing,37.77,4
2023-04-15,North,Home & Garden,187.01,1
2024-09-14,East,Toys,18.19,3
2024-12-20,East,Toys,28.13,3
2023-02-03,Central,Home & Garden,48.51,2
2024-03-07,North,Groceries,28.06,4
2024-03-16,East,Clothing,80.26,3
2024-12-04,South,Electronics,1049.3,4
2023-09-24,East,Toys,25.87,4
2024-03-21,North,Electronics,373.31,4
2024-02-17,West,Clothing,64.78,3
2023-07-02,West,Groceries,37.15,4
2023-11-10,South,Toys,51.46,1
2023-02-02,East,Toys,76.7,2
2023-10-28,Central,Home & Garden,259.65,4
2024-11-20,South,Electronics,470.42,2
2024-12-01,central,Toys,93.46,5
2023-12-20,East,Home & Garden,208.38,1
2023-09-26,South,Clothing,21.81,4
2023-06-27,Central,Toys,14.06,1
2024-06-04,South,Home & Garden,250.59,4
2024-12-26,Central,Electronics,1095.8,5
2023-03-28,West,Home & Garden,252.31,1
2023-02-17,South,Home & Garden,155.16,2
2023-12-16,Central,Groceries,48.51,1
2024-07-02,South,Home & Garden,229.7,2
2023-07-27,North,Groceries,52.81,4
2024-02-25,South,Home & Garden,251.42,5
2023-12-23,West,Electronics,1225.27,3
2024-08-15,South,Toys,36.35,1
2024-11-23,West,Groceries,11.27,5
2023-05-16,West,Toys,74.55,3
2024-07-15,North,Clothing,21.3,4
2023-05-31,West,Groceries,,1
2023-01-23,North,Home & Garden,166.76,2
2023-11-13,West,Groceries,38.8,5
2023-10-11,South,Clothing,68.33,3
2023-02-14,South,Electronics,,4
2024-09-02,central,Clothing,93.31,3
2024-09-10,West,Clothing,64.18,1
2023-04-02,Central,Clothing,104.96,3
2024-05-02,Central,Electronics,327.82,2
2023-10-28,Central,Toys,35.91,4
2023-08-08,Central,Clothing,53.98,3
2024-08-26,Central,Groceries,46.27,1
2023-06-24,Central,Toys,,5
2023-05-01,South,Home & Garden,273.42,2
2023-07-02,West,Home & Garden,235.45,2
2023-05-06,North,Clothing,42.35,1
2024-01-19,North,Toys,64.05,1
2024-10-16,East,Clothing,113.54,1
2023-08-11,East,Toys,55.2,4
2023-03-20,West,Home & Garden,173.81,5
2024-04-09,West,Toys,76.01,1
2023-06-30,North,Clothing,44.12,1
2023-05-14,West,Toys,64.91,5
2023-01-08,South,Toys,45.43,4
2024-05-22,North,Clothing,113.76,2
2023-01-21,East,Clothing,74.27,2
2024-08-02,West,Groceries,59.02,2
2024-12-09,Central,Electronics,978.99,5
2023-09-12,Central,Clothing,109.51,3
2024-01-31,West,Clothing,36.24,4
2024-04-17,Central,Toys,75.62,1
2023-01-05,West,Electronics,752.61,1
2023-02-23,South,Electronics,376.85,5
2024-06-14,West,Electronics,531.62,4
2024-07-31,Central,Clothing,72.89,4
2024-04-01,North,Clothing,59.74,2
2024-08-16,North,Electronics,497.25,4
2023-11-16,North,Clothing,17.4,1
2023-04-18,Central,Clothing,60.08,1
2023-04-26,East,Toys,72.39,4
2023-01-16,Central,Electronics,519.96,4
2023-09-29,east,Home & Garden,225.85,4
2023-04-04,North,Electronics,718.1,2
2023-05-15,West,Toys,68.34,5
2024-06-11,South,Groceries,52.58,1
2023-04-26,west,Electronics,245.72,3
2023-01-05,west,Electronics,212.17,1
2023-04-03,North,Groceries,51.16,3
2024-03-12,East,Electronics,534.7,2
2023-03-19,Central,Home & Garden,279.16,3
2024-08-05,West,Clothing,31.2,2
2023-11-02,North,Home & Garden,148.58,5
2024-02-20,East,Home & Garden,282.4,1
2024-06-12,North,Toys,46.36,4
2023-04-03,West,Clothing,67.04,2
2023-12-04,South,Groceries,31.78,4
2024-11-12,North,Home & Garden,207.27,1
2024-01-17,North,Home & Garden,61.84,1
2023-01-22,East,Electronics,610.45,4
2024-06-27,Central,Clothing,31.58,4
2023-06-03,Central,Toys,61.63,2
2023-05-09,Central,Groceries,7.78,4
2024-06-16,West,Home & Garden,299.47,2
2024-04-11,West,Toys,23.36,5
2024-05-25,North,Clothing,78.12,5
2023-12-18,Central,Toys,72.29,3
2023-12-21,Central,Groceries,55.83,4
2023-01-21,East,Home & Garden,258.4,2
2024-08-04,West,Toys,17.77,1
2024-09-07,South,Toys,57.93,3
2024-11-03,North,Clothing,22.53,2
2024-03-26,West,Groceries,,3
2024-03-18,central,Home & Garden,285.14,2
2024-05-26,West,Home & Garden,250.04,5
2024-12-22,Central,Toys,102.62,1
2024-06-01,East,Toys,17.46,1
2024-01-08,South,Clothing,73.51,2
2023-09-18,West,Toys,50.23,5
2023-02-26,Central,Clothing,114.52,5
2024-03-21,Central,Groceries,53.77,1
2024-03-07,south,Groceries,40.37,3
2023-12-27,North,Toys,31.95,1
2023-06-29,East,Clothing,94.77,5
2023-05-10,North,Home & Garden,145.42,1
2023-02-26,Central,Home & Garden,100.91,5
2024-08-01,East,Clothing,93.92,4
2023-10-15,Central,Groceries,56.06,1
2024-12-02,Central,Home & Garden,144.85,4
2024-05-23,Central,Home & Garden,84.3,1
2023-11-19,North,Clothing,75.32,4
2024-05-24,South,Electronics,759.09,5
2023-02-15,North,Groceries,55.96,2
2024-09-11,Central,Clothing,62.43,4
2023-01-13,Central,Groceries,33.61,5
2024-08-13,West,Home & Garden,166.86,4
2024-05-29,North,Electronics,643.06,4
2023-08-29,Central,Electronics,802.52,5
2024-05-16,North,Electronics,522.16,1
2023-12-29,East,Clothing,21.38,4
2024-12-12,South,Clothing,103.41,1
2023-10-18,East,Clothing,80.18,2
2024-07-01,South,Electronics,349.99,4
2023-10-23,Central,Electronics,898.79,4
2023-09-26,South,Electronics,817.62,5
2023-10-07,West,Toys,48.58,4
2024-09-24,Central,Clothing,115.28,1
2024-10-13,North,Toys,56.29,3
2024-11-15,Central,Toys,61.57,4
2024-05-10,Central,Home & Garden,62.39,3
2024-08-16,South,Clothing,77.28,3
2023-06-07,North,Clothing,37.21,3
2023-06-24,North,Home & Garden,63.54,3
2023-09-16,South,Clothing,92.43,5
2023-04-26,North,Electronics,425.74,3
2024-01-18,East,Clothing,92.59,2
2024-05-13,East,Groceries,186.75,5
2024-02-10,East,Electronics,661.28,5
2023-04-13,East,Groceries,54.27,1
2024-06-01,East,Toys,69.41,5
2024-11-26,East,Toys,,5
2023-06-13,South,Toys,62.73,2
2024-09-10,West,Clothing,58.5,5
2023-06-30,South,Electronics,492.61,4
2024-04-20,West,Toys,39.7,4
2024-02-27,East,Home & Garden,265.58,5
2023-11-19,Central,Groceries,28.07,5
2023-10-12,South,Toys,71.55,4
2023-06-19,West,Clothing,61.18,5
2024-06-21,East,Groceries,37.75,3
2024-06-17,North,Clothing,63.47,2
2023-12-16,Central,Clothing,115.12,5
2024-03-06,South,Clothing,111.85,2
2023-01-05,North,Clothing,58.32,2
2023-04-11,South,Home & Garden,156.56,3
2024-10-27,East,Electronics,548.89,4
2024-04-11,Central,Groceries,58.32,5
2024-10-27,South,Groceries,8.18,4
2023-09-29,East,Electronics,633.07,3
2024-09-02,Central,Electronics,624.23,2
2024-06-28,East,Clothing,117.35,2
2023-11-03,East,Electronics,486.18,1
2024-08-29,Central,Clothing,22.6,1
2023-03-17,South,Clothing,106.79,3
2023-03-04,South,Electronics,291.6,4
2024-02-04,Central,Electronics,261.88,4
2023-05-28,West,Home & Garden,132.11,4
2023-04-23,Central,Clothing,74.08,3
2023-12-18,Central,Groceries,44.67,5
2023-08-20,East,Clothing,38.17,4
2024-12-28,West,Electronics,688.82,4
2023-05-11,West,Clothing,111.82,2
2024-08-21,South,Clothing,52.63,4
2024-04-27,Central,Toys,76.1,2
2024-04-10,Central,Electronics,531.6,2
2024-04-08,South,Clothing,48.24,2
2023-09-30,North,Toys,73.53,1
2023-10-05,West,Groceries,45.36,5
2023-11-12,South,Electronics,705.86,2
2024-01-19,Central,Clothing,32.0,1
2023-08-28,West,Home & Garden,40.58,5
2024-11-08,Central,Groceries,30.92,5
2024-12-30,South,Electronics,433.4,3
2024-04-27,North,Clothing,72.97,4
2024-03-15,East,Clothing,86.4,3
2024-06-23,South,Clothing,63.39,4
2023-10-03,East,Toys,40.11,5
2023-09-08,North,Groceries,36.61,3
2024-02-09,north,Toys,62.31,5
2024-09-12,Central,Clothing,92.11,2
2024-11-24,Central,Home & Garden,75.35,5
2024-06-26,West,Toys,77.57,3
2024-05-11,North,Groceries,,3
2023-08-23,South,Clothing,98.97,1
2024-08-13,East,Toys,52.88,3
2024-07-25,South,Clothing,79.2,4
2024-07-13,West,Home & Garden,189.98,2
2023-11-15,Central,Clothing,89.95,1
2023-07-16,South,Toys,38.34,2
2023-08-23,East,Electronics,617.11,1
2023-11-25,North,Home & Garden,115.68,2
2023-06-07,North,Electronics,388.6,3
2023-12-06,Central,Toys,14.94,5
2024-01-23,north,Clothing,67.81,4
2024-12-07,central,Toys,40.67,1
2023-06-23,East,Toys,36.44,3
2023-12-18,East,Groceries,19.01,2
2024-04-21,North,Toys,38.85,4
2023-06-27,West,Clothing,48.79,3
2023-08-06,North,Clothing,27.36,3
2024-06-15,East,Electronics,435.95,3
2024-10-06,North,Toys,77.92,3
2024-04-23,West,Groceries,32.18,1
2023-03-30,West,Home & Garden,253.21,1
2024-10-29,North,Home & Garden,162.73,1
2023-11-21,Central,Groceries,15.62,5
2023-12-06,Central,Clothing,110.68,4
2023-08-02,Central,Clothing,86.79,5
2023-04-27,West,Groceries,59.97,1
2024-07-06,North,Electronics,889.89,4
2024-08-10,West,Home & Garden,272.13,5
2024-07-06,North,Electronics,715.44,2
2024-02-08,East,Clothing,64.92,1
2024-05-02,East,Groceries,20.28,1
2023-08-23,North,Home & Garden,162.47,1
2024-03-17,North,Toys,69.64,2
2023-06-29,East,Clothing,27.38,1
2024-02-29,East,Toys,55.67,3
2023-05-11,West,Clothing,49.0,5
2023-02-26,South,Groceries,55.82,1
2023-01-04,Central,Toys,,4
2024-08-17,West,Groceries,42.06,1
2023-03-24,East,Toys,30.5,3
2023-03-25,South,Home & Garden,107.57,2
2024-10-04,North,Electronics,195.42,3
2023-10-17,South,Clothing,30.11,1
2024-03-08,North,Electronics,478.76,1
2024-12-15,North,Home & Garden,132.18,4
2024-12-31,West,Groceries,51.26,4
2024-04-06,East,Home & Garden,251.01,4
2023-07-31,East,Toys,40.54,4
2023-12-11,North,Home & Garden,157.47,1
2024-01-01,North,Groceries,38.32,1
2023-03-28,West,Electronics,605.77,4
2023-10-17,Central,Clothing,86.18,3
2024-11-01,North,Home & Garden,128.37,2
2023-04-16,East,Electronics,530.73,5
2023-05-09,North,Clothing,37.0,4
2024-10-16,Central,Groceries,36.18,3
2024-07-01,Central,Toys,79.5,2
2023-07-19,East,Electronics,255.86,3
2023-03-20,East,Clothing,69.29,1
2023-04-18,North,Groceries,56.33,1
2023-08-05,East,Groceries,8.74,3
2023-07-20,Central,Toys,29.55,5
2024-05-12,Central,Electronics,286.06,5
2023-10-27,South,Home & Garden,173.73,1
2023-11-27,East,Home & Garden,,2
2024-12-28,West,Home & Garden,260.68,3
2024-12-17,North,Groceries,58.62,4
2023-10-25,South,Clothing,105.04,3
2023-09-30,Central,Toys,33.96,4
2023-07-12,West,Clothing,103.04,4
2024-06-30,North,Clothing,19.84,3
2024-12-06,West,Groceries,38.48,4
2023-11-10,North,Clothing,51.33,4
2024-10-14,East,Home & Garden,249.61,2
2024-03-18,North,Toys,43.89,2
2023-10-02,Central,Clothing,43.28,2
2024-01-06,South,Toys,77.46,4
2023-10-25,South,Clothing,15.01,2
2023-04-04,Central,Toys,24.77,3
2024-10-25,South,Electronics,603.66,5
2024-10-08,West,Home & Garden,83.0,5
2024-10-22,South,Groceries,5.73,3
2023-01-08,Central,Clothing,77.36,2
2023-02-14,East,Toys,42.14,5
2024-02-02,West,Home & Garden,178.56,1
2023-04-20,west,Electronics,393.5,3
2024-05-02,East,Groceries,33.27,5
2024-07-20,South,Electronics,774.02,4
2024-09-30,West,Toys,59.88,3
2023-03-12,Central,Clothing,115.84,3
2024-06-14,South,Groceries,,1
2023-06-23,central,Clothing,31.52,1
2023-03-02,South,Electronics,156.58,2
2024-06-15,East,Clothing,51.58,5
2024-06-17,Central,Clothing,101.98,1
2023-03-03,West,Toys,39.2,4
2024-12-24,Central,Electronics,280.64,4
2024-08-30,North,Home & Garden,71.37,1
2024-07-26,East,Groceries,6.52,1
2024-08-21,central,Clothing,86.36,2
2023-05-11,East,Home & Garden,114.68,4
2024-12-19,West,Home & Garden,80.01,2
2024-05-06,South,Toys,42.25,1
2023-06-14,South,Electronics,343.48,3
2023-12-26,South,Home & Garden,78.2,3
2024-11-02,Central,Groceries,5.96,4
2024-07-20,West,Groceries,30.9,1
2023-03-19,North,Clothing,113.9,4
2023-10-27,East,Toys,59.68,1
2023-07-01,Central,Home & Garden,115.16,4
2024-11-28,East,Groceries,,2
2023-08-14,East,Groceries,41.68,5
2024-04-22,West,Groceries,41.95,4
2023-07-10,South,Groceries,22.41,2
2024-03-02,West,Toys,22.63,4
2023-07-09,North,Groceries,51.68,4
2023-01-15,Central,Clothing,38.18,2
2024-11-12,South,Clothing,81.8,2
2024-03-02,West,Home & Garden,39.84,2
2023-03-11,North,Groceries,55.42,2
2024-12-07,West,Groceries,8.79,3
2024-02-19,South,Home & Garden,219.62,3
2024-04-01,East,Toys,41.62,3
2024-12-22,East,Electronics,430.73,3
2023-01-25,West,Electronics,175.04,5
2023-10-21,Central,Clothing,26.61,5
2024-06-05,East,Electronics,571.24,5
2023-03-10,west,Groceries,18.68,2
2023-02-17,West,Electronics,163.79,2
2024-09-06,West,Groceries,29.65,3
2024-08-10,South,Electronics,337.24,1
2023-05-19,West,Groceries,29.27,5
2023-03-25,West,Toys,18.57,4
2023-04-21,North,Groceries,12.41,4
2023-07-29,West,Toys,67.46,5
2023-11-23,West,Toys,20.8,4
2024-04-05,East,Home & Garden,80.9,3
2023-05-26,East,Home & Garden,226.08,5
2023-01-17,West,Home & Garden,291.55,3
2024-04-23,East,Clothing,58.93,2
2023-07-30,West,Electronics,379.37,4
2024-07-20,East,Toys,17.75,1
2024-11-28,north,Groceries,45.21,2
2023-06-06,East,Groceries,31.5,1
2024-06-20,South,Groceries,59.54,1
2023-12-07,North,Electronics,921.98,2
2023-01-01,West,Home & Garden,143.24,4
2024-09-09,North,Clothing,110.05,4
2024-06-20,Central,Toys,64.69,3
2023-06-11,West,Toys,78.22,1
2024-01-22,North,Clothing,55.23,4
2024-09-10,West,Groceries,18.18,2
2024-06-23,North,Electronics,223.23,1
2023-02-18,North,Toys,15.95,1
2024-06-01,North,Toys,50.38,5
2023-10-06,South,Home & Garden,222.63,5
2023-01-03,South,Electronics,219.83,4
2024-06-01,South,Electronics,487.67,5
2023-03-22,South,Home & Garden,261.33,1
2024-10-09,Central,Home & Garden,286.22,1
2023-04-09,North,Electronics,739.25,1
2023-05-08,East,Clothing,114.61,3
2024-04-19,West,Home & Garden,43.81,2
2024-11-23,West,Clothing,25.76,1
2024-07-30,East,Home & Garden,174.54,5
2024-11-15,South,Home & Garden,153.72,4
2023-09-26,West,Clothing,68.38,2
2023-11-04,West,Toys,67.64,4
2024-11-13,South,Electronics,633.83,2
2023-12-13,South,Home & Garden,291.45,4
2024-05-30,West,Groceries,24.57,5
2023-01-04,North,Home & Garden,184.02,3
2024-07-29,North,Toys,59.25,3
2024-04-08,North,Electronics,635.05,3
2024-02-09,North,Groceries,12.44,2
2023-10-15,East,Electronics,714.57,3
2024-03-11,East,Home & Garden,169.54,5
2024-05-11,West,Groceries,10.23,5
2023-01-02,East,Electronics,385.77,4
2024-08-08,East,Home & Garden,247.92,1
2024-12-22,West,Toys,33.03,1
2023-11-08,Central,Home & Garden,51.79,4
2024-02-09,South,Groceries,29.54,2
2024-08-15,North,Groceries,31.89,5
2023-04-10,West,Electronics,589.39,5
2024-03-17,East,Clothing,15.58,5
2024-12-10,East,Home & Garden,221.92,5
2023-03-08,North,Electronics,793.95,1
2024-05-12,South,Groceries,48.77,5
2023-10-18,West,Groceries,24.82,4
2024-09-18,Central,Electronics,818.16,5
2023-04-17,West,Electronics,303.38,5
2024-02-02,West,Home & Garden,103.52,2
2024-07-23,Central,Toys,13.11,3
2024-05-24,South,Toys,69.4,4
2024-11-13,West,Toys,28.15,5
2024-07-01,South,Clothing,92.99,1
2024-08-03,West,Groceries,52.83,1
2024-10-25,Central,Groceries,24.41,4
2024-05-16,West,Clothing,51.97,5
2023-11-18,West,Clothing,86.55,4
2024-12-30,Central,Groceries,50.45,5
2023-12-16,Central,Toys,80.67,3
2023-08-20,North,Groceries,26.14,3
2024-10-28,East,Electronics,482.35,4
2024-04-13,East,Groceries,52.87,5
2024-11-19,north,Clothing,27.65,2
2023-03-30,North,Toys,70.7,5
2023-09-13,East,Home & Garden,23.05,1
2023-07-17,West,Clothing,107.97,2
2024-07-23,Central,Toys,14.53,2
2024-08-13,East,Home & Garden,165.55,5
2023-10-30,East,Groceries,45.35,2
2024-09-10,Central,Clothing,23.63,2
2024-10-16,East,Home & Garden,245.5,5
2023-11-28,Central,Home & Garden,130.82,5
2024-03-17,North,Toys,46.64,1
2023-01-03,South,Groceries,31.71,3
2024-09-14,Central,Clothing,93.85,1
2024-07-16,East,Groceries,28.36,2
2023-08-26,East,Groceries,9.66,5
2024-08-03,Central,Groceries,35.61,1
2023-12-17,Central,Electronics,862.29,5
2023-12-12,East,Electronics,1215.8,3
2024-03-11,West,Groceries,6.4,3
2023-07-17,West,Clothing,60.51,2
2023-12-28,West,Groceries,5.06,3
2023-10-21,East,Electronics,,3
2024-02-22,East,Clothing,40.99,3
2024-10-21,East,Groceries,8.7,3
2023-07-22,East,Groceries,31.05,5
2024-10-03,South,Toys,67.56,5
2024-12-30,East,Clothing,23.99,5
2024-12-29,North,Groceries,34.47,5
2023-02-05,Central,Groceries,14.87,2
2024-05-16,East,Groceries,51.51,2
2024-01-11,East,Electronics,345.73,4
2023-11-24,South,Toys,36.77,2
2024-09-23,South,Clothing,97.55,3
2023-11-30,South,Toys,26.42,5
2024-04-02,East,Electronics,558.75,4
2024-09-19,North,Groceries,50.38,5
2024-04-05,East,Home & Garden,51.15,1
2024-03-20,North,Toys,60.0,3
2024-11-07,West,Electronics,794.73,4
2024-11-30,Central,Electronics,431.15,1
2023-09-14,South,Electronics,335.66,5
2024-08-19,South,Clothing,54.77,5
2023-07-11,Central,Electronics,807.69,5
2023-08-21,Central,Toys,30.46,5
2023-12-29,West,Toys,89.76,4
2023-02-05,East,Groceries,33.42,3
2023-03-05,South,Toys,61.77,2
2024-02-23,East,Home & Garden,269.77,5
2024-07-14,West,Electronics,706.36,3
2023-03-30,East,Electronics,870.54,3
2024-01-15,North,Electronics,224.49,4
2023-07-05,West,Toys,73.24,4
2023-10-30,Central,Toys,55.75,4
2023-10-12,South,Toys,20.11,3
2024-05-20,North,Home & Garden,75.91,1
2024-04-24,East,Clothing,53.63,1
2023-10-14,Central,Groceries,32.02,3
2024-08-03,West,Electronics,729.03,2
2023-11-28,South,Clothing,114.68,3
2023-11-13,South,Toys,33.15,2
2023-03-19,North,Electronics,541.37,4
2023-09-17,East,Clothing,110.84,1
2023-07-10,South,Clothing,56.43,2
2023-04-25,North,Groceries,21.76,2
2023-12-22,North,Home & Garden,172.31,2
2023-09-22,East,Clothing,107.83,3
2023-12-01,Central,Electronics,469.17,1
2024-01-27,South,Home & Garden,255.44,3
2024-02-14,East,Clothing,41.0,4
2023-05-28,East,Electronics,567.62,1
2023-03-13,South,Toys,18.9,3
2024-10-06,South,Clothing,,2
2023-10-03,South,Home & Garden,88.0,5
2023-10-11,Central,Home & Garden,226.73,2
2024-06-20,East,Electronics,,2
2023-05-09,South,Electronics,716.23,1
2023-10-16,South,Groceries,45.42,5
2023-06-13,East,Electronics,378.33,1
2023-05-12,West,Toys,28.65,5
2024-11-22,East,Home & Garden,58.58,4
2023-04-01,North,Clothing,107.66,3
2023-11-26,North,Groceries,7.34,1
2024-09-19,North,Clothing,105.7,3
2024-04-06,East,Toys,69.27,5
2024-12-19,East,Electronics,441.25,2
2023-04-19,East,Clothing,40.93,5
2023-04-02,Central,Toys,75.28,4
2024-11-29,North,Groceries,49.34,1
2024-11-05,West,Clothing,102.0,3
2024-12-24,Central,Electronics,748.55,4
2023-03-31,North,Groceries,21.39,4
2024-10-01,North,Clothing,35.71,2
2023-08-20,North,Groceries,,3
2023-08-22,South,Groceries,29.92,5
2024-01-06,South,Groceries,39.36,2
2024-03-04,North,Clothing,116.41,5
2023-11-06,North,Home & Garden,276.21,1
2023-11-29,South,Home & Garden,126.0,4
2023-07-03,North,Home & Garden,267.49,4
2023-09-07,North,Electronics,792.57,1
2023-07-10,central,Groceries,39.11,3
2024-05-05,Central,Electronics,358.27,5
2023-07-30,North,Electronics,734.32,4
2023-03-19,North,Toys,78.23,4
2024-02-04,North,Electronics,344.62,4
2023-12-04,North,Clothing,30.97,3
2024-03-12,Central,Electronics,330.27,5
2023-11-28,North,Electronics,185.25,1
2024-02-26,Central,Toys,73.65,2
2023-05-21,central,Home & Garden,,2
2024-11-29,West,Electronics,715.15,5
2023-08-04,North,Electronics,802.21,3
2024-08-25,South,Home & Garden,208.34,1
2024-05-19,East,Clothing,51.77,3
2024-06-20,West,Home & Garden,174.55,5
2023-07-03,West,Groceries,39.14,3
2024-04-22,East,Toys,26.99,5
2023-09-22,South,Electronics,716.75,2
2023-07-12,South,Electronics,773.93,1
2023-11-20,Central,Toys,50.89,4
2024-12-05,north,Clothing,20.53,4
2024-12-31,South,Groceries,57.77,4
2024-08-02,East,Clothing,54.39,1
2023-10-03,Central,Electronics,834.26,2
2024-05-10,Central,Clothing,48.67,1
2024-02-14,Central,Electronics,475.34,2
2024-04-15,South,Toys,62.46,3
2024-03-20,East,Clothing,39.73,3
2024-12-04,East,Clothing,26.35,1
2024-12-22,North,Home & Garden,82.72,3
2024-03-06,East,Groceries,42.59,4
2024-12-10,West,Toys,101.41,1
2024-02-20,North,Toys,60.95,4
2023-02-14,Central,Toys,67.31,2
2024-01-17,East,Clothing,37.83,1
2024-06-11,South,Home & Garden,137.71,5
2023-06-28,East,Electronics,187.21,4
2023-10-20,South,Clothing,37.52,2
2024-05-27,West,Toys,39.19,3
2023-04-05,South,Clothing,50.33,2
2023-01-22,North,Electronics,644.02,1
2023-08-16,Central,Clothing,33.28,4
2024-04-05,North,Toys,16.78,5
2024-01-31,South,Clothing,80.45,1
2023-05-02,West,Groceries,23.01,1
2024-07-17,North,Clothing,117.59,3
2024-09-07,East,Clothing,95.82,4
2023-02-18,Central,Toys,69.5,3
2024-04-19,West,Groceries,35.31,5
2023-06-12,Central,Home & Garden,231.68,1
2023-08-16,South,Clothing,57.52,4
2023-09-02,North,Electronics,706.26,5
2023-12-24,East,Groceries,55.83,2
2023-08-28,North,Groceries,55.03,4
2024-08-02,North,Electronics,313.42,1
2024-09-19,north,Clothing,61.92,2
2023-08-27,East,Clothing,,4
2023-06-12,West,Groceries,30.24,5
2023-05-23,Central,Electronics,,1
2023-09-09,South,Electronics,851.68,4
2023-10-30,South,Electronics,859.2,4
2023-11-23,South,Groceries,43.81,3
2024-03-20,North,Toys,19.39,1
2023-08-17,West,Groceries,52.19,5
2024-04-10,Central,Clothing,20.36,4
2024-12-12,South,Toys,65.22,3
2023-09-10,North,Electronics,208.68,5
2024-08-11,Central,Electronics,418.82,3
2024-09-29,North,Groceries,51.97,3
2024-07-14,Central,Toys,52.59,1
2023-03-01,South,Electronics,,5
2023-03-13,South,Groceries,29.93,5
2023-12-21,South,Home & Garden,255.85,5
2023-09-11,South,Clothing,19.7,5
2024-01-14,South,Home & Garden,92.78,2
2023-03-16,South,Clothing,88.84,3
2023-12-24,Central,Home & Garden,107.63,5
2023-06-27,West,Clothing,21.44,3
2023-12-17,North,Groceries,16.83,1
2024-02-06,North,Home & Garden,47.57,1
2023-11-05,Central,Electronics,699.32,5
2024-04-30,east,Clothing,71.17,4
2024-11-04,South,Clothing,56.97,3
2023-12-26,West,Electronics,397.57,4
2024-08-19,West,Electronics,182.28,2
2023-11-24,Central,Electronics,688.03,2
2024-03-02,west,Groceries,37.85,4
2023-01-23,south,Clothing,43.33,4
2023-06-21,West,Electronics,268.79,3
2024-08-26,West,Home & Garden,162.34,5
2023-02-21,East,Home & Garden,262.6,1
2023-01-15,East,Toys,69.79,5
2024-02-04,Central,Electronics,349.58,5
2024-02-26,North,Electronics,858.56,1
2024-01-01,South,Groceries,26.42,3
2023-07-09,South,Electronics,229.23,2
2023-07-25,East,Electronics,347.68,4
2023-01-02,West,Toys,15.39,3
2023-10-05,South,Clothing,114.92,1
2023-08-04,North,Groceries,17.95,3
2023-07-22,West,Groceries,16.28,5
2024-01-13,Central,Groceries,20.09,5
2023-11-10,North,Electronics,567.06,1
2024-12-01,South,Clothing,44.73,1
2023-08-22,East,Electronics,181.51,2
2023-08-18,North,Home & Garden,203.96,2
2023-06-19,North,Electronics,348.86,1
2023-12-25,East,Home & Garden,33.71,4
2024-10-22,North,Clothing,73.3,5
2024-05-31,Central,Home & Garden,173.05,3
2023-11-10,South,Groceries,52.54,1
2024-03-18,South,Home & Garden,277.28,1
2023-05-08,North,Toys,,5
2024-05-28,North,Home & Garden,37.55,3
2023-11-30,East,Home & Garden,113.41,5
2023-04-18,Central,Home & Garden,95.85,5
2024-07-22,West,Groceries,52.62,1
2023-04-17,Central,Electronics,819.75,3
2024-03-08,South,Electronics,577.16,5
2023-08-19,Central,Clothing,91.8,4
2024-04-16,West,Electronics,837.04,2
2024-07-12,West,Electronics,619.35,5
2023-07-17,West,Electronics,693.98,1
2023-01-04,West,Toys,43.19,2
2024-02-26,North,Clothing,96.42,3
2023-01-22,Central,Clothing,26.1,4
2023-01-07,Central,Toys,63.0,3
2023-11-29,central,Toys,66.05,5
2024-01-12,East,Groceries,36.01,1
2024-10-23,east,Home & Garden,46.23,1
2023-04-25,North,Home & Garden,201.19,1
2023-04-24,North,Home & Garden,107.65,4
2023-01-05,East,Clothing,55.87,4
2024-08-27,North,Toys,65.57,3
2024-09-06,North,Clothing,43.11,1
2023-05-20,East,Electronics,601.03,2
2024-02-07,Central,Electronics,486.05,3
2024-07-13,North,Toys,74.11,3
2024-12-12,West,Clothing,57.38,3
2023-05-30,South,Toys,63.07,1
2023-04-15,West,Groceries,14.61,4
2023-03-31,South,Clothing,102.98,3
2024-02-02,West,Electronics,417.76,4
2024-07-27,east,Toys,18.15,4
2024-12-04,East,Toys,87.17,5
2023-10-14,Central,Clothing,20.32,2
2024-11-29,West,Groceries,25.79,2
2023-03-11,East,Groceries,28.94,3
2023-02-24,central,Clothing,22.1,2
2023-05-13,South,Home & Garden,105.56,3
2023-10-24,Central,Groceries,27.89,5
2024-11-27,Central,Home & Garden,257.48,1
2023-08-26,South,Toys,58.22,5
2024-10-13,East,Home & Garden,248.21,2
2024-06-29,North,Groceries,6.07,1
2023-08-05,North,Groceries,26.39,5
2023-06-16,central,Home & Garden,228.95,2
2024-07-05,South,Electronics,594.14,4
2024-01-24,West,Groceries,39.36,3
2023-11-27,east,Clothing,80.51,5
2023-12-10,West,Groceries,24.7,2
2023-04-11,North,Home & Garden,92.69,3
2024-08-13,West,Toys,51.49,5
2023-06-20,south,Groceries,29.05,4
2023-12-05,Central,Electronics,639.92,1
2023-07-08,East,Groceries,40.19,1
2023-05-09,East,Toys,39.26,4
2024-11-30,South,Home & Garden,60.18,3
2023-10-19,West,Electronics,749.55,3
2024-09-25,East,Toys,20.1,4
2023-06-13,Central,Electronics,896.67,4
2023-08-02,South,Electronics,,3
2023-08-08,West,Clothing,18.72,5
2024-10-08,North,Electronics,466.57,3
2023-08-31,West,Home & Garden,21.69,5
2024-05-31,North,Home & Garden,282.42,5
2024-01-29,East,Groceries,29.08,5
2023-02-01,North,Electronics,704.27,4
2023-11-29,North,Electronics,579.67,3
2023-04-08,South,Electronics,165.21,2
2023-11-08,West,Toys,53.49,2
2024-11-22,South,Groceries,19.07,1
2023-11-28,West,Clothing,71.44,2
2023-06-16,Central,Toys,55.76,2
2024-03-01,South,Groceries,41.17,1
2024-09-17,South,Clothing,78.5,5
2023-04-11,East,Groceries,32.34,2
2024-09-04,North,Toys,64.96,3
2023-08-23,West,Home & Garden,238.42,4
2023-01-13,South,Electronics,280.42,2
2024-11-16,North,Toys,56.9,2
2024-07-29,South,Toys,50.85,5
2024-01-14,East,Toys,70.02,1
2024-05-22,South,Toys,26.04,1
2023-03-30,North,Toys,39.93,5
2023-01-17,South,Groceries,11.76,5
2023-03-24,South,Groceries,44.0,3
2023-10-06,South,Electronics,405.66,1
2024-05-06,West,Home & Garden,161.92,3
2023-05-28,East,Clothing,20.88,5
2023-11-09,Central,Groceries,51.57,1
2023-07-05,East,Electronics,529.16,5
2024-12-04,North,Groceries,34.05,4
2024-08-15,West,Clothing,91.23,1
2024-09-19,South,Home & Garden,246.79,3
2023-02-13,North,Clothing,77.46,1
2024-06-23,west,Groceries,37.12,3
2024-02-03,North,Groceries,49.18,2
2023-04-10,North,Toys,71.89,3
2023-06-18,South,Home & Garden,23.36,1
2024-12-23,West,Toys,32.91,5
2023-05-14,Central,Groceries,27.04,3
2023-08-04,North,Electronics,,3
2024-09-06,Central,Home & Garden,75.19,1
2023-03-25,North,Electronics,393.38,3
2024-12-22,East,Home & Garden,,3
2024-06-18,central,Clothing,105.73,4
2024-01-26,East,Groceries,5.68,2
2024-06-23,North,Groceries,25.63,1
2023-04-17,Central,Home & Garden,171.21,3
2024-03-13,Central,Clothing,94.06,4
2023-08-29,North,Electronics,397.23,3
2023-05-25,West,Clothing,59.06,4
2024-02-12,West,Clothing,16.11,1
2024-04-05,West,Groceries,38.2,2
2024-08-17,Central,Home & Garden,277.98,1
2024-08-15,North,Electronics,595.43,4
2023-08-11,West,Groceries,42.46,4
2024-07-04,North,Electronics,798.81,1
2024-09-18,Central,Electronics,160.37,5
2023-10-14,South,Home & Garden,212.22,1
2024-08-02,South,Toys,59.61,1
2023-05-31,East,Electronics,586.34,5
2023-08-29,West,Groceries,,1
2023-03-16,Central,Electronics,406.64,1
2023-01-14,South,Clothing,105.77,1
2024-10-06,east,Groceries,29.23,1
2024-05-21,North,Electronics,782.75,5
2024-01-19,North,Clothing,78.24,2
2023-12-28,East,Clothing,108.92,1
2024-08-03,North,Toys,46.61,5
2023-07-03,Central,Electronics,177.92,3
2024-04-09,Central,Groceries,36.38,1
2023-10-06,West,Home & Garden,46.82,3
2024-05-11,North,Clothing,119.25,2
2023-03-13,South,Toys,17.44,2
2024-04-18,Central,Electronics,598.78,2
2024-07-06,South,Clothing,41.17,3
2023-01-02,West,Clothing,48.94,1
2023-09-24,North,Toys,11.01,3
2024-01-25,West,Electronics,774.84,5
2024-07-15,East,Toys,65.51,1
2024-11-04,West,Toys,18.27,5
2024-07-30,East,Toys,72.83,3
2023-10-11,East,Electronics,790.37,3
2023-09-20,Central,Toys,14.81,5
2023-09-12,North,Electronics,685.06,3
2023-04-06,North,Toys,47.73,2
2024-03-13,Central,Groceries,,1
2023-02-14,East,Groceries,22.41,3
2024-05-17,Central,Clothing,97.06,1
2023-05-31,South,Clothing,80.95,3
2023-10-03,West,Electronics,402.67,1
2024-08-16,North,Toys,28.09,1
2023-11-29,North,Electronics,640.08,4
2023-11-15,North,Clothing,42.69,5
2024-06-20,East,Clothing,57.68,2
2023-03-28,North,Toys,60.17,2
2024-06-17,West,Groceries,25.01,4
2023-01-26,East,Electronics,244.7,2
2023-04-19,West,Home & Garden,220.75,4
2024-06-23,North,Clothing,45.86,5
2024-11-08,Central,Electronics,548.57,5
2024-04-19,North,Clothing,76.48,2
2023-10-26,Central,Home & Garden,127.08,2
2023-11-27,East,Toys,76.68,4
2024-06-01,South,Electronics,755.28,1
2024-06-08,South,Clothing,119.11,2
2024-10-22,South,Toys,32.4,5
2023-03-26,Central,Home & Garden,202.73,2
2024-07-10,East,Groceries,49.3,5
2024-06-20,West,Home & Garden,170.11,4
2023-08-21,Central,Toys,45.55,2
2024-03-06,North,Home & Garden,282.03,5
2024-09-25,West,Home & Garden,78.7,3
2023-06-24,East,Clothing,93.99,1
2023-04-16,West,Home & Garden,105.56,2
2023-07-08,North,Groceries,28.8,3
2023-09-25,Central,Home & Garden,130.23,1
2023-08-24,South,Groceries,57.44,2
2024-03-18,West,Clothing,16.21,4
2023-03-20,South,Clothing,52.68,5
2024-09-14,West,Electronics,836.41,3
2023-12-22,East,Electronics,988.27,3
2023-01-06,North,Groceries,9.55,2
2024-12-04,West,Home & Garden,249.46,1
2024-10-23,Central,Groceries,36.47,2
2024-06-11,East,Clothing,96.3,2
2023-12-30,East,Clothing,115.06,2
2024-01-19,West,Toys,37.73,4
2024-07-10,North,Clothing,78.25,5
2023-07-09,North,Electronics,797.3,4
2023-02-06,South,Electronics,300.82,5
2023-12-09,West,Groceries,27.29,1
2023-01-25,South,Home & Garden,243.54,4
2023-12-14,Central,Clothing,110.63,1
2024-04-03,South,Groceries,18.29,5
2023-10-23,South,Groceries,,4
2023-06-18,Central,Electronics,428.33,4
2024-03-26,South,Electronics,405.96,1
2023-07-12,North,Clothing,18.61,3
2024-11-28,West,Groceries,46.7,2
2024-12-30,West,Home & Garden,161.59,5
2024-12-23,North,Home & Garden,117.17,2
2023-12-30,West,Groceries,45.57,4
2024-09-01,South,Toys,62.88,5
2024-07-27,East,Toys,66.65,4
2023-10-03,East,Toys,21.33,5
2023-08-03,East,Clothing,,4
2024-08-23,East,Toys,60.98,1
2023-01-19,Central,Toys,71.89,1
2023-04-11,West,Home & Garden,189.26,5
2023-01-02,East,Clothing,40.43,5
2023-11-18,West,Toys,30.3,2
2023-12-03,South,Toys,77.76,5
2024-05-21,East,Home & Garden,25.54,2
2023-01-27,North,Groceries,24.9,4
2023-02-13,East,Groceries,10.82,3
2024-05-28,East,Home & Garden,117.4,4
2024-06-17,Central,Toys,61.75,1
2024-08-01,North,Groceries,17.84,2
2023-11-15,North,Groceries,9.81,2
2023-03-17,South,Home & Garden,222.01,3
2023-08-04,West,Toys,,1
2024-12-28,East,Clothing,101.37,2
2023-03-17,East,Clothing,108.67,3
2023-09-15,South,Electronics,526.08,3
2023-03-29,West,Groceries,52.52,3
2023-10-02,East,Home & Garden,283.97,5
2023-04-18,East,Toys,10.0,5
2023-09-15,West,Toys,59.9,5
2024-05-02,South,Home & Garden,292.19,5
2024-05-12,Central,Clothing,21.97,3
2023-07-18,Central,Clothing,82.01,2
2023-09-17,Central,Clothing,52.71,2
2023-07-28,West,Clothing,77.23,1
2023-04-06,South,Electronics,699.54,5
2023-09-25,North,Electronics,193.33,3
2024-06-05,west,Electronics,456.85,1
2024-11-07,west,Toys,36.13,2
2023-10-30,East,Electronics,356.29,4
2023-09-09,Central,Home & Garden,277.79,3
2023-10-10,North,Electronics,802.04,5
2023-05-22,East,Toys,18.6,3
2023-10-24,East,Groceries,55.27,3
2024-06-20,West,Toys,39.08,4
2024-10-18,North,Clothing,70.33,5
2024-11-24,West,Toys,42.6,3
2023-08-31,Central,Electronics,674.21,4
2024-02-03,East,Electronics,,1
2023-11-28,North,Groceries,30.52,1
2023-07-18,West,Toys,28.44,2
2023-09-06,South,Home & Garden,221.15,3
2024-06-07,Central,Groceries,30.89,5
2023-04-08,West,Clothing,44.6,5
2023-10-07,West,Groceries,52.27,5
2023-09-24,South,Groceries,48.43,4
2024-08-18,East,Electronics,544.19,4
2023-10-15,East,Groceries,59.43,3
2024-11-29,South,Groceries,7.0,2
2024-01-01,South,Toys,11.29,4
2024-04-14,East,Electronics,736.32,2
2023-02-13,Central,Electronics,797.35,4
2024-09-21,North,Home & Garden,64.06,1
2024-09-12,North,Home & Garden,285.96,5
2023-11-16,South,Clothing,76.7,3
2024-11-03,West,Electronics,566.08,3
2024-04-01,East,Toys,36.18,3
2024-05-11,East,Home & Garden,205.9,4
2023-02-14,South,Home & Garden,89.94,3
2024-10-23,East,Home & Garden,102.64,2
2023-07-18,North,Clothing,15.75,2
2023-09-16,South,Clothing,100.16,2
2023-11-17,West,Clothing,107.93,5
2024-11-13,West,Groceries,22.1,5
2023-07-23,Central,Clothing,79.57,4
2024-07-21,East,Groceries,9.41,3
2023-03-19,North,Electronics,672.27,1
2023-06-28,North,Toys,41.9,4
2023-06-12,East,Electronics,823.06,2
2024-06-29,west,Home & Garden,91.89,1
2023-07-17,South,Toys,,2
2024-03-21,East,Clothing,96.68,4
2023-12-24,South,Home & Garden,74.97,5
2023-09-14,South,Groceries,22.63,1
2024-11-02,East,Clothing,30.17,3
2024-10-29,West,Clothing,24.03,2
2023-02-22,East,Home & Garden,298.34,4
2023-07-10,South,Electronics,154.45,1
2023-05-29,North,Home & Garden,271.94,1
2023-10-03,Central,Toys,12.73,3
2024-06-01,South,Electronics,600.08,5
2024-02-26,South,Groceries,29.47,1
2023-02-20,South,Home & Garden,118.87,5
2024-10-03,west,Electronics,715.26,3
2023-02-08,East,Electronics,654.93,3
2023-01-11,West,Groceries,28.21,2
2024-09-29,North,Home & Garden,263.1,3
2024-09-12,Central,Clothing,74.82,1
2023-08-29,West,Electronics,407.0,2
2024-10-05,Central,Toys,29.64,3
2023-06-13,North,Toys,79.05,1
2023-11-18,North,Electronics,816.82,4
2023-03-28,central,Groceries,18.0,4
2024-10-15,Central,Groceries,42.83,3
2024-07-24,South,Groceries,16.77,2
2024-04-07,Central,Groceries,29.0,2
2024-11-20,Central,Groceries,46.82,5
2024-11-29,South,Groceries,33.79,2
2023-06-29,South,Clothing,,1
2024-03-07,Central,Home & Garden,216.61,5
2024-03-12,West,Electronics,351.88,5
2023-04-30,West,Groceries,53.88,5
2023-04-03,East,Groceries,22.85,3
2024-11-17,East,Groceries,27.13,1
2023-11-25,North,Clothing,52.16,2
2023-12-05,East,Toys,103.2,5
2023-08-21,East,Electronics,314.36,4
2023-11-30,North,Electronics,364.75,2
2023-10-27,South,Groceries,40.11,2
2023-10-23,East,Home & Garden,84.81,1
2024-08-17,North,Home & Garden,89.68,1
2023-01-18,North,Groceries,52.79,1
2023-07-07,North,Clothing,59.56,2
2023-11-29,North,Electronics,329.07,4
2023-03-26,South,Electronics,258.7,2
2024-08-07,South,Electronics,518.41,1
2023-10-20,north,Groceries,59.9,4
2023-12-16,west,Clothing,44.88,2
2023-03-31,West,Groceries,25.19,4
2023-10-10,Central,Groceries,25.98,2
2024-07-13,Central,Home & Garden,81.09,1
2023-07-18,Central,Electronics,838.56,2
2023-03-05,Central,Groceries,52.74,2
2024-02-27,Central,Electronics,398.53,3
2023-08-25,North,Toys,42.83,3
2023-11-01,South,Home & Garden,151.65,4
2023-09-15,East,Electronics,382.24,5
2024-03-25,East,Toys,57.79,3
2023-06-30,Central,Clothing,79.54,2
2023-10-07,South,Toys,41.27,2
2024-06-25,South,Toys,50.3,2
2024-02-28,West,Clothing,64.18,1
2023-11-28,South,Toys,46.23,5
2023-08-25,East,Groceries,18.47,1
2023-02-08,South,Clothing,72.4,1
2023-05-11,East,Groceries,7.33,1
2024-11-05,Central,Clothing,68.69,5
2024-12-17,South,Clothing,,3
2023-11-06,East,Electronics,749.11,3
2023-12-26,South,Home & Garden,48.33,5
2023-09-06,East,Home & Garden,25.22,2
2023-01-31,East,Electronics,432.99,4
2023-09-26,East,Electronics,783.52,2
2023-09-11,Central,Groceries,56.34,5
2024-09-15,West,Toys,61.2,4
2024-06-11,East,Electronics,642.39,5
2023-03-04,Central,Toys,28.12,4
2024-08-29,South,Groceries,29.79,2
2023-08-14,West,Groceries,15.0,4
2024-01-06,East,Groceries,12.18,4
2024-02-04,North,Groceries,15.71,3
2023-02-23,west,Clothing,69.96,1
2023-06-27,South,Electronics,220.85,2
2023-09-12,West,Toys,53.06,4
2024-12-20,West,Clothing,109.88,1
2023-04-17,South,Clothing,87.37,4
2023-01-15,East,Groceries,52.93,5
2023-10-09,West,Electronics,257.25,3
2024-04-03,Central,Electronics,352.61,3
2023-10-20,South,Home & Garden,248.01,5
2024-06-24,East,Toys,17.32,2
2024-01-24,North,Toys,34.09,5
2024-11-27,Central,Home & Garden,35.69,4
2023-08-28,North,Electronics,834.77,4
2023-04-26,South,Toys,20.81,5
2024-08-17,Central,Clothing,60.31,2
2023-04-17,West,Groceries,36.7,4
2023-11-23,South,Home & Garden,42.41,2
2024-05-10,South,Groceries,16.74,1
2024-02-08,north,Electronics,474.97,1
2024-04-02,East,Home & Garden,282.73,3
2024-11-07,West,Clothing,40.21,1
2024-05-20,North,Clothing,17.19,5
2024-04-07,North,Groceries,26.24,5
2024-04-05,East,Groceries,12.43,4
2024-11-30,East,Clothing,77.74,1
2024-11-10,North,Electronics,330.81,4
2024-06-12,Central,Toys,22.4,5
2024-02-19,South,Groceries,44.96,4
2024-08-05,Central,Clothing,54.09,1
2024-06-20,Central,Electronics,210.75,4
2023-11-08,West,Toys,67.14,1
2024-09-27,north,Clothing,58.91,1
2023-11-12,Central,Toys,55.68,1
2023-01-29,South,Clothing,36.93,3
2023-11-25,North,Home & Garden,125.93,3
2024-11-13,South,Home & Garden,299.91,1
2024-09-23,West,Electronics,387.31,2
2023-12-03,East,Toys,97.43,2
2024-07-03,East,Groceries,21.48,4
2023-12-27,West,Toys,101.27,1
2024-03-20,South,Groceries,48.84,2
2024-04-13,South,Toys,30.76,3
2024-04-16,East,Clothing,84.44,3
2024-04-04,east,Clothing,119.03,3
2024-05-07,North,Groceries,5.81,3
2023-04-23,East,Electronics,160.65,5
2023-08-03,South,Toys,51.07,5
2023-08-11,Central,Groceries,54.23,4
2024-03-31,Central,Home & Garden,79.45,3
2024-12-05,South,Toys,62.76,5
2024-02-26,Central,Clothing,15.52,2
2023-02-02,South,Home & Garden,252.23,5
2023-06-29,South,Electronics,714.39,4
2024-09-28,West,Groceries,57.03,3
2024-04-19,West,Toys,13.33,3
2024-06-02,South,Electronics,701.77,4
2023-01-03,South,Electronics,537.48,1
2024-10-09,South,Groceries,47.95,2
2024-01-16,East,Toys,63.96,4
2023-09-09,North,Home & Garden,260.9,2
2023-02-19,North,Groceries,27.68,1
2023-10-15,south,Toys,46.82,3
2024-09-19,South,Toys,14.79,5
2024-09-03,North,Clothing,,4
2023-08-15,West,Home & Garden,216.27,5
2024-10-29,South,Groceries,41.95,3
2023-11-27,North,Home & Garden,139.12,3
2024-07-20,East,Toys,46.06,5
2023-10-09,South,Groceries,14.68,1
2023-02-20,central,Toys,79.62,1
2024-10-25,West,Groceries,34.1,3
2024-06-19,East,Home & Garden,161.33,3
2023-05-14,west,Groceries,16.36,1
2023-02-10,Central,Clothing,61.52,2
2024-09-10,west,Groceries,7.19,2
2024-01-01,West,Home & Garden,45.63,1
2023-11-13,Central,Clothing,58.74,2
2024-05-19,East,Groceries,55.63,5
2023-03-12,central,Electronics,855.66,5
2023-09-03,East,Home & Garden,200.85,5
2024-02-09,North,Electronics,377.75,5
2023-03-23,West,Home & Garden,275.03,4
2023-09-24,South,Groceries,13.51,1
2023-04-15,West,Home & Garden,221.72,4
2023-10-31,West,Home & Garden,41.05,5
2024-07-11,North,Home & Garden,237.66,2
2023-07-20,North,Groceries,39.92,3
2024-10-04,West,Clothing,23.26,1
2024-11-16,Central,Home & Garden,125.04,4
2023-11-18,Central,Groceries,41.89,1
2023-07-22,South,Clothing,110.28,1
2023-01-04,Central,Groceries,38.87,5
2023-04-06,East,Toys,23.64,4
2023-10-03,South,Clothing,,3
2023-10-27,Central,Electronics,824.96,2
2023-02-05,South,Electronics,679.97,1
2023-02-15,South,Toys,40.19,4
2024-12-08,North,Electronics,894.67,1
2023-09-26,West,Groceries,40.25,5
2023-12-17,East,Clothing,90.79,3
2024-04-05,South,Home & Garden,223.85,2
2024-06-29,North,Electronics,821.68,4
2023-05-20,East,Groceries,38.3,1
2024-01-19,North,Electronics,871.16,5
2024-07-25,South,Clothing,116.22,5
2024-04-18,Central,Groceries,27.94,1
2023-05-05,West,Home & Garden,23.12,2
2023-04-15,North,Electronics,881.01,4
2023-06-03,South,Home & Garden,296.66,4
2023-09-29,central,Groceries,,3
2023-06-05,North,Clothing,73.52,5
2024-04-29,North,Groceries,30.07,5
2023-08-20,West,Electronics,787.29,2
2024-03-02,South,Clothing,73.43,1
2024-06-09,East,Home & Garden,35.87,2
2023-03-14,East,Toys,18.26,2
2023-07-09,South,Clothing,78.84,3
2023-11-23,Central,Groceries,19.4,4
2023-11-15,South,Electronics,813.82,2
2024-03-11,West,Home & Garden,291.95,3
2024-06-25,Central,Groceries,27.37,4
2024-12-31,East,Toys,16.62,1
2023-10-05,East,Toys,38.67,2
2023-12-02,Central,Toys,60.79,3
2024-05-04,Central,Toys,75.06,1
2024-11-21,West,Toys,26.58,3
2024-10-02,West,Electronics,752.69,1
2023-10-06,South,Electronics,685.39,5
2024-09-14,West,Clothing,,5
2023-01-25,South,Groceries,29.62,4
2023-03-17,South,Home & Garden,77.46,1
2023-08-15,South,Groceries,33.52,5
2023-01-25,East,Clothing,87.12,3
2024-02-08,West,Toys,65.68,3
2024-06-24,North,Electronics,790.7,3
2023-03-17,East,Home & Garden,251.07,5
2024-08-18,East,Electronics,547.99,4
2024-07-07,East,Toys,42.69,2
2024-03-02,South,Home & Garden,111.03,1
2024-04-02,Central,Home & Garden,56.33,5
2023-10-10,Central,Home & Garden,86.16,4
2024-10-25,West,Groceries,48.13,3
2023-08-23,South,Groceries,53.4,4
2024-07-24,East,Home & Garden,292.33,3
2023-08-04,east,Clothing,41.47,4
2023-01-14,North,Toys,61.46,2
2023-05-01,East,Groceries,35.51,5
2024-11-13,Central,Electronics,,5
2023-12-11,Central,Electronics,513.89,5
2024-12-06,West,Electronics,719.64,4
2023-12-16,East,Electronics,295.06,4
2023-08-03,West,Home & Garden,236.11,4
2023-09-28,Central,Electronics,187.58,4
2023-10-29,North,Electronics,,5
2024-05-31,South,Electronics,,2
2023-11-17,North,Groceries,19.88,3
2023-08-26,North,Clothing,68.08,3
2023-07-30,Central,Home & Garden,164.76,3
2023-10-17,South,Home & Garden,38.1,4
2024-09-19,Central,Toys,72.92,3
2023-03-18,East,Electronics,724.76,2
2024-12-22,Central,Toys,96.32,4
2024-04-13,North,Electronics,875.52,5
2024-08-29,West,Home & Garden,237.98,2
2023-05-29,South,Clothing,116.39,2
2024-08-23,North,Groceries,43.73,3
2024-05-03,North,Electronics,805.4,4
2023-02-08,South,Groceries,14.44,2
2023-05-09,Central,Home & Garden,94.85,4
2024-12-28,Central,Electronics,559.78,2
2024-02-23,South,Electronics,183.33,2
2024-06-17,South,Electronics,694.83,1
2023-06-03,Central,Toys,47.6,2
2023-08-05,West,Clothing,35.91,4
2023-12-11,East,Clothing,52.48,2
2023-02-28,South,Home & Garden,259.95,3
2024-09-17,East,Electronics,164.49,1
2024-08-31,Central,Electronics,593.27,1
2024-05-22,South,Home & Garden,44.77,1
2023-06-10,east,Home & Garden,158.29,2
2024-04-10,East,Groceries,5.73,2
2024-06-07,South,Groceries,39.77,4
2023-10-12,East,Toys,74.88,4
2024-03-07,South,Clothing,47.24,4
2024-09-16,Central,Groceries,42.58,3
2023-07-04,West,Groceries,18.72,4
2023-12-16,South,Toys,47.53,5
2024-04-24,North,Electronics,763.3,4
2024-06-29,Central,Toys,68.42,3
2024-12-11,Central,Electronics,525.5,2
2023-03-29,Central,Home & Garden,129.31,5
2023-12-11,North,Toys,34.21,5
2024-06-08,Central,Home & Garden,62.97,1
2024-11-04,Central,Clothing,25.25,1
2023-08-12,East,Home & Garden,114.64,1
2023-07-16,South,Electronics,872.24,5
2024-10-26,South,Home & Garden,177.61,4
2024-03-23,East,Home & Garden,158.44,3
2024-02-27,North,Clothing,104.99,5
2024-08-07,East,Clothing,89.62,4
2023-06-16,East,Toys,46.66,1
2024-12-16,Central,Clothing,44.2,2
2024-02-20,West,Toys,31.29,5
2023-01-10,east,Clothing,62.51,3
2024-10-28,South,Clothing,55.78,4
2024-06-23,West,Electronics,713.08,2
2023-12-17,North,Clothing,76.03,1
2024-06-05,South,Electronics,594.26,4
2024-02-12,West,Clothing,35.65,2
2024-08-15,West,Home & Garden,202.11,5
2024-11-26,South,Groceries,21.72,2
2024-07-21,South,Groceries,53.78,4
2023-06-08,central,Toys,31.41,3
2024-07-30,North,Electronics,744.07,4
2023-12-13,South,Home & Garden,158.69,3
2023-10-17,North,Toys,36.95,1
2023-11-10,East,Home & Garden,165.5,3
2024-01-29,Central,Home & Garden,251.97,5
2024-12-19,Central,Clothing,99.57,5
2023-05-21,West,Groceries,47.91,3
2024-12-18,East,Toys,77.44,4
2024-12-14,South,Electronics,837.34,3
2023-09-06,South,Clothing,79.92,4
2024-11-11,West,Clothing,99.77,5
2023-07-03,North,Toys,56.46,2
2023-05-11,west,Toys,71.58,2
2024-10-09,West,Electronics,786.54,4
2024-12-22,East,Electronics,874.15,4
2023-09-18,South,Electronics,672.33,4
2024-03-23,North,Electronics,293.39,2
2024-04-22,North,Groceries,48.8,3
2024-08-11,West,Electronics,573.67,3
2023-03-13,North,Electronics,850.91,1
2024-11-10,South,Home & Garden,104.58,2
2024-10-22,Central,Clothing,51.91,4
2023-05-10,East,Toys,76.01,5
2024-11-09,West,Electronics,747.1,3
2024-12-16,South,Electronics,738.27,1
2024-02-23,West,Home & Garden,44.01,1
2024-10-23,West,Electronics,681.63,2
2023-01-18,South,Groceries,38.27,1
2023-01-30,Central,Electronics,201.77,5
2023-07-13,East,Groceries,31.85,2
2023-11-25,South,Toys,18.35,5
2024-04-30,West,Electronics,160.69,2
2024-12-03,north,Clothing,57.45,3
2024-10-30,South,Groceries,22.01,2
2023-07-12,Central,Home & Garden,106.77,3
2024-10-04,North,Groceries,8.03,3
2023-03-11,North,Groceries,14.78,5
2023-04-22,south,Toys,67.87,2
2023-08-28,North,Clothing,117.41,1
2023-04-11,South,Clothing,78.68,2
2024-03-28,East,Electronics,440.9,4
2023-09-25,East,Electronics,844.38,5
2024-10-13,Central,Groceries,10.49,4
2023-04-17,north,Clothing,64.94,4
2024-04-06,Central,Home & Garden,38.8,1
2023-11-24,central,Home & Garden,56.13,1
2023-04-03,north,Home & Garden,157.82,3
2024-11-10,North,Electronics,379.05,2
2023-02-15,Central,Home & Garden,100.45,2
2024-04-25,South,Toys,70.6,5
2024-08-22,West,Groceries,29.41,5
2023-05-22,West,Home & Garden,129.87,4
2024-05-08,Central,Electronics,408.78,2
2024-07-26,South,Toys,59.63,1
2023-03-30,North,Groceries,28.15,5
2024-11-20,East,Groceries,15.93,2
2024-04-03,East,Electronics,518.35,3
2023-02-02,South,Groceries,13.1,5
2024-02-27,Central,Toys,42.86,4
2023-10-20,West,Clothing,25.19,4
2023-12-29,West,Clothing,22.98,2
2024-04-07,West,Groceries,15.44,2
2023-10-14,Central,Clothing,20.32,2
2024-10-26,East,Groceries,27.33,1
2024-08-19,North,Home & Garden,286.96,3
2024-09-28,north,Toys,25.34,3
2024-09-15,North,Groceries,43.79,5
2024-11-21,East,Clothing,30.08,4
2023-06-16,North,Groceries,25.88,4
2023-12-27,East,Clothing,48.26,3
2023-10-22,Central,Clothing,47.47,2
2024-08-06,East,Clothing,111.24,3
2024-04-25,Central,Electronics,507.11,2
2023-05-21,East,Electronics,761.66,1
2024-12-13,Central,Groceries,59.2,5
2023-11-23,East,Toys,46.07,5
2023-11-14,Central,Electronics,747.97,4
2023-03-11,South,Electronics,497.95,5
2023-04-14,West,Toys,71.34,4
2023-07-02,East,Groceries,9.63,2
2023-05-13,East,Groceries,36.55,4
2024-10-25,Central,Home & Garden,223.51,1
2024-03-29,East,Groceries,31.86,4
2023-09-20,East,Toys,24.17,3
2023-09-08,East,Home & Garden,92.02,5
2023-10-07,North,Groceries,29.74,2
2023-07-05,North,Toys,35.3,4
2023-10-22,Central,Electronics,768.07,2
2024-05-29,North,Home & Garden,109.96,1
2024-12-18,North,Groceries,16.61,5
2024-01-02,West,Electronics,651.32,4
2024-02-21,South,Electronics,492.49,5
2024-10-12,West,Electronics,334.74,4
2023-07-23,East,Electronics,412.82,3
2023-02-23,East,Groceries,47.06,1
2024-05-26,West,Toys,49.12,3
2023-06-08,South,Toys,19.48,3
2024-12-30,Central,Toys,78.35,5
2024-02-03,North,Electronics,314.22,5
2023-08-16,Central,Toys,63.77,2
2023-06-30,South,Home & Garden,180.9,5
2024-03-26,West,Electronics,515.62,5
2024-01-01,East,Home & Garden,133.83,1
2024-02-12,North,Electronics,685.36,3
2024-11-27,West,Home & Garden,292.31,5
2024-09-30,East,Electronics,665.86,2
2024-07-14,West,Home & Garden,131.12,3
2024-04-10,South,Groceries,29.01,1
2023-02-07,East,Groceries,24.48,4
2024-08-20,South,Clothing,111.15,4
2023-11-17,South,Home & Garden,295.95,4
2024-03-14,South,Electronics,689.41,4
2024-01-18,East,Clothing,36.25,1
2024-10-06,South,Clothing,52.53,2
2023-07-31,South,Electronics,574.64,3
2023-11-28,South,Home & Garden,134.7,3
2024-07-12,East,Toys,47.29,2
2024-05-15,West,Groceries,37.89,1
2023-04-21,Central,Groceries,37.06,1
2024-05-02,South,Clothing,89.61,5
2024-02-03,North,Clothing,117.23,3
2024-04-04,West,Toys,12.08,3
2024-05-17,South,Groceries,19.78,3
2023-08-10,Central,Home & Garden,54.96,2
2023-08-06,Central,Home & Garden,82.86,2
2024-05-11,Central,Toys,71.82,5
2023-06-24,North,Home & Garden,63.18,4
2023-07-02,Central,Clothing,22.74,5
2024-10-10,North,Toys,31.57,3
2023-01-09,South,Home & Garden,54.91,1
2023-08-07,South,Toys,12.02,4
2024-01-22,East,Groceries,42.18,3
2023-08-13,North,Toys,,4
2024-07-21,South,Toys,,5
2023-02-09,South,Toys,62.35,1
2024-08-24,central,Clothing,109.91,2
2024-03-31,Central,Electronics,504.26,2
2023-03-05,West,Groceries,27.96,3
2023-05-22,Central,Electronics,188.84,2
2023-03-09,Central,Groceries,30.06,4
2024-04-10,South,Groceries,10.84,5
2024-09-17,West,Toys,46.68,4
2023-04-04,South,Toys,17.96,4
2023-03-06,West,Groceries,29.45,3
2023-07-28,South,Home & Garden,51.26,3
2023-07-05,North,Toys,64.93,4
2024-11-14,North,Clothing,75.89,5
2024-11-05,East,Electronics,530.84,2
2023-12-20,north,Electronics,905.63,5
2023-05-01,North,Groceries,17.96,3
2023-12-12,North,Electronics,575.79,4
2023-09-23,East,Clothing,98.41,5
2023-04-11,North,Groceries,46.95,5
2023-08-09,West,Electronics,822.66,5
2023-11-25,West,Home & Garden,99.84,3
2023-04-22,South,Home & Garden,172.73,2
2024-04-18,North,Clothing,37.48,2
2023-01-22,North,Toys,45.6,2
2024-01-18,West,Clothing,40.14,2
2023-01-30,West,Groceries,39.29,1
2024-02-24,Central,Toys,74.33,2
2023-04-21,Central,Home & Garden,176.44,4
2024-12-10,West,Groceries,24.14,5
2023-08-17,North,Home & Garden,213.93,4
2023-06-13,east,Home & Garden,102.92,1
2024-12-31,North,Clothing,79.81,5
2024-10-13,North,Toys,47.64,1
2024-05-30,South,Home & Garden,37.75,5
2024-07-16,West,Clothing,84.83,3
2024-07-01,South,Clothing,101.79,4
2024-11-29,Central,Clothing,70.07,1
2023-01-08,Central,Home & Garden,25.62,1
2024-05-14,North,Home & Garden,108.58,1
2024-01-10,West,Toys,24.53,5
2023-12-27,West,Home & Garden,43.28,4
2023-07-11,West,Home & Garden,34.72,5
2023-06-26,West,Electronics,771.09,2
2023-03-01,Central,Electronics,877.36,5
2024-12-29,West,Groceries,32.98,2
2024-07-29,Central,Electronics,895.78,3
2023-02-11,South,Toys,79.26,1
2024-04-19,West,Home & Garden,189.28,4
2023-03-17,Central,Toys,68.32,1
2024-08-26,North,Electronics,734.22,1
2023-12-25,West,Home & Garden,243.86,2
2023-05-28,East,Clothing,83.64,2
2024-12-16,Central,Clothing,112.64,3
2024-03-07,East,Toys,63.43,4
2023-07-19,Central,Groceries,13.02,1
2024-04-16,East,Toys,66.62,4
2023-09-24,North,Groceries,47.17,2
2024-06-24,Central,Toys,39.45,4
2024-01-31,West,Home & Garden,55.5,5
2024-01-24,East,Home & Garden,40.7,4
2023-12-12,South,Toys,41.94,5
2024-12-30,West,Electronics,817.07,1
2023-08-19,Central,Toys,45.21,4
2024-04-02,Central,Home & Garden,162.0,5
2023-11-01,North,Toys,16.7,2
2023-05-13,West,Groceries,53.59,1
2023-11-16,South,Electronics,648.96,4
2024-12-15,East,Toys,58.21,3
2024-12-02,East,Home & Garden,267.54,4
2024-07-21,South,Electronics,469.41,1
2023-08-18,Central,Electronics,243.9,1
2024-12-12,South,Groceries,31.8,5
2023-02-26,Central,Clothing,24.14,1
2024-03-01,East,Clothing,72.7,4
2024-01-23,West,Groceries,58.54,3
2023-03-18,East,Home & Garden,72.78,1
2024-01-13,South,Clothing,105.72,5
2024-12-14,South,Groceries,5.57,2
2024-03-02,North,Electronics,191.69,3
2024-07-27,East,Home & Garden,168.97,3
2024-04-30,West,Electronics,245.8,5
2024-07-27,North,Home & Garden,219.58,2
2024-12-16,South,Groceries,39.79,2
2024-07-01,South,Toys,20.69,2
2023-05-05,West,Electronics,249.75,4
2023-08-17,west,Home & Garden,241.13,5
2024-12-17,Central,Electronics,1033.83,3
2023-12-02,Central,Home & Garden,250.54,2
2023-05-18,Central,Electronics,731.04,4
2023-09-27,North,Electronics,228.8,3
2023-06-15,West,Electronics,607.88,5
2024-10-19,North,Toys,58.21,2
2023-05-07,East,Home & Garden,133.44,4
2023-06-27,Central,Groceries,59.53,1
2024-03-21,South,Home & Garden,238.06,5
2023-08-19,Central,Toys,65.53,2
2024-08-23,North,Toys,75.47,2
2023-05-31,West,Toys,56.78,2
2024-09-04,Central,Electronics,739.98,1
2024-03-22,Central,Electronics,162.97,4
2024-03-23,West,Toys,11.59,2
2023-01-22,Central,Toys,56.22,2
2023-12-15,West,Electronics,967.75,3
2024-12-23,North,Groceries,13.57,3
2023-08-25,North,Toys,38.59,4
2023-08-29,South,Home & Garden,134.25,5
2024-09-03,South,Home & Garden,58.07,2
2024-01-30,South,Home & Garden,236.16,4
2024-07-14,North,Clothing,78.38,4
2023-01-19,West,Groceries,11.7,3
2023-01-14,North,Clothing,100.66,5
2024-08-16,Central,Toys,51.83,3
2023-03-01,central,Groceries,28.99,2
2023-03-30,North,Toys,65.47,2
2024-05-13,West,Electronics,388.59,4
2024-08-14,North,Electronics,898.38,2
2023-06-09,Central,Clothing,51.06,2
2024-08-29,East,Clothing,65.0,5
2024-01-29,East,Groceries,47.83,2
2024-11-15,East,Groceries,36.71,2
2023-07-26,Central,Toys,75.15,2
2023-06-13,West,Home & Garden,243.89,2
2023-04-17,North,Home & Garden,100.9,3
2024-06-18,Central,Toys,46.88,3
2024-02-04,East,Home & Garden,39.26,4
2024-04-14,South,Groceries,41.02,5
2024-06-20,Central,Clothing,20.67,1
2024-11-15,North,Groceries,26.28,1
2024-10-03,West,Groceries,36.63,3
2024-02-11,Central,Toys,78.89,2
2023-03-13,South,Toys,77.26,2
2024-10-19,East,Toys,22.12,2
2024-12-28,North,Home & Garden,144.89,4
2023-12-13,Central,Electronics,1047.15,1
2024-12-09,North,Clothing,103.08,5
2023-06-20,South,Groceries,17.8,2
2023-06-22,Central,Electronics,652.44,4
2024-01-03,South,Toys,77.07,1
2023-11-19,Central,Clothing,55.29,4
2024-06-03,west,Home & Garden,37.13,1
2024-09-26,South,Home & Garden,183.64,4
2023-09-24,West,Groceries,40.57,3
2024-11-16,South,Clothing,63.15,2
2024-03-01,South,Toys,43.46,5
2023-08-10,West,Groceries,25.01,1
2024-02-27,central,Groceries,41.64,2
2023-06-02,south,Toys,38.43,2
2023-09-29,South,Groceries,8.78,2
2023-01-04,North,Clothing,89.44,5
2023-12-05,East,Toys,35.09,2
2023-05-31,Central,Home & Garden,72.31,1
2024-08-25,South,Toys,72.13,1
2023-04-14,Central,Groceries,27.92,5
2024-12-01,East,Clothing,24.36,2
2023-10-25,South,Clothing,73.34,2
2023-06-11,North,Toys,76.96,1
2023-10-23,South,Toys,52.64,3
2023-09-17,East,Clothing,97.9,4
2023-08-24,Central,Clothing,77.6,5
2024-09-21,East,Groceries,41.01,4
2023-03-30,Central,Groceries,38.52,4
2024-09-24,Central,Home & Garden,214.78,1
2023-11-02,South,Home & Garden,30.44,5
2024-12-23,West,Groceries,25.13,3
2024-09-16,Central,Groceries,,5
2023-03-14,West,Home & Garden,104.33,2
2024-09-10,South,Groceries,49.64,2
2023-06-09,west,Electronics,505.15,5
2023-05-16,North,Groceries,19.36,2
2024-11-27,South,Electronics,764.34,5
2023-02-10,North,Toys,76.41,2
2024-05-16,North,Electronics,568.29,3
2023-10-07,North,Groceries,32.61,4
2024-11-17,West,Electronics,243.09,1
2024-03-16,north,Groceries,30.68,3
2023-01-13,West,Clothing,48.51,2
2023-02-23,West,Electronics,165.1,3
2023-09-18,Central,Home & Garden,65.79,3
2024-01-19,East,Groceries,33.27,1
2024-10-01,North,Clothing,102.29,4
2023-08-27,East,Groceries,49.75,5
2023-06-29,West,Groceries,45.6,2
2024-09-16,Central,Toys,51.6,4
2024-08-07,central,Home & Garden,238.57,5
2024-02-14,West,Toys,16.25,4
2024-08-26,Central,Electronics,388.48,1
2024-03-08,Central,Electronics,571.49,3
2024-05-05,North,Groceries,23.16,3
2024-11-14,North,Toys,47.8,4
2023-06-01,East,Home & Garden,75.75,2
2024-07-06,East,Home & Garden,164.18,5
2023-03-03,West,Toys,40.42,5
2023-05-24,Central,Toys,15.61,2
2023-02-26,South,Toys,34.01,4
2024-04-02,Central,Toys,14.27,5
2023-08-18,East,Clothing,,1
2024-03-10,Central,Toys,78.29,5
2023-10-04,east,Clothing,22.73,3
2024-01-11,central,Clothing,33.72,3
2023-05-28,South,Home & Garden,160.44,1
2023-03-28,Central,Electronics,160.14,5
2023-11-12,West,Home & Garden,159.09,2
2024-03-16,East,Toys,24.24,5
2023-01-02,East,Electronics,882.46,4
2024-04-11,north,Toys,43.01,4
2024-06-06,East,Toys,64.77,5
2023-11-03,North,Groceries,41.89,2
2024-05-13,East,Toys,37.97,4
2024-04-27,South,Clothing,50.54,1
2023-05-02,West,Home & Garden,257.3,3
2023-08-13,Central,Toys,10.24,5
2023-05-20,Central,Clothing,37.6,4
2023-06-04,East,Electronics,792.07,5
2023-01-17,Central,Electronics,698.12,5
2024-12-17,East,Groceries,28.27,1
2024-06-06,Central,Clothing,118.12,2
2024-10-30,South,Toys,67.55,3
2024-09-04,Central,Groceries,18.52,3
2024-05-20,Central,Groceries,,1
2023-10-05,South,Groceries,26.99,4
2024-11-20,West,Toys,70.88,4
2024-12-05,Central,Toys,,1
2023-01-05,North,Clothing,76.25,1
2023-05-09,Central,Home & Garden,151.67,3
2023-04-10,North,Home & Garden,155.88,5
2024-01-09,West,Home & Garden,257.11,3
2023-05-20,West,Groceries,47.6,5
2024-05-02,South,Electronics,184.01,3
2023-05-07,East,Groceries,46.44,2
2024-08-23,west,Home & Garden,152.84,3
2023-11-28,East,Groceries,16.56,2
2024-06-15,East,Home & Garden,,4
2023-04-22,West,Home & Garden,68.27,1
2024-07-18,Central,Electronics,691.39,2
2024-01-02,North,Clothing,82.11,2
2023-05-17,South,Home & Garden,290.99,5
2024-08-01,North,Home & Garden,52.67,4
2024-05-21,South,Home & Garden,283.06,1
2023-08-06,East,Toys,39.37,2
2024-07-09,Central,Toys,26.98,1
2023-07-30,South,Toys,26.6,5
2023-11-14,West,Home & Garden,267.32,2
2023-07-19,East,Groceries,20.34,2
2023-05-27,South,Electronics,473.03,1
2024-04-03,North,Home & Garden,231.96,2
2023-06-30,North,Groceries,50.15,3
2024-06-04,West,Clothing,49.02,1
2023-10-31,South,Toys,19.99,4
2024-11-01,Central,Electronics,304.39,1
2023-03-05,East,Groceries,11.55,5
2023-12-03,South,Groceries,12.97,1
2024-07-26,Central,Clothing,56.77,1
2024-08-21,East,Toys,47.01,2
2023-03-28,East,Home & Garden,203.19,3
2023-05-11,West,Toys,54.8,2
2024-05-07,South,Toys,46.07,4
2023-12-13,South,Groceries,26.88,2
2023-10-20,South,Toys,63.02,4
2023-11-28,North,Home & Garden,228.03,4
2023-09-07,East,Groceries,57.27,2
2024-03-23,East,Clothing,51.58,3
2023-05-30,South,Toys,52.1,3
2023-10-02,South,Toys,79.86,3
2024-09-20,West,Toys,52.64,3
2024-03-28,Central,Home & Garden,224.36,5
2023-06-20,East,Home & Garden,277.75,1
2024-03-16,West,Groceries,37.09,2
2024-05-19,South,Electronics,427.71,4
2024-04-01,East,Electronics,545.02,3
2023-03-26,West,Home & Garden,57.73,3
2024-04-12,South,Electronics,361.45,1
2024-05-01,North,Groceries,26.12,1
2024-02-15,East,Electronics,191.58,5
2024-03-25,Central,Clothing,67.03,2
2024-06-27,Central,Toys,15.86,3
2024-12-28,East,Home & Garden,87.01,3
2024-04-05,Central,Groceries,7.47,3
2023-09-03,West,Clothing,115.42,2
2023-03-11,North,Home & Garden,133.77,5
2024-01-20,West,Groceries,48.59,1
2023-04-06,West,Electronics,366.11,1
2024-07-06,Central,Toys,37.86,4
2024-10-22,North,Electronics,827.44,3
2024-04-29,East,Home & Garden,197.46,1
2023-02-07,Central,Toys,38.78,4
2023-02-13,South,Groceries,12.54,1
2024-08-21,North,Groceries,32.59,2
2023-11-25,East,Groceries,30.52,4
2024-11-28,West,Home & Garden,129.26,1
2024-01-31,Central,Toys,57.9,2
2023-10-23,Central,Home & Garden,291.1,4
2024-02-23,South,Toys,37.94,5
2024-10-06,South,Electronics,312.8,2
2023-01-27,West,Clothing,109.8,2
2024-01-07,West,Electronics,495.88,4
2023-10-16,Central,Home & Garden,82.74,5
2023-08-10,South,Groceries,36.38,4
2024-03-16,East,Home & Garden,53.19,4
2023-08-26,East,Toys,30.45,1
2023-07-13,North,Home & Garden,193.34,2
2024-03-01,North,Toys,79.42,5
2023-05-12,East,Toys,25.67,3
2023-06-24,West,Toys,14.56,5
2024-01-21,East,Toys,23.06,1
2024-12-13,Central,Home & Garden,79.41,2
2023-03-09,East,Home & Garden,60.28,1
2023-04-14,Central,Clothing,78.84,1
2023-10-12,North,Home & Garden,206.91,2
2023-06-24,South,Electronics,574.23,4
2024-09-12,south,Groceries,25.8,5
2023-04-24,East,Home & Garden,40.6,1
2024-10-31,south,Clothing,37.79,2
2024-11-13,Central,Clothing,68.02,5
2023-10-03,Central,Groceries,46.87,1
2023-07-16,North,Clothing,45.76,5
2023-08-25,North,Electronics,623.61,2
2024-03-01,West,Home & Garden,188.98,1
2023-09-10,North,Clothing,56.95,4
2024-09-15,East,Home & Garden,226.38,2
2024-11-24,South,Groceries,16.73,4
2023-03-09,East,Home & Garden,94.39,2
2024-10-25,North,Toys,28.32,4
2024-03-21,West,Clothing,20.31,4
2023-04-30,Central,Home & Garden,293.28,2
2023-01-08,East,Electronics,210.18,3
2024-07-07,North,Groceries,50.97,4
2023-05-08,south,Home & Garden,56.6,2
2023-10-22,East,Clothing,94.06,4
2023-04-30,East,Clothing,40.71,2
2023-05-14,Central,Electronics,813.11,3
2024-12-01,West,Clothing,67.89,1
2023-12-22,North,Groceries,46.73,2
2024-01-16,South,Toys,72.5,1
2023-03-06,West,Toys,35.18,1
2024-11-02,North,Electronics,314.38,4
2024-09-23,East,Clothing,30.15,1
2024-02-19,East,Clothing,37.5,3
2024-08-10,Central,Groceries,11.92,5
2024-01-16,North,Toys,49.16,4
2024-06-28,Central,Toys,51.11,5
2024-01-01,East,Electronics,371.51,5
2024-05-27,South,Toys,69.82,1
2024-07-15,North,Home & Garden,102.42,2
2023-10-08,South,Toys,21.02,1
2024-09-10,South,Clothing,103.0,1
2024-06-01,North,Home & Garden,48.03,1
2024-09-25,East,Toys,63.49,2
2024-11-27,West,Toys,65.79,3
2024-11-04,East,Home & Garden,243.93,1
2024-10-17,Central,Electronics,879.04,3
2024-07-21,Central,Toys,25.87,1
2024-05-12,South,Groceries,8.24,4
2024-09-16,west,Home & Garden,262.98,5
2024-01-04,South,Clothing,102.46,4
2023-03-30,East,Electronics,318.44,3
2023-07-06,Central,Electronics,271.78,4
2024-07-18,Central,Groceries,13.1,3
2024-11-04,East,Electronics,561.07,2
2023-05-12,Central,Home & Garden,55.48,2
2024-10-23,Central,Home & Garden,35.55,3
2023-08-02,Central,Toys,36.36,3
2024-06-14,East,Clothing,94.79,1
2023-07-16,North,Clothing,35.71,5
2023-11-16,North,Home & Garden,66.06,1
2023-08-15,South,Toys,13.93,2
2024-11-12,South,Home & Garden,41.93,1
2023-01-21,West,Home & Garden,257.44,2
2023-05-07,East,Home & Garden,169.97,2
2024-10-11,South,Clothing,32.45,4
2023-12-27,Central,Toys,98.12,5
2024-05-03,North,Clothing,42.72,2
2023-03-21,West,Groceries,5.61,2
2024-04-03,West,Groceries,47.37,1
2024-06-22,East,Electronics,229.05,1
2023-02-19,Central,Groceries,37.15,1
2023-09-08,South,Toys,60.93,4
2023-08-07,Central,Groceries,45.89,2
2023-06-14,Central,Home & Garden,214.98,2
2023-05-04,South,Toys,31.31,2
2024-04-22,South,Home & Garden,196.0,5
2024-04-10,West,Clothing,45.28,4
2023-01-25,South,Home & Garden,242.0,4
2024-12-12,Central,Toys,106.89,3
2024-07-20,Central,Groceries,57.36,4
2024-11-20,West,Toys,68.05,1
2023-04-02,Central,Electronics,305.6,1
2023-09-08,North,Electronics,779.43,4
2023-03-19,West,Electronics,208.88,4
2024-04-29,North,Electronics,269.89,4
2023-05-10,East,Groceries,20.59,1
2023-06-22,Central,Electronics,272.34,5
2024-05-02,East,Clothing,101.5,2
2023-02-08,North,Toys,67.5,1
2023-07-22,East,Home & Garden,45.42,2
2023-06-07,Central,Electronics,511.26,1
2023-07-02,South,Clothing,69.82,4
2024-06-03,North,Clothing,,1
2023-03-03,South,Electronics,594.79,5
2024-11-11,Central,Toys,52.42,3
2024-09-19,west,Clothing,83.09,1
2023-10-11,North,Clothing,24.27,3
2023-11-23,West,Home & Garden,104.73,5
2023-06-04,South,Home & Garden,95.55,3
2023-07-14,West,Home & Garden,86.35,3
2023-01-14,East,Home & Garden,258.16,3
2024-08-07,Central,Groceries,11.97,3
2023-10-05,West,Groceries,50.14,3
2023-06-22,East,Electronics,406.79,1
2024-07-21,East,Toys,71.83,1
2023-01-03,Central,Clothing,77.04,3
2024-11-18,west,Clothing,92.81,5
2023-06-09,North,Groceries,47.95,5
2023-12-27,Central,Toys,29.37,4
2024-04-21,East,Electronics,895.01,3
2023-08-28,south,Home & Garden,133.44,4
2023-05-24,South,Clothing,47.91,5
2024-05-21,North,Clothing,37.68,4
2023-04-30,East,Clothing,98.96,5
2024-10-29,West,Clothing,46.79,2
2024-09-05,South,Electronics,675.24,4
2023-04-24,East,Groceries,44.96,3
2024-09-05,Central,Toys,38.19,5
2024-11-08,South,Electronics,483.05,3
2023-04-23,Central,Groceries,18.3,5
2023-09-14,West,Toys,70.74,5
2023-06-04,Central,Electronics,306.29,4
2024-11-14,Central,Clothing,86.67,1
2023-02-14,Central,Electronics,775.94,5
2023-09-06,South,Home & Garden,21.63,1
2024-03-09,North,Toys,75.54,4
2023-03-12,East,Electronics,688.17,5
2024-02-23,West,Clothing,83.3,2
2023-07-25,South,Toys,18.43,5
2023-11-25,East,Groceries,52.66,3
2023-01-30,South,Home & Garden,133.99,3
2024-01-13,South,Groceries,27.04,4
2024-07-24,Central,Toys,72.29,4
2023-04-24,South,Clothing,16.06,1
2024-11-16,Central,Home & Garden,287.89,5
2023-06-13,East,Home & Garden,89.97,5
2023-06-30,Central,Groceries,46.29,2
2024-05-31,Central,Toys,73.88,3
2024-05-19,West,Home & Garden,144.68,3
2024-09-20,North,Toys,66.53,5
2023-03-18,Central,Groceries,16.52,1
2023-11-24,West,Home & Garden,184.92,5
2023-09-03,East,Home & Garden,82.77,4
2023-02-10,Central,Clothing,72.95,2
2023-06-13,North,Home & Garden,,3
2024-12-02,West,Electronics,711.39,1
2023-03-12,South,Electronics,527.42,2
2024-08-15,North,Clothing,90.07,1
2024-07-13,South,Toys,69.73,3
2024-02-15,south,Toys,27.27,4
2023-01-31,Central,Clothing,83.02,1
2024-08-06,west,Home & Garden,152.75,1
2023-09-06,West,Home & Garden,36.47,4
2023-05-28,south,Electronics,805.5,4
2023-04-12,South,Electronics,486.68,4
2023-02-11,West,Toys,43.49,2
2024-05-02,Central,Toys,12.5,1
2023-08-27,West,Home & Garden,262.32,3
2024-07-22,South,Groceries,31.88,5
2023-10-18,North,Toys,76.23,5
2023-12-13,North,Clothing,22.9,3
2023-08-10,North,Groceries,50.05,1
2024-07-23,North,Groceries,16.77,2
2023-05-21,Central,Electronics,721.71,4
2024-06-14,North,Electronics,831.18,4
2024-01-08,Central,Groceries,30.46,4
2024-12-22,South,Electronics,1234.01,5
2024-01-31,North,Home & Garden,36.16,4
2023-11-17,West,Home & Garden,85.43,4
2024-12-29,West,Toys,58.9,2
2023-11-26,South,Clothing,62.16,3
2024-12-24,South,Clothing,82.02,5
2023-03-29,North,Electronics,199.2,4
2023-08-08,North,Electronics,269.08,3
2024-01-23,North,Groceries,5.01,2
2023-12-24,West,Toys,111.87,5
2024-09-24,East,Toys,22.8,1
2023-10-08,East,Electronics,496.48,5
2023-06-21,North,Electronics,508.55,4
2023-05-18,West,Home & Garden,42.41,5
2023-12-19,West,Clothing,52.19,4
2023-02-09,North,Clothing,60.48,2
2024-07-29,North,Electronics,415.11,3
2023-05-12,South,Electronics,856.43,4
2024-04-30,South,Clothing,64.5,1
2023-01-01,North,Home & Garden,189.97,5
2024-03-03,East,Home & Garden,219.48,1
2024-03-07,East,Toys,16.17,1
2023-03-11,East,Groceries,56.15,5
2024-10-25,North,Clothing,28.15,3
2023-08-05,East,Toys,48.02,3
2023-06-21,South,Toys,39.29,1
2023-04-10,East,Home & Garden,129.67,5
2024-07-17,South,Clothing,100.58,3
2024-03-05,East,Groceries,50.69,4
2023-06-25,North,Home & Garden,278.29,1
2023-06-08,West,Home & Garden,163.39,1
2024-12-02,West,Groceries,21.08,5
2023-02-28,South,Groceries,37.09,4
2024-05-04,South,Toys,33.66,1
2024-01-24,South,Toys,18.85,3
2023-03-03,North,Clothing,21.03,3
2023-11-19,East,Groceries,36.91,5
2024-04-07,North,Groceries,6.9,1
2024-11-27,north,Home & Garden,35.27,1
2023-01-30,west,Home & Garden,261.79,2
2023-04-14,North,Toys,41.0,1
2023-09-27,West,Electronics,239.25,2
2023-08-30,West,Groceries,43.71,5
2024-08-25,East,Electronics,675.51,1
2024-11-04,East,Toys,40.01,5
2023-03-25,Central,Clothing,79.95,2
2023-11-09,West,Electronics,397.54,2
2023-05-02,South,Clothing,67.58,3
2023-06-05,East,Groceries,58.28,4
2023-12-07,north,Clothing,101.43,5
2023-06-05,South,Clothing,79.29,3
2023-09-12,North,Toys,61.77,2
2023-12-12,East,Groceries,35.37,5
2023-04-04,East,Toys,34.2,3
2024-03-19,West,Electronics,262.51,1
2024-05-27,Central,Electronics,247.71,4
2023-12-03,Central,Toys,93.49,5
2024-02-04,Central,Home & Garden,208.12,2
2023-03-10,South,Toys,,4
2023-09-01,Central,Toys,29.72,5
2024-01-19,East,Toys,57.22,4
2023-09-27,South,Clothing,115.28,3
2023-04-15,North,Groceries,46.57,4
2024-02-13,North,Clothing,71.95,4
2024-05-02,North,Groceries,6.52,2
2024-11-14,South,Groceries,27.95,3
2023-07-31,Central,Clothing,54.27,3
2024-10-15,South,Electronics,770.32,5
2023-01-02,North,Groceries,6.4,5
2024-02-22,Central,Home & Garden,25.38,5
2024-11-29,East,Clothing,20.53,4
2024-10-12,South,Toys,70.31,5
2023-11-19,South,Home & Garden,293.55,3
2024-12-11,North,Clothing,50.55,2
2023-10-23,East,Toys,20.94,5
2024-03-04,South,Toys,20.72,1
2023-07-12,South,Toys,29.67,4
2023-08-25,Central,Clothing,103.67,3
2024-03-11,North,Electronics,150.45,1
2023-12-08,North,Home & Garden,40.69,1
2023-02-16,West,Electronics,559.19,2
2023-05-06,Central,Clothing,50.6,1
2023-09-29,North,Clothing,95.01,5
2024-02-18,North,Electronics,176.92,4
2024-10-18,South,Groceries,49.46,4
2024-07-04,Central,Home & Garden,119.15,5
2023-03-07,South,Toys,62.47,2
2024-06-25,East,Clothing,100.8,5
2024-07-05,West,Groceries,14.25,3
2024-02-24,West,Electronics,415.71,1
2024-12-18,West,Clothing,99.9,4
2023-07-02,West,Electronics,870.02,4
2024-12-10,East,Toys,39.85,1
2024-03-24,Central,Electronics,,4
2024-01-15,East,Toys,29.13,2
2023-09-12,West,Electronics,719.04,4
2024-08-19,West,Groceries,35.48,4
2023-02-02,south,Toys,,3
2024-04-25,West,Toys,51.89,4
2023-12-28,Central,Home & Garden,226.05,1
2024-08-20,South,Groceries,14.3,4
2023-04-08,West,Electronics,343.45,4
2024-10-23,West,Electronics,160.54,5
2023-08-05,East,Electronics,765.49,4
2024-04-07,North,Home & Garden,137.84,5
2024-08-15,North,Electronics,802.54,1
2024-06-10,North,Groceries,24.78,3
2024-02-15,East,Clothing,62.6,2
2024-09-06,South,Electronics,539.19,5
2023-10-22,West,Groceries,35.62,2
2024-10-12,South,Groceries,17.17,3
2023-01-24,West,Electronics,269.18,4
2023-06-06,West,Groceries,15.19,2
2024-05-03,Central,Toys,54.07,1
2024-12-29,East,Groceries,14.18,3
2024-01-28,West,Home & Garden,204.13,5
2024-08-06,East,Home & Garden,141.59,4
2023-01-10,South,Electronics,235.7,4
2024-03-28,East,Toys,27.49,4
2023-11-30,East,Toys,37.06,4
2023-08-01,West,Clothing,34.84,4
2024-05-13,Central,Home & Garden,67.29,2
2023-02-01,Central,Toys,73.77,2
2024-11-30,North,Home & Garden,138.4,5
2023-06-21,West,Clothing,42.86,4
2024-08-06,East,Toys,17.72,2
2024-11-08,East,Electronics,871.6,5
2023-07-18,North,Groceries,29.44,1
2023-12-25,West,Home & Garden,58.15,3
2024-07-28,North,Clothing,89.85,5
2023-12-21,South,Toys,92.05,1
2023-11-10,East,Toys,27.91,1
2024-02-08,East,Groceries,20.75,4
2024-06-23,West,Electronics,655.95,3
2023-10-22,East,Toys,10.3,2
2024-06-14,East,Groceries,28.79,3
2024-09-08,Central,Groceries,49.11,5
2024-05-28,East,Home & Garden,236.57,1
2024-08-07,South,Clothing,68.28,2
2024-02-04,East,Electronics,626.94,5
2024-05-10,Central,Home & Garden,137.15,3
2023-05-20,Central,Toys,57.57,1
2023-11-17,South,Home & Garden,73.85,1
2024-06-12,North,Groceries,17.45,2
2024-08-03,South,Home & Garden,87.36,5
2024-09-05,West,Electronics,758.57,1
2023-09-19,Central,Toys,67.9,5
2023-07-21,West,Home & Garden,144.57,5
2024-02-11,Central,Toys,78.2,1
2023-09-18,East,Electronics,735.77,5
2024-06-12,South,Toys,41.56,5
2024-01-21,South,Clothing,56.9,4
2023-09-21,West,Clothing,25.09,5
2023-04-24,South,Home & Garden,148.12,3
2023-03-24,Central,Home & Garden,41.18,1
2024-05-07,East,Electronics,745.66,2
2023-05-06,West,Groceries,32.17,2
2023-05-28,South,Electronics,383.13,3
2024-02-17,West,Toys,68.6,1
2024-12-26,South,Toys,18.75,3
2023-07-11,North,Home & Garden,241.03,1
2024-03-09,North,Home & Garden,270.77,1
2023-06-28,East,Electronics,471.07,4
2023-09-24,Central,Electronics,707.93,2
2023-12-13,North,Electronics,908.2,4
2024-08-03,Central,Clothing,33.06,2
2023-12-04,North,Home & Garden,69.54,3
2023-05-29,South,Toys,73.1,1
2023-08-02,East,Toys,53.66,4
2023-06-03,South,Electronics,510.8,1
2024-10-02,West,Clothing,60.59,5
2023-04-23,central,Clothing,55.91,5
2024-05-11,North,Home & Garden,175.59,4
2024-08-29,Central,Home & Garden,202.86,2
2024-10-16,North,Groceries,52.41,2
2023-02-20,West,Groceries,21.88,5
2024-09-06,East,Electronics,541.91,5
2024-03-15,South,Groceries,56.0,4
2023-02-21,North,Home & Garden,199.71,3
2023-01-17,West,Toys,64.73,4
2023-07-07,West,Home & Garden,82.85,3
2023-05-25,West,Electronics,185.76,5
2024-08-13,South,Electronics,823.57,1
2024-03-20,East,Home & Garden,45.8,4
2024-07-25,South,Groceries,,3
2024-09-24,East,Groceries,634.0,3
2023-12-03,Central,Toys,96.0,5
2023-05-27,East,Clothing,63.13,2
2023-05-26,East,Toys,21.69,5
2023-06-14,East,Electronics,,1
2023-12-15,East,Toys,91.38,4
2024-10-02,East,Clothing,87.55,1
2024-09-26,North,Home & Garden,52.68,2
2023-05-23,Central,Groceries,42.28,4
2023-08-31,Central,Electronics,667.68,1
2023-02-16,West,Home & Garden,54.19,3
2023-08-04,South,Electronics,808.25,1
2023-01-31,East,Electronics,711.48,1
2024-01-24,South,Electronics,300.19,3
2023-11-07,South,Toys,46.99,3
2023-01-15,North,Home & Garden,89.31,1
2023-08-03,South,Electronics,210.25,5
2024-05-25,West,Groceries,47.38,2
2023-01-04,West,Home & Garden,128.69,4
2024-10-12,South,Toys,66.09,1
2023-11-17,East,Electronics,715.61,3
2023-06-10,west,Toys,48.72,1
2023-04-05,north,Groceries,7.25,3
2024-09-10,West,Clothing,48.77,2
2023-01-10,South,Home & Garden,154.7,3
2023-05-04,North,Home & Garden,94.35,1
2023-06-18,West,Clothing,99.72,5
2023-12-26,West,Electronics,834.91,1
2023-05-05,East,Home & Garden,178.9,1
2023-01-29,West,Electronics,544.36,2
2024-04-24,Central,Groceries,57.82,4
2024-11-11,South,Electronics,592.24,5
2023-08-05,West,Groceries,17.04,2
2024-08-21,North,Electronics,603.47,1
2024-04-01,South,Toys,73.0,4
2023-02-01,Central,Home & Garden,173.55,4
2023-07-15,Central,Groceries,8.65,1
2024-04-02,South,Electronics,593.97,1
2023-08-14,Central,Electronics,859.15,1
2023-04-24,Central,Home & Garden,220.38,3
2023-07-22,Central,Groceries,11.54,2
2024-10-04,South,Home & Garden,147.63,5
2024-12-03,South,Electronics,340.57,3
2024-06-25,Central,Clothing,66.13,2
2023-10-29,East,Toys,41.39,5
2023-02-12,Central,Clothing,45.85,3
2024-03-14,North,Electronics,378.26,5
2024-12-07,South,Toys,100.53,5
2024-05-29,North,Electronics,826.1,2
2023-10-01,Central,Clothing,100.41,1
2023-02-22,East,Groceries,36.66,1
2023-05-23,East,Clothing,46.07,2
2023-12-30,West,Toys,30.53,4
2024-03-14,West,Electronics,,1
2023-03-20,South,Electronics,247.74,1
2023-07-01,North,Toys,18.94,5
2023-11-07,South,Clothing,48.91,2
2024-07-21,West,Toys,48.76,3
2023-12-21,South,Clothing,32.9,2
2023-08-28,North,Toys,32.16,4
2024-12-15,Central,Groceries,29.21,1
2023-12-11,South,Electronics,1075.01,2
2024-03-01,North,Electronics,480.54,3
2024-03-14,North,Toys,62.47,1
2024-06-24,West,Electronics,805.88,2
2023-05-26,North,Toys,68.52,2
2024-02-25,Central,Groceries,26.02,5
2024-10-28,West,Home & Garden,278.32,3
2023-04-08,North,Groceries,50.19,4
2023-07-12,South,Toys,69.53,5
2023-04-03,Central,Clothing,104.12,5
2024-09-03,South,Toys,71.86,3
2024-02-01,South,Electronics,653.23,5
2024-05-05,North,Home & Garden,160.96,5
2023-06-29,North,Groceries,52.54,3
2023-12-06,Central,Electronics,596.58,5
2023-04-05,Central,Home & Garden,83.74,3
2023-01-02,south,Home & Garden,119.76,1
2024-11-29,South,Electronics,241.7,1
2024-11-26,North,Electronics,891.3,4
2024-01-21,North,Toys,74.24,1
2023-11-28,East,Home & Garden,120.13,2
2023-09-25,West,Clothing,61.25,4
2023-06-05,East,Home & Garden,277.71,1
2023-07-29,South,Groceries,12.54,5
2024-05-18,East,Groceries,39.12,1
2023-04-01,South,Home & Garden,181.81,1
2023-11-09,Central,Electronics,371.03,3
2023-11-14,Central,Clothing,98.33,2
2024-10-20,West,Clothing,114.14,1
2023-08-22,Central,Toys,46.44,4
2023-07-14,South,Electronics,334.53,1
2023-02-03,West,Electronics,786.32,2
2023-09-06,West,Clothing,82.34,2
2023-01-12,West,Electronics,691.15,3
2024-08-21,South,Clothing,22.83,3
2023-04-11,South,Toys,12.44,5
2023-04-28,South,Home & Garden,54.01,2
2024-10-20,Central,Toys,56.51,1
2023-05-07,south,Groceries,56.58,2
2023-06-12,East,Electronics,383.03,2
2024-11-03,South,Toys,23.86,3
2023-04-04,East,Electronics,345.5,1
2024-07-20,West,Home & Garden,47.34,3
2024-01-03,East,Clothing,50.8,3
2023-12-03,East,Home & Garden,223.65,2
2023-01-12,Central,Toys,68.6,3
2023-07-26,North,Toys,46.81,1
2024-02-20,East,Home & Garden,193.2,3
2023-11-24,South,Toys,19.07,2
2024-09-01,West,Groceries,36.0,5
2024-12-23,Central,Electronics,974.91,4
2023-01-27,East,Home & Garden,240.86,3
2023-04-20,East,Groceries,17.56,1
2024-06-01,West,Home & Garden,187.58,5
2024-12-31,Central,Home & Garden,264.63,2
2024-05-05,East,Clothing,101.27,3
2024-12-02,Central,Home & Garden,241.31,4
2024-07-14,North,Groceries,32.31,3
2023-12-17,West,Groceries,7.47,5
2024-03-24,West,Clothing,115.88,1
2023-08-20,Central,Toys,64.2,5
2024-07-06,East,Groceries,59.71,5
2023-01-03,South,Groceries,19.19,4
2023-02-11,West,Groceries,15.73,2
2024-09-12,West,Groceries,56.85,2
2024-10-19,South,Toys,36.45,2
2024-01-27,West,Groceries,14.56,4
2023-09-19,South,Toys,63.22,3
2023-07-11,Central,Clothing,63.38,1
2024-03-10,South,Toys,39.5,2
2024-02-09,South,Clothing,109.62,3
2024-10-15,North,Electronics,797.25,2
2024-12-11,East,Electronics,742.8,3
2023-07-10,West,Electronics,256.98,4
2023-11-11,West,Clothing,86.53,2
2024-07-19,North,Groceries,13.71,5
2023-07-18,North,Toys,20.1,1
2023-12-31,North,Groceries,54.29,1
2024-11-30,West,Electronics,584.99,1
2023-09-14,West,Toys,70.88,2
2023-04-24,Central,Home & Garden,182.39,4
2024-09-21,East,Home & Garden,269.48,2
2024-03-07,West,Toys,33.5,4
2024-07-09,East,Electronics,289.52,1
2023-07-18,South,Home & Garden,190.87,5
2024-02-09,East,Home & Garden,,2
2024-11-13,South,Groceries,14.08,5
2023-03-18,North,Home & Garden,38.42,1
2023-02-22,North,Home & Garden,134.06,5
2023-07-07,North,Clothing,21.72,5
2023-01-08,South,Toys,57.92,4
2024-05-25,West,Clothing,47.43,5
2023-11-16,Central,Electronics,236.44,3
2023-06-21,West,Electronics,186.89,5
2023-12-08,Central,Home & Garden,54.83,5
2023-01-01,East,Toys,51.78,2
2024-05-17,Central,Toys,56.2,3
2023-05-17,West,Electronics,400.56,5
2023-07-06,West,Electronics,591.07,3
2023-06-24,East,Electronics,324.86,3
2023-05-28,North,Home & Garden,99.37,1
2024-06-13,East,Clothing,102.06,1
2023-08-05,West,Groceries,20.45,3
2023-03-07,South,Home & Garden,239.6,2
2024-09-02,West,Toys,25.84,4
2023-08-10,West,Clothing,35.17,3
2023-03-06,South,Clothing,87.62,2
2023-05-14,South,Groceries,12.19,5
2023-05-19,South,Electronics,707.05,5
2024-04-02,South,Toys,,1
2023-02-22,North,Clothing,41.85,2
2024-07-20,East,Clothing,28.07,4
2024-04-14,South,Clothing,90.19,4
2023-10-19,North,Clothing,38.53,1
2023-12-31,South,Electronics,477.73,3
2023-01-08,North,Groceries,,1
2024-02-25,West,Electronics,216.3,5
2023-04-08,West,Electronics,,3
2024-05-14,East,Groceries,7.44,5
2023-12-28,West,Groceries,16.15,2
2023-08-09,North,Toys,63.61,2
2024-11-14,North,Electronics,610.1,1
2024-01-15,North,Groceries,27.86,2
2024-05-10,West,Electronics,151.33,3
2023-05-13,north,Electronics,878.55,4
2024-12-30,central,Groceries,43.05,5
2023-06-07,Central,Clothing,20.45,4
2023-10-24,Central,Electronics,596.64,1
2024-06-05,East,Groceries,10.59,4
2023-07-23,Central,Electronics,285.28,1
2024-05-18,West,Clothing,30.2,4
2024-12-14,North,Home & Garden,233.32,3
2024-04-28,Central,Toys,49.05,2
2024-10-06,West,Toys,42.47,4
2024-08-16,North,Toys,62.98,3
2024-01-01,West,Groceries,,1
2023-08-09,West,Toys,66.93,3
2023-05-20,East,Electronics,677.14,1
2023-07-09,Central,Clothing,60.86,3
2024-05-05,Central,Home & Garden,250.35,4
2023-08-09,North,Home & Garden,272.59,1
2023-03-24,west,Clothing,64.15,4
2024-05-03,Central,Home & Garden,131.76,1
2024-10-28,West,Toys,24.27,4
2024-02-08,South,Groceries,34.47,5
2023-11-02,North,Clothing,,5
2024-07-28,North,Home & Garden,236.93,2
2023-02-23,Central,Toys,31.24,3
2024-03-31,East,Groceries,7.29,3
2023-01-15,Central,Toys,20.76,3
2023-09-27,West,Clothing,,3
2024-10-21,North,Clothing,21.98,1
2024-12-02,South,Home & Garden,46.4,5
2024-06-10,West,Clothing,66.99,2
2023-02-27,East,Clothing,98.61,2
2024-01-23,East,Electronics,519.97,4
2023-04-04,South,Clothing,111.06,1
2023-05-17,South,Toys,58.04,5
2024-05-09,East,Toys,76.83,5
2024-12-08,North,Groceries,28.48,4
2023-04-08,East,Toys,18.82,4
2024-08-22,West,Clothing,92.01,4
2024-09-03,North,Toys,43.48,4
2023-10-30,East,Toys,74.94,2
2023-07-07,West,Groceries,18.52,3
2024-06-29,East,Electronics,470.88,2
2023-08-24,East,Home & Garden,115.1,3
2024-02-28,Central,Home & Garden,50.63,1
2023-04-19,East,Home & Garden,165.83,4
2024-03-09,Central,Electronics,694.37,4
2023-09-04,South,Toys,11.84,4
2023-06-15,East,Clothing,20.21,4
2024-06-10,South,Groceries,32.91,1
2024-06-28,West,Groceries,56.96,5
2023-02-09,Central,Clothing,101.55,4
2024-12-02,North,Home & Garden,243.4,3
2023-07-04,East,Clothing,20.91,5
2024-08-07,South,Toys,22.13,4
2023-02-18,West,Clothing,113.87,5
2023-10-18,North,Clothing,119.26,5
2023-05-16,Central,Home & Garden,242.02,1
2023-09-22,North,Clothing,65.74,2
2023-05-29,West,Electronics,772.12,2
2024-08-23,Central,Toys,34.92,1
2023-12-28,North,Electronics,714.35,5
2024-02-24,East,Toys,50.44,2
2023-03-14,Central,Toys,62.94,2
2023-03-30,East,Toys,66.52,5
2023-04-11,West,Home & Garden,95.59,3
2023-05-15,North,Toys,38.19,2
2024-04-30,South,Toys,25.05,2
2024-01-05,Central,Home & Garden,77.12,2
2024-04-25,East,Groceries,,5
2023-11-24,North,Electronics,630.72,2
2024-09-07,North,Electronics,566.51,4
2023-03-26,North,Clothing,34.28,3
2024-05-09,East,Electronics,664.86,2
2024-04-06,North,Clothing,82.39,4
2024-08-01,South,Toys,22.51,1
2024-06-18,West,Toys,47.06,3
2024-08-28,West,Home & Garden,71.21,5
2024-02-17,East,Electronics,496.86,2
2024-01-18,Central,Toys,41.79,3
2024-01-19,Central,Electronics,362.37,2
2023-07-24,North,Electronics,620.5,4
2023-09-18,North,Electronics,785.3,1
2024-06-21,Central,Clothing,87.8,3
2023-06-03,East,Clothing,88.73,1
2024-01-16,east,Toys,27.91,5
2023-06-06,Central,Groceries,20.63,1
2023-06-07,East,Groceries,36.75,2
2023-11-12,North,Groceries,34.26,4
2023-11-13,Central,Toys,65.85,3
2024-10-14,Central,Electronics,467.64,1
2024-03-02,West,Electronics,355.99,3
2023-03-12,North,Home & Garden,289.42,3
2023-10-03,South,Home & Garden,185.98,1
2023-05-21,South,Electronics,847.51,4
2024-04-05,North,Toys,38.29,4
2023-06-08,North,Clothing,38.21,3
2024-12-01,North,Groceries,56.58,3
2024-06-09,West,Groceries,32.62,4
2024-11-05,South,Toys,21.85,2
2024-06-13,South,Groceries,10.68,1
2024-08-22,Central,Electronics,840.13,2
2024-09-09,south,Electronics,510.12,2
2024-03-07,West,Home & Garden,124.91,4
2023-06-26,East,Home & Garden,132.12,2
2023-04-21,North,Electronics,367.98,1
2024-03-20,central,Home & Garden,59.44,5
2024-11-22,South,Clothing,44.28,1
2023-08-16,Central,Toys,32.15,1
2024-01-29,East,Toys,10.14,4
2024-04-15,East,Groceries,52.6,2
2024-11-10,North,Toys,62.65,2
2024-09-16,West,Electronics,812.18,1
2024-05-27,East,Home & Garden,35.51,1
2024-03-16,East,Toys,24.24,5
2023-06-21,West,Electronics,816.26,1
2023-06-23,South,Toys,59.33,2
2024-07-09,East,Toys,18.8,5
2023-12-02,North,Clothing,77.67,5
2023-08-22,Central,Groceries,47.99,4
2023-01-30,North,Groceries,56.92,1
2024-07-15,South,Clothing,42.18,2
2023-02-28,South,Electronics,711.46,5
2023-09-30,South,Toys,13.2,2
2024-05-19,West,Clothing,52.11,4
2024-03-31,South,Toys,77.57,5
2024-02-11,West,Groceries,23.55,5
2024-03-12,Central,Toys,34.57,5
2023-06-09,Central,Groceries,55.47,2
2023-06-02,Central,Electronics,444.56,5
2024-10-31,East,Home & Garden,173.77,4
2024-12-03,Central,Toys,32.18,3
2023-03-12,North,Electronics,871.75,4
2024-12-11,East,Electronics,844.32,3
2024-11-10,north,Home & Garden,136.99,3
2023-01-15,West,Clothing,43.69,1
2024-02-03,North,Clothing,37.3,2
2023-04-19,Central,Electronics,882.38,1
2023-06-14,West,Toys,53.98,4
2023-01-23,South,Home & Garden,70.77,5
2024-10-07,North,Toys,20.26,1
2023-02-03,West,Electronics,423.27,2
2023-06-28,South,Groceries,31.96,3
2024-11-06,north,Groceries,55.95,1
2024-08-31,East,Toys,19.08,2
2024-01-04,South,Groceries,14.27,3
2024-08-25,East,Electronics,,4
2023-08-01,South,Electronics,661.26,4
2023-10-28,North,Home & Garden,245.17,5
2024-07-07,North,Clothing,111.82,5
2024-02-20,South,Home & Garden,296.16,2
2024-10-25,Central,Home & Garden,211.8,4
2023-11-21,South,Home & Garden,34.65,5
2023-01-15,South,Groceries,59.84,1
2023-12-24,Central,Groceries,57.65,4
2023-06-19,Central,Groceries,25.47,1
2024-01-11,West,Home & Garden,155.24,2
2024-02-04,North,Home & Garden,41.2,2
2023-06-10,North,Clothing,17.03,2
2023-05-07,East,Home & Garden,231.66,4
2024-03-06,east,Clothing,87.36,5
2024-11-08,east,Clothing,22.14,1
2023-02-25,Central,Clothing,110.06,5
2023-07-24,West,Toys,37.69,2
2024-03-07,East,Groceries,53.1,3
2024-03-01,Central,Groceries,35.46,5
2024-04-19,east,Toys,70.29,2
2024-07-29,Central,Groceries,24.34,3
2023-05-19,Central,Clothing,85.38,2
2024-08-07,South,Toys,39.14,3
2024-02-08,Central,Home & Garden,167.1,5
2024-04-05,North,Groceries,23.12,1
2023-12-02,Central,Groceries,20.81,1
2023-06-23,South,Home & Garden,93.99,4
2023-09-13,North,Toys,50.19,5
2024-08-26,South,Clothing,91.18,4
2023-09-21,East,Toys,57.71,4
2023-06-22,North,Clothing,64.24,2
2023-01-23,West,Clothing,61.22,4
2024-01-11,West,Home & Garden,90.72,5
2024-05-07,East,Groceries,35.41,1
2024-09-22,North,Clothing,19.22,4
2023-03-10,East,Groceries,19.94,3
2024-08-06,South,Electronics,711.87,1
2024-06-03,Central,Clothing,114.27,5
2023-09-03,East,Groceries,47.88,1
2023-10-25,North,Groceries,39.5,4
2023-01-20,North,Electronics,161.87,4
2023-01-21,Central,Toys,18.52,5
2024-05-15,North,Groceries,48.18,3
2024-02-26,South,Clothing,98.88,1
2024-03-27,North,Groceries,52.22,3
2023-01-17,South,Clothing,61.41,2
2024-05-10,East,Home & Garden,288.34,1
2024-04-15,Central,Electronics,520.16,5
2023-05-27,South,Home & Garden,124.13,1
2023-04-12,South,Electronics,471.01,1
2024-05-08,South,Electronics,376.14,1
2024-11-29,North,Electronics,395.2,5
2023-10-19,West,Electronics,805.79,1
2023-07-14,North,Toys,34.43,2
2024-01-25,Central,Electronics,682.53,1
2024-11-18,Central,Electronics,655.77,2
2023-05-04,South,Home & Garden,101.42,1
2023-05-15,West,Groceries,46.43,4
2023-07-29,East,Toys,49.19,5
2023-11-17,East,Home & Garden,124.92,2
2024-12-23,Central,Electronics,332.04,3
2024-01-19,West,Groceries,10.64,2
2024-03-07,Central,Home & Garden,37.87,3
2023-11-06,North,Home & Garden,252.64,1
2024-04-02,West,Groceries,34.37,1
2024-11-13,South,Clothing,88.02,4
2023-11-02,West,Electronics,386.41,4
2024-03-24,North,Clothing,114.52,2
2024-03-20,East,Clothing,45.85,2
2023-03-15,North,Groceries,,1
2024-05-08,East,Groceries,9.24,2
2024-11-23,West,Home & Garden,81.1,2
2024-04-17,South,Toys,68.82,1
2023-11-25,North,Clothing,75.01,5
2023-02-09,East,Groceries,29.79,1
2023-06-14,North,Clothing,115.97,1
2024-10-20,East,Toys,63.47,1
2024-06-12,West,Toys,50.3,5
2024-06-07,East,Clothing,81.56,2
2023-07-03,South,Groceries,33.91,2
2024-10-31,Central,Groceries,56.01,1
2023-09-05,South,Home & Garden,71.08,1
2024-04-21,Central,Clothing,39.84,3
2024-09-24,West,Home & Garden,38.58,5
2023-08-27,North,Electronics,846.1,4
2024-04-25,West,Groceries,28.62,3
2024-10-16,East,Home & Garden,298.25,4
2023-09-21,East,Home & Garden,35.11,2
2024-08-11,North,Electronics,890.96,1
2023-09-25,North,Groceries,43.13,2
2024-10-01,East,Groceries,53.27,3
2024-05-15,West,Electronics,367.09,3
2023-04-06,North,Groceries,38.52,2
2024-04-24,South,Toys,53.56,3
2024-05-28,North,Home & Garden,110.93,3
2024-09-05,South,Electronics,707.53,1
2023-12-24,North,Clothing,90.86,2
2024-05-05,South,Toys,27.24,2
2024-07-13,Central,Home & Garden,38.69,4
2023-10-24,Central,Clothing,52.32,4
2023-05-02,North,Electronics,150.77,4
2024-08-18,North,Home & Garden,177.89,1
2023-10-12,West,Groceries,33.42,1
2023-10-25,Central,Groceries,17.02,4
2023-01-11,South,Clothing,108.93,1
2023-05-05,North,Electronics,307.45,3
2023-08-07,North,Clothing,102.76,3
2023-05-06,North,Groceries,39.79,1
2023-10-12,West,Electronics,766.43,4
2023-09-23,West,Electronics,704.13,5
2023-05-23,North,Electronics,473.11,2
2024-11-15,east,Home & Garden,118.64,2
2023-06-29,North,Groceries,30.42,2
2023-09-06,Central,Clothing,79.36,1
2024-11-08,South,Groceries,16.41,5
2023-11-17,Central,Toys,19.89,3
2023-02-26,South,Groceries,42.88,5
2023-05-02,South,Electronics,409.63,4
2024-07-27,East,Toys,23.0,5
2023-02-19,West,Groceries,8.38,1
2024-09-09,East,Clothing,70.19,1
2023-09-04,North,Toys,19.49,3
2024-05-01,East,Electronics,726.13,4
2024-03-22,Central,Clothing,,3
2024-07-02,West,Groceries,30.65,4
2024-06-17,East,Toys,28.6,5
2023-02-09,South,Toys,46.48,2
2023-07-31,Central,Toys,72.76,2
2023-11-16,North,Clothing,72.85,3
2024-02-13,Central,Groceries,10.72,3
2023-07-02,North,Electronics,678.22,4
2024-02-28,West,Groceries,35.68,4
2023-08-25,East,Toys,78.26,1
2023-12-18,North,Groceries,15.85,3
2023-04-09,west,Electronics,345.05,4
2024-11-14,West,Toys,23.43,5
2024-01-30,West,Clothing,80.46,3
2023-12-03,Central,Clothing,26.19,2
2023-02-07,West,Clothing,40.76,3
2023-08-22,North,Electronics,606.8,3
2024-11-09,central,Toys,18.42,3
2024-06-02,South,Toys,49.15,2
2024-07-21,North,Electronics,430.54,4
2024-06-17,East,Clothing,117.53,5
2023-12-24,North,Toys,56.15,3
2023-08-16,Central,Clothing,89.97,3
2023-01-16,East,Home & Garden,174.84,2
2024-09-19,East,Home & Garden,289.01,2
2023-11-29,North,Clothing,16.34,5
2024-10-01,West,Groceries,50.03,2
2023-06-02,North,Electronics,657.18,5
2023-08-06,Central,Home & Garden,221.96,2
2023-02-16,North,Home & Garden,238.66,2
2023-01-26,Central,Home & Garden,151.96,3
2024-11-27,Central,Groceries,46.16,4
2024-08-04,East,Groceries,28.02,4
2023-03-10,South,Electronics,754.12,5
2024-06-14,North,Toys,60.7,3
2024-12-02,west,Clothing,47.58,5
2023-09-03,South,Toys,26.85,5
2024-10-12,Central,Toys,19.92,2
2023-03-17,South,Home & Garden,97.81,3
2023-04-05,West,Home & Garden,285.62,3
2023-12-25,West,Clothing,95.96,5
2024-10-15,East,Toys,28.37,3
2023-04-17,South,Toys,42.75,1
2023-11-12,East,Clothing,101.5,2
2023-05-19,South,Home & Garden,28.11,2
2024-09-14,West,Groceries,29.59,5
2023-06-10,South,Toys,22.37,3
2024-02-10,West,Home & Garden,39.86,3
2023-10-24,East,Groceries,32.02,4
2024-01-25,Central,Groceries,11.2,3
2023-04-28,East,Home & Garden,187.42,3
2024-09-02,Central,Groceries,25.9,3
2023-01-08,West,Clothing,54.77,5
2023-02-09,South,Home & Garden,222.82,3
2023-09-14,West,Electronics,765.89,3
2024-12-07,Central,Home & Garden,31.49,5
2023-07-14,North,Clothing,25.15,4
2023-05-10,South,Clothing,21.89,2
2024-09-19,East,Home & Garden,150.06,2
2023-07-22,East,Toys,35.29,2
2024-09-03,East,Toys,74.01,5
2023-02-17,South,Home & Garden,,4
2024-03-16,East,Groceries,25.29,3
2024-05-07,East,Clothing,63.43,1
2024-10-14,Central,Clothing,65.91,3
2024-10-06,Central,Clothing,41.98,5
2024-07-05,Central,Clothing,110.22,1
2024-03-24,North,Home & Garden,183.69,4
2023-03-16,West,Clothing,50.8,4
2024-09-23,South,Clothing,79.1,3
2024-08-18,South,Clothing,25.26,5
2023-02-02,Central,Home & Garden,172.46,4
2024-07-12,West,Groceries,52.82,1
2023-10-18,North,Clothing,117.1,5
2024-07-02,West,Home & Garden,252.17,4
2023-05-01,Central,Electronics,844.66,4
2024-09-02,south,Electronics,862.19,5
2023-06-17,Central,Clothing,51.37,5
2023-08-28,Central,Home & Garden,125.11,2
2023-07-08,Central,Groceries,46.72,4
2024-07-16,West,Home & Garden,114.84,1
2024-08-26,North,Electronics,654.42,4
2024-02-20,South,Electronics,877.19,4
2023-07-02,Central,Home & Garden,216.2,5
2023-05-07,South,Home & Garden,248.69,2
2023-11-17,South,Electronics,,4
2023-09-03,Central,Clothing,102.16,4
2023-07-25,south,Electronics,790.27,2
2024-12-16,West,Home & Garden,22.46,1
2024-03-11,West,Electronics,780.92,5
2023-06-20,South,Groceries,41.84,4
2023-09-18,east,Toys,60.87,5
2024-09-03,North,Clothing,78.94,3
2023-03-26,North,Clothing,80.54,3
2024-03-29,North,Electronics,155.92,1
2024-09-20,Central,Electronics,157.98,3
2024-02-09,North,Clothing,34.46,3
2023-05-16,West,Toys,60.82,5
2023-06-22,West,Groceries,23.84,1
2024-04-16,South,Toys,41.76,3
2024-10-09,East,Home & Garden,98.59,5
2023-07-16,East,Groceries,25.51,2
2023-09-30,East,Electronics,441.04,4
2024-11-29,East,Home & Garden,106.27,1
2024-05-24,Central,Clothing,28.35,1
2023-09-08,North,Electronics,320.92,4
2023-09-18,South,Electronics,585.32,5
2023-08-27,Central,Groceries,21.64,2
2024-05-24,South,Toys,39.82,4
2023-03-20,West,Groceries,45.88,3
2024-01-16,Central,Clothing,69.99,1
2023-05-02,East,Clothing,106.11,1
2024-02-16,Central,Electronics,410.68,3
2024-10-25,North,Groceries,39.84,5
2024-07-04,South,Toys,18.58,3
2024-09-15,south,Clothing,25.33,2
2024-06-12,Central,Home & Garden,195.67,5
2023-10-28,North,Electronics,762.46,5
2023-01-30,South,Toys,23.62,1
2023-05-09,South,Electronics,219.07,2
2024-07-23,West,Home & Garden,103.53,2
2024-06-12,East,Clothing,30.74,3
2023-07-01,West,Groceries,55.89,2
2023-06-30,East,Toys,68.58,3
2023-03-03,North,Clothing,58.13,2
2023-04-09,Central,Toys,40.57,3
2023-06-20,South,Electronics,752.82,1
2023-06-15,East,Electronics,277.1,3
2024-12-26,Central,Clothing,70.87,4
2023-05-09,Central,Groceries,12.27,2
2023-08-15,Central,Electronics,682.52,2
2023-09-27,Central,Groceries,54.18,3
2024-04-14,West,Home & Garden,41.36,5
2024-11-26,Central,Clothing,24.54,4
2023-04-09,West,Clothing,94.87,3
2024-10-01,Central,Electronics,668.05,1
2024-05-18,South,Clothing,97.18,5
2024-01-17,North,Groceries,39.49,1
2023-12-13,South,Groceries,29.36,2
2024-07-21,Central,Electronics,451.51,5
2024-03-19,North,Home & Garden,118.04,4
2024-06-03,East,Groceries,5.25,1
2023-03-14,South,Groceries,55.31,1
2024-04-28,Central,Home & Garden,206.05,3
2023-08-06,Central,Home & Garden,178.76,5
2023-05-07,South,Groceries,39.22,1
2023-09-25,Central,Electronics,822.77,2
2024-02-14,West,Electronics,780.27,3
2024-09-15,Central,Toys,43.98,4
2023-04-22,East,Toys,53.09,3
2024-12-07,North,Toys,57.99,3
2024-09-27,West,Clothing,79.93,2
2024-06-05,South,Toys,41.28,4
2023-11-19,West,Clothing,81.97,4
2023-08-03,South,Home & Garden,237.62,1
2024-02-13,North,Clothing,49.32,4
2023-05-01,North,Toys,,1
2024-10-09,West,Groceries,20.85,5
2024-12-25,Central,Home & Garden,51.98,1
2023-04-29,West,Home & Garden,268.69,1
2024-10-20,East,Electronics,320.41,3
2023-11-24,North,Groceries,44.48,4
2024-03-07,East,Toys,62.67,5
2023-07-05,West,Clothing,99.85,5
2023-05-08,North,Electronics,658.79,5
2023-05-07,Central,Toys,16.43,3
2023-11-06,South,Groceries,46.52,3
2024-09-28,South,Electronics,803.07,1
2024-10-06,Central,Clothing,92.45,4
2024-01-07,West,Groceries,9.81,3
2023-12-19,South,Home & Garden,170.38,1
2024-08-02,West,Toys,54.44,2
2024-05-30,East,Groceries,40.03,4
2023-01-14,North,Home & Garden,38.86,2
2024-06-29,South,Groceries,51.58,5
2024-03-16,Central,Groceries,21.96,1
2024-12-27,East,Toys,22.16,5
2024-05-23,South,Groceries,27.21,4
2024-08-10,Central,Groceries,12.68,3
2023-11-17,West,Toys,72.95,2
2024-01-24,Central,Home & Garden,121.08,3
2024-05-29,Central,Groceries,20.78,5
2023-10-27,South,Groceries,29.6,4
2023-02-12,Central,Electronics,264.04,1
2024-06-23,North,Clothing,27.75,3
2024-08-28,North,Home & Garden,27.27,2
2023-05-03,South,Home & Garden,104.67,4
2023-01-22,North,Groceries,29.07,5
2024-01-21,Central,Clothing,19.92,1
2024-09-25,South,Groceries,15.54,5
2024-08-26,North,Home & Garden,43.34,5
2023-09-17,central,Toys,41.29,4
2024-05-29,West,Toys,47.72,4
2024-09-17,East,Groceries,58.49,5
2024-01-28,East,Toys,23.91,2
2023-01-11,West,Clothing,42.24,2
2023-08-16,East,Home & Garden,244.21,1
2024-06-11,West,Groceries,51.74,2
2024-10-04,North,Clothing,34.18,2
2024-08-13,East,Groceries,50.4,1
2023-02-12,West,Electronics,789.74,1
2024-02-10,West,Toys,76.88,5
2023-02-01,North,Toys,39.16,5
2023-10-19,Central,Groceries,32.86,1
2024-04-17,South,Groceries,40.25,3
2023-06-12,east,Electronics,335.67,2
2023-02-26,East,Groceries,45.41,4
2023-04-01,West,Toys,37.41,4
2023-09-20,East,Home & Garden,80.76,4
2023-12-31,North,Groceries,42.44,3
2023-04-13,South,Clothing,99.43,1
2024-06-28,East,Toys,52.72,1
2023-09-09,North,Toys,53.68,3
2024-04-05,North,Groceries,15.96,5
2024-03-10,Central,Toys,52.19,2
2024-01-27,South,Groceries,59.42,5
2023-05-04,West,Home & Garden,195.24,3
2023-07-03,South,Clothing,50.48,4
2024-12-20,south,Toys,107.13,5
2024-01-08,South,Toys,67.34,2
2023-03-16,North,Electronics,543.19,4
2023-01-28,North,Groceries,41.77,1
2024-06-29,Central,Toys,57.13,5
2024-06-14,north,Groceries,6.17,3
2023-01-26,West,Home & Garden,85.17,1
2023-11-06,Central,Electronics,733.69,2
2023-05-12,north,Home & Garden,103.14,2
2024-05-31,West,Groceries,45.9,3
2024-03-28,West,Electronics,394.74,4
2023-05-13,East,Home & Garden,132.77,4
2023-03-16,central,Groceries,42.68,3
2024-10-15,East,Clothing,78.85,5
2024-02-26,West,Electronics,842.04,2
2024-01-27,North,Groceries,37.77,5
2023-08-06,West,Home & Garden,203.69,1
2023-04-07,south,Home & Garden,223.45,5
2024-02-22,North,Clothing,58.78,1
2024-08-16,South,Home & Garden,131.61,2
2024-12-10,West,Home & Garden,146.74,3
2023-02-13,West,Home & Garden,264.47,5
2024-07-25,North,Toys,75.78,3
2024-06-12,east,Toys,68.73,2
2023-10-26,West,Clothing,28.1,4
2024-08-17,South,Clothing,90.7,1
2023-11-05,South,Electronics,375.2,5
2023-05-29,Central,Home & Garden,28.77,5
2024-08-07,North,Home & Garden,219.69,4
2023-11-30,east,Groceries,31.02,3
2023-07-29,Central,Groceries,21.86,1
2023-01-01,North,Home & Garden,191.26,5
2023-08-09,Central,Electronics,629.03,1
2024-03-28,North,Clothing,95.63,2
2024-06-15,West,Home & Garden,209.16,2
2024-01-12,North,Groceries,37.84,1
2023-03-25,Central,Home & Garden,103.35,3
2024-08-09,East,Toys,35.95,2
2024-01-16,West,Toys,75.65,1
2023-01-16,South,Groceries,48.61,2
2024-11-03,North,Home & Garden,240.0,5
2024-07-18,South,Home & Garden,55.25,3
2024-11-07,Central,Home & Garden,149.69,3
2024-11-10,South,Groceries,45.9,1
2024-06-24,Central,Groceries,41.24,2
2024-03-18,South,Toys,55.09,2
2024-10-04,East,Groceries,55.57,4
2023-01-06,North,Groceries,59.3,1
2024-04-08,Central,Home & Garden,33.26,4
2024-05-25,Central,Home & Garden,135.18,2
2024-02-11,East,Home & Garden,20.84,1
2023-05-18,South,Electronics,837.77,5
2023-03-06,West,Electronics,195.68,1
2023-11-23,Central,Toys,16.57,2
2024-08-20,West,Home & Garden,287.29,4
2023-06-30,North,Clothing,20.35,4
2023-08-01,South,Home & Garden,126.65,4
2023-01-03,Central,Toys,71.78,1
2024-10-21,West,Toys,73.43,1
2023-04-22,North,Groceries,9.31,4
2023-06-02,Central,Clothing,52.05,1
2024-11-29,North,Home & Garden,296.16,5
2024-02-27,North,Home & Garden,139.56,2
2024-02-09,East,Electronics,538.62,4
2024-03-18,North,Groceries,5.81,5
2023-06-09,North,Electronics,706.16,1
2024-08-15,South,Groceries,45.73,4
2023-06-09,North,Clothing,39.05,4
2024-08-26,South,Electronics,479.33,4
2024-09-04,South,Toys,16.53,3
2024-04-14,Central,Toys,36.79,5
2023-07-06,West,Toys,73.6,2
2024-06-05,West,Home & Garden,162.36,1
2024-06-14,South,Electronics,650.16,1
2023-06-26,North,Toys,41.17,1
2023-09-08,East,Home & Garden,289.16,5
2024-10-30,South,Groceries,8.81,3
2024-02-06,west,Electronics,832.2,5
2023-12-01,Central,Groceries,18.18,2
2024-10-06,West,Toys,25.73,3
2024-07-24,Central,Electronics,618.44,2
2023-06-19,South,Groceries,59.34,5
2023-08-05,West,Groceries,25.58,4
2024-11-08,Central,Clothing,109.9,4
2023-06-19,North,Electronics,178.82,3
2024-12-18,Central,Groceries,10.93,3
2024-12-07,West,Toys,56.81,3
2023-03-18,North,Groceries,47.93,1
2024-05-28,Central,Toys,50.82,4
2023-12-07,East,Home & Garden,208.36,5
2023-11-16,South,Electronics,794.52,3
2023-07-12,east,Home & Garden,212.28,5
2023-10-30,South,Electronics,399.22,4
2023-07-07,East,Toys,23.95,1
2023-08-14,Central,Clothing,59.34,1
2024-12-16,Central,Toys,74.22,5
2024-10-27,South,Home & Garden,105.56,4
2024-07-18,South,Groceries,55.61,3
2023-02-07,East,Electronics,159.94,1
2023-01-18,East,Home & Garden,202.14,4
2024-01-03,East,Home & Garden,284.38,3
2024-06-27,South,Clothing,91.4,3
2024-09-18,Central,Toys,37.27,3
2024-04-18,Central,Home & Garden,284.28,3
2024-02-27,South,Electronics,488.73,1
2024-03-15,West,Electronics,192.38,4
2023-05-11,North,Toys,74.66,1
2024-01-28,East,Home & Garden,297.08,4
2023-07-02,north,Electronics,616.56,5
2023-06-19,North,Clothing,34.95,5
2023-08-08,West,Clothing,38.17,2
2023-08-30,West,Toys,39.91,3
2024-09-24,south,Electronics,539.06,3
2023-09-29,South,Clothing,19.88,4
2024-10-26,East,Home & Garden,284.72,1
2023-07-10,North,Home & Garden,80.39,5
2023-05-11,South,Home & Garden,115.85,4
2024-09-20,East,Home & Garden,246.57,2
2023-04-24,East,Clothing,56.3,2
2024-10-20,East,Clothing,117.59,5
2023-04-01,South,Clothing,89.29,3
2023-02-17,West,Toys,50.38,5
2024-06-17,North,Groceries,42.79,1
2023-09-26,East,Electronics,201.29,2
2023-11-29,East,Home & Garden,23.24,4
2023-08-15,East,Groceries,22.86,4
2024-01-19,East,Clothing,90.71,5
2024-12-27,West,Clothing,59.62,5
2024-05-03,central,Groceries,43.76,4
2024-08-04,East,Toys,71.23,4
2024-05-17,South,Clothing,38.93,3
2024-04-03,West,Clothing,61.29,3
2023-11-10,North,Clothing,81.8,4
2024-10-03,East,Electronics,292.9,2
2024-12-28,South,Toys,18.9,4
2024-02-21,West,Clothing,22.71,1
2023-09-10,South,Electronics,516.67,4
2024-05-30,East,Toys,42.1,5
2023-02-05,North,Toys,50.8,1
2024-07-29,South,Toys,12.8,3
2024-12-12,South,Electronics,1093.28,3
2023-12-15,East,Groceries,39.97,2
2024-07-31,west,Clothing,40.72,3
2024-06-29,North,Clothing,80.9,2
2024-02-02,East,Toys,15.32,3
2024-11-05,Central,Toys,41.94,3
2023-05-08,North,Toys,,5
2024-09-27,South,Home & Garden,99.39,5
2023-07-02,South,Groceries,36.42,1
2023-08-21,East,Toys,79.18,4
2024-01-31,East,Groceries,39.47,3
2023-05-15,East,Home & Garden,142.64,1
2024-10-28,South,Clothing,48.11,2
2024-08-27,East,Home & Garden,214.81,2
2023-11-25,East,Groceries,38.76,2
2023-07-30,West,Groceries,36.3,4
2024-05-22,West,Clothing,102.38,2
2024-12-20,Central,Clothing,57.45,2
2024-05-05,South,Clothing,69.32,2
2024-05-16,East,Groceries,27.1,2
2023-06-23,East,Electronics,193.61,5
2024-09-10,South,Home & Garden,57.9,3
2024-01-15,Central,Home & Garden,39.62,2
2024-03-27,North,Electronics,301.34,4
2023-06-13,West,Groceries,30.19,3
2023-01-22,West,Clothing,116.93,3
2023-11-02,North,Toys,34.06,3
2023-05-27,East,Home & Garden,55.46,3
2024-09-17,Central,Clothing,79.2,5
2024-09-15,West,Clothing,100.71,5
2023-12-20,Central,Home & Garden,282.51,2
2023-10-31,West,Home & Garden,253.32,5
2024-06-28,West,Toys,66.76,2
2023-11-02,South,Clothing,77.63,5
2024-11-14,North,Clothing,50.56,3
2024-08-27,North,Toys,75.82,2
2023-05-05,East,Home & Garden,32.45,5
2023-08-10,South,Electronics,755.88,2
2024-01-12,East,Toys,53.23,5
2023-06-04,East,Electronics,716.2,5
2024-07-20,East,Home & Garden,196.89,3
2024-11-14,East,Groceries,32.18,2
2024-05-01,North,Groceries,49.39,3
2023-09-16,East,Clothing,37.17,1
2024-10-01,East,Electronics,489.66,2
2024-10-22,South,Groceries,26.24,5
2023-11-16,West,Home & Garden,57.73,2
2023-05-17,East,Clothing,117.36,5
2023-04-14,North,Groceries,11.76,5
2023-09-24,South,Toys,30.06,5
2024-06-02,North,Toys,50.53,5
2023-05-15,South,Toys,27.69,4
2024-07-13,South,Groceries,24.0,4
2023-03-19,East,Groceries,45.9,3
2024-05-29,Central,Home & Garden,157.47,5
2023-04-06,West,Electronics,335.67,2
2023-10-21,Central,Clothing,117.67,3
2024-03-30,West,Groceries,47.92,2
2023-09-07,North,Home & Garden,220.59,3
2023-11-07,Central,Home & Garden,188.47,3
2023-08-16,East,Groceries,51.79,5
2023-10-29,East,Clothing,33.6,1
2024-12-15,Central,Toys,85.33,1
2023-06-02,Central,Home & Garden,83.76,2
2023-02-19,South,Groceries,19.44,5
2024-09-27,North,Toys,10.48,2
2024-11-10,North,Home & Garden,196.05,3
2024-12-22,West,Clothing,33.26,5
2023-07-18,East,Home & Garden,243.43,1
2023-06-15,North,Electronics,553.75,5
2024-09-05,South,Home & Garden,118.92,1
2023-04-22,East,Groceries,,2
2023-08-11,West,Clothing,60.67,2
2023-05-10,West,Clothing,38.96,3
2023-04-23,West,Clothing,75.79,5
2024-04-22,East,Electronics,324.8,5
2023-01-21,Central,Clothing,80.06,4
2023-12-18,South,Home & Garden,138.77,5
2024-08-31,Central,Groceries,15.54,2
2023-11-01,South,Toys,60.93,4
2023-08-23,North,Groceries,30.48,5
2023-07-10,West,Clothing,118.37,2
2024-05-29,West,Toys,11.28,1
2023-09-13,Central,Groceries,15.85,1
2023-04-19,West,Toys,45.94,5
2024-12-10,Central,Clothing,79.57,2
2023-10-21,North,Clothing,116.3,5
2024-04-28,North,Toys,17.06,1
2024-02-06,North,Toys,63.45,3
2023-05-04,South,Groceries,51.5,2
2023-07-07,West,Toys,14.79,4
2024-06-20,South,Clothing,78.19,2
2023-10-30,West,Home & Garden,271.53,1
2023-06-15,East,Electronics,415.16,3
2024-07-31,West,Clothing,75.26,5
2024-12-01,East,Home & Garden,32.58,5
2023-12-30,Central,Home & Garden,272.93,3
2023-04-20,West,Clothing,99.28,2
2023-02-12,North,Home & Garden,222.89,1
2023-05-04,South,Groceries,31.07,5
2024-10-01,Central,Toys,68.81,3
2023-01-04,East,Electronics,449.12,3
2024-09-14,East,Electronics,592.4,4
2023-11-27,Central,Toys,48.31,4
2024-10-06,South,Electronics,387.7,3
2023-08-29,West,Groceries,12.98,1
2024-10-18,South,Electronics,263.06,4
2024-05-20,East,Groceries,34.43,5
2023-09-21,South,Home & Garden,145.96,5
2023-10-27,East,Clothing,24.93,1
2023-01-02,West,Electronics,198.67,2
2024-04-29,Central,Toys,70.42,2
2024-11-14,South,Clothing,95.54,1
2023-10-28,West,Toys,79.83,5
2024-03-20,West,Groceries,17.82,4
2024-03-03,Central,Groceries,30.17,4
2024-11-19,East,Electronics,690.45,4
2023-11-28,North,Toys,24.85,3
2024-07-09,West,Groceries,46.4,5
2023-02-05,South,Groceries,37.02,1
2024-07-22,East,Groceries,28.47,3
2023-10-12,South,Groceries,29.48,2
2023-07-06,North,Home & Garden,279.73,1
2023-06-30,East,Home & Garden,225.07,5
2024-04-07,West,Groceries,21.51,5
2024-04-09,Central,Home & Garden,201.11,3
2023-10-31,East,Toys,53.73,2
2024-07-25,Central,Electronics,416.37,3
2023-08-15,north,Groceries,38.38,3
2023-06-05,Central,Groceries,47.57,2
2024-07-24,West,Groceries,11.82,3
2023-06-25,West,Groceries,33.21,4
2023-06-17,North,Groceries,24.13,3
2023-10-26,Central,Home & Garden,130.65,2
2023-07-31,West,Clothing,115.33,1
2023-07-06,Central,Electronics,722.65,1
2023-01-24,West,Groceries,54.85,1
2023-05-26,West,Clothing,38.9,2
2024-01-29,North,Groceries,19.84,3
2024-04-08,South,Electronics,171.14,1
2023-06-22,East,Groceries,36.34,2
2024-01-01,West,Groceries,43.39,4
2024-01-16,Central,Groceries,48.77,3
2024-10-05,South,Toys,64.52,3
2024-04-23,South,Groceries,10.82,5
2024-08-11,North,Home & Garden,51.06,1
2024-10-14,East,Clothing,58.26,1
2024-04-30,Central,Home & Garden,119.68,3
2023-10-17,South,Home & Garden,259.53,3
2023-06-04,West,Groceries,52.0,3
2024-07-03,North,Groceries,,2
2023-10-09,East,Groceries,28.51,2
2024-10-12,East,Clothing,107.4,5
2024-08-16,North,Electronics,501.95,3
2023-03-22,South,Groceries,12.61,1
2024-11-21,Central,Electronics,638.55,3
2023-07-17,West,Electronics,421.84,3
2023-11-06,East,Groceries,40.05,3
2023-12-31,South,Clothing,78.38,1
2023-10-11,South,Groceries,10.7,5
2024-08-27,West,Groceries,28.0,1
2023-07-21,South,Toys,75.99,3
2024-10-23,Central,Groceries,50.52,1
2023-12-12,Central,Clothing,66.68,5
2024-07-20,Central,Home & Garden,63.12,5
2024-07-04,Central,Groceries,44.61,4
2023-06-27,East,Clothing,,1
2023-09-28,West,Electronics,297.4,3
2023-07-05,East,Home & Garden,100.52,2
2023-01-09,East,Toys,23.05,3
2024-09-08,North,Clothing,34.22,5
2024-05-19,North,Home & Garden,41.72,2
2024-05-02,South,Electronics,830.82,3
2024-09-04,West,Home & Garden,205.53,2
2024-02-11,Central,Electronics,221.67,2
2024-11-26,North,Clothing,114.05,4
2023-02-02,East,Clothing,100.04,4
2023-02-12,North,Home & Garden,26.99,2
2023-07-08,South,Clothing,99.09,5
2023-03-14,East,Clothing,119.94,1
2024-09-24,West,Toys,39.69,4
2023-01-05,West,Electronics,212.17,1
2023-10-27,West,Home & Garden,268.0,2
2023-05-29,North,Electronics,844.66,4
2024-03-09,Central,Toys,79.45,5
2024-05-20,South,Electronics,,2
2024-03-24,North,Groceries,36.29,4
2023-03-12,South,Toys,76.73,5
2023-07-14,North,Groceries,34.86,3
2023-02-24,East,Electronics,578.07,1
2023-11-09,West,Electronics,569.04,4
2024-12-12,West,Electronics,254.59,5
2023-04-09,Central,Electronics,549.51,3
2024-05-29,east,Toys,42.28,1
2024-09-25,Central,Home & Garden,108.28,5
2023-08-15,Central,Clothing,45.97,3
2024-02-10,North,Clothing,21.37,2
2024-06-13,North,Toys,72.36,1
2023-03-15,West,Toys,74.87,3
2023-11-25,West,Toys,69.71,2
2024-09-16,Central,Home & Garden,91.03,5
2024-12-23,East,Toys,72.56,3
2023-01-25,Central,Electronics,764.3,2
2023-03-14,South,Clothing,63.97,2
2024-10-25,Central,Electronics,639.69,5
2024-08-21,West,Electronics,755.12,2
2023-01-08,South,Clothing,56.7,1
2024-10-20,South,Home & Garden,103.47,4
2024-08-03,East,Home & Garden,230.88,2
2024-01-21,Central,Clothing,114.3,5
2023-07-28,North,Clothing,48.16,4
2023-07-10,West,Clothing,47.63,1
2024-07-11,South,Groceries,14.96,1
2023-07-25,East,Clothing,49.04,1
2024-09-05,South,Electronics,695.5,2
2023-09-16,East,Electronics,17204.0,5
2024-01-26,south,Home & Garden,91.07,2
2023-10-22,South,Clothing,105.67,4
2024-11-30,Central,Groceries,22.76,2
2023-09-13,Central,Toys,26.4,4
2023-12-04,North,Toys,34.33,1
2023-10-27,Central,Electronics,508.82,2
2023-02-08,South,Toys,47.28,5
2023-07-23,Central,Home & Garden,210.25,4
2023-06-23,North,Electronics,455.24,5
2023-05-31,West,Toys,66.6,3
2023-09-28,Central,Toys,38.53,1
2023-06-07,East,Electronics,693.01,5
2023-05-02,West,Groceries,13.65,4
2023-08-02,East,Electronics,722.07,3
2023-02-24,South,Toys,57.79,3
2024-02-20,West,Home & Garden,140.97,2
2023-08-18,West,Home & Garden,180.29,3
2023-07-06,West,Groceries,24.25,5
2024-03-31,North,Toys,21.24,1
2024-12-05,north,Home & Garden,247.18,5
2023-07-27,Central,Clothing,23.95,3
2024-11-09,West,Electronics,,4
2024-11-30,North,Groceries,21.18,2
2024-11-10,East,Groceries,,3
2023-11-01,North,Toys,,4
2024-03-18,East,Clothing,115.37,5
2024-06-14,East,Electronics,751.7,1
2023-06-01,West,Electronics,710.08,3
2024-03-27,North,Clothing,106.92,3
2024-06-15,East,Toys,42.85,1
2024-03-09,East,Clothing,49.53,5
2024-02-05,South,Clothing,75.22,1
2024-06-12,South,Electronics,674.9,5
2023-01-30,West,Clothing,78.22,4
2023-10-28,West,Groceries,44.73,3
2023-03-24,Central,Electronics,826.91,3
2023-09-21,West,Home & Garden,255.41,4
2024-04-18,West,Toys,19.01,4
2023-08-07,South,Electronics,519.74,5
2024-12-22,South,Groceries,42.87,5
2024-08-16,West,Groceries,18.99,4
2023-04-09,West,Clothing,36.72,1
2023-04-28,Central,Electronics,881.68,2
2024-05-12,West,Groceries,32.52,4
2023-08-10,West,Groceries,30.26,1
2023-03-06,Central,Groceries,13.6,5
2024-03-21,West,Clothing,35.5,5
2023-10-03,North,Toys,74.99,3
2023-01-29,South,Toys,63.33,3
2023-05-30,East,Toys,24.34,2
2023-05-29,South,Clothing,68.71,3
2023-12-07,East,Toys,85.34,2
2023-02-26,South,Clothing,54.62,5
2023-09-02,Central,Groceries,14.87,3
2023-03-02,Central,Home & Garden,128.63,3
2024-05-21,Central,Clothing,96.22,5
2024-12-23,East,Toys,47.28,3
2024-10-30,East,Electronics,758.72,5
2023-06-13,North,Home & Garden,47.23,2
2023-03-14,North,Electronics,777.33,2
2024-08-24,West,Home & Garden,296.72,3
2024-07-04,East,Home & Garden,85.83,1
2023-01-19,East,Home & Garden,261.58,5
2023-06-15,Central,Home & Garden,105.02,1
2024-08-03,South,Clothing,104.49,1
2024-04-18,West,Toys,32.77,2
2024-09-14,South,Toys,61.42,4
2024-05-02,Central,Clothing,118.95,1
2023-10-30,North,Groceries,46.86,5
2023-05-11,South,Groceries,5.96,3
2023-05-06,Central,Toys,78.38,5
2024-07-27,East,Clothing,108.32,3
2024-05-15,Central,Electronics,813.66,1
2024-11-16,East,Clothing,35.19,1
2024-08-17,Central,Clothing,109.04,2
2023-07-09,Central,Toys,27.92,3
2024-12-20,West,Toys,80.27,4
2024-02-20,East,Home & Garden,69.47,4
2023-12-08,South,Electronics,965.2,2
2024-08-22,South,Clothing,25.93,4
2024-08-30,West,Electronics,743.93,5
2024-02-21,West,Home & Garden,110.35,5
2023-12-19,Central,Groceries,59.86,1
2024-04-06,South,Clothing,81.46,5
2024-01-11,North,Toys,69.16,3
2023-07-13,East,Groceries,53.16,3
2024-08-15,West,Clothing,105.27,4
2024-09-20,South,Electronics,378.65,5
2024-01-10,North,Groceries,28.28,3
2023-01-16,South,Clothing,86.42,5
2024-05-08,north,Clothing,76.09,2
2023-02-13,West,Clothing,84.17,4
2024-01-02,East,Clothing,72.65,3
2023-08-29,Central,Toys,56.46,4
2024-07-07,East,Home & Garden,179.45,5
2023-03-18,East,Clothing,108.27,2
2024-04-21,West,Electronics,173.27,4
2024-03-28,West,Clothing,117.71,2
2023-03-03,North,Clothing,69.02,1
2024-06-28,Central,Toys,70.61,2
2024-10-02,South,Groceries,48.56,3
2024-09-21,East,Home & Garden,,4
2023-07-16,Central,Groceries,28.4,5
2024-05-16,East,Home & Garden,283.2,4
2024-06-19,North,Home & Garden,76.42,4
2023-07-26,West,Clothing,65.33,3
2023-05-02,Central,Electronics,652.77,5
2023-08-25,Central,Groceries,56.48,3
2023-08-13,Central,Groceries,17.28,4
2024-11-04,South,Groceries,22.06,2
2024-11-16,South,Toys,57.1,1
2024-11-10,East,Toys,35.96,5
2024-12-21,Central,Electronics,658.2,4
2023-07-29,Central,Clothing,73.93,4
2024-08-21,Central,Electronics,407.04,3
2023-01-23,North,Groceries,46.73,4
2024-05-07,East,Clothing,87.6,1
2024-04-04,North,Home & Garden,68.8,1
2024-01-10,South,Home & Garden,220.5,1
2024-04-21,Central,Home & Garden,66.87,2
2023-08-14,West,Toys,67.71,2
2024-02-04,East,Toys,29.85,4
2023-11-12,South,Electronics,522.11,4
2023-09-22,South,Home & Garden,187.31,4
2023-11-15,Central,Electronics,452.83,5
2023-11-04,North,Clothing,33.37,4
2024-06-18,West,Clothing,22.73,3
2023-01-21,South,Home & Garden,180.45,2
2024-02-20,Central,Home & Garden,281.22,5
2024-01-05,Central,Clothing,72.42,4
2024-03-21,West,Clothing,92.74,4
2024-08-25,Central,Toys,28.27,4
2023-07-13,South,Groceries,44.99,2
2023-02-27,East,Groceries,55.45,3
2024-02-26,West,Clothing,51.33,3
2023-08-29,Central,Groceries,59.0,3
2024-11-24,Central,Clothing,110.47,4
2024-07-14,South,Clothing,30.71,1
2024-11-01,North,Home & Garden,277.68,3
2023-05-03,North,Groceries,27.52,5
2024-05-12,Central,Clothing,78.03,1
2023-01-08,East,Toys,33.12,1
2023-09-21,West,Electronics,241.73,5
2024-11-11,East,Home & Garden,298.92,2
2023-10-31,South,Clothing,,2
2024-04-02,North,Clothing,47.28,3
2024-08-05,East,Toys,74.38,3
2023-09-11,West,Toys,11.07,2
2024-06-22,East,Clothing,33.06,1
2023-04-28,east,Home & Garden,199.97,1
2023-08-06,Central,Toys,38.62,5
2023-08-28,Central,Electronics,250.51,1
2024-12-16,South,Clothing,81.59,4
2024-01-17,South,Toys,26.59,2
2023-05-28,North,Home & Garden,206.57,2
2024-04-29,North,Electronics,813.01,4
2024-03-25,South,Home & Garden,175.85,2
2024-12-12,East,Toys,74.5,3
2023-12-02,East,Groceries,11.32,1
2024-04-15,North,Home & Garden,93.51,3
2023-08-04,Central,Electronics,350.91,2
2023-11-24,South,Toys,47.49,4
2024-12-26,North,Groceries,10.24,1
2023-05-25,West,Toys,20.9,1
2024-10-15,North,Clothing,49.48,4
2023-05-11,East,Groceries,52.26,3
2023-03-18,East,Home & Garden,255.51,2
2023-05-31,South,Electronics,408.9,5
2024-01-06,North,Groceries,30.1,4
2023-01-05,Central,Toys,38.36,2
2023-09-17,Central,Toys,11.93,5
2023-08-21,South,Groceries,56.58,2
2024-10-01,West,Toys,53.62,4
2023-07-14,East,Toys,14.25,2
2023-12-14,Central,Home & Garden,106.52,4
2023-05-01,Central,Groceries,44.16,2
2024-02-28,Central,Clothing,104.6,1
2023-04-04,west,Clothing,19.05,4
2024-12-17,East,Home & Garden,40.07,1
2024-06-29,East,Groceries,19.88,5
2024-01-03,Central,Groceries,48.43,2
2023-11-06,Central,Electronics,586.41,1
2023-06-09,East,Clothing,80.07,4
2023-11-10,Central,Groceries,30.46,3
2024-11-17,West,Electronics,532.8,2
2024-06-16,East,Groceries,46.69,1
2023-05-13,Central,Electronics,403.04,5
2024-04-20,south,Groceries,40.01,5
2024-01-08,South,Clothing,58.9,1
2023-01-10,West,Electronics,400.77,3
2023-01-25,East,Home & Garden,108.02,3
2023-06-06,West,Groceries,18.99,1
2024-10-23,South,Electronics,162.92,5
2024-02-25,Central,Electronics,390.03,3
2024-12-29,North,Home & Garden,211.17,2
2023-01-06,East,Toys,21.54,1
2023-06-24,West,Toys,48.32,2
2024-02-28,West,Electronics,182.83,1
2023-08-31,West,Toys,66.48,3
2023-05-12,North,Home & Garden,216.83,4
2023-01-28,North,Home & Garden,68.12,3
2023-11-07,East,Groceries,7.39,4
2024-08-03,East,Home & Garden,294.31,2
2023-11-25,Central,Home & Garden,230.28,5
2024-05-11,West,Groceries,49.06,3
2023-06-10,South,Home & Garden,232.75,3
2023-04-15,West,Clothing,62.31,2
2023-05-04,West,Home & Garden,55.66,4
2024-05-24,Central,Home & Garden,107.44,1
2024-04-07,South,Clothing,87.56,1
2023-02-01,Central,Electronics,767.48,2
2024-09-23,South,Clothing,30.94,5
2024-06-12,West,Electronics,374.74,3
2023-12-09,East,Electronics,455.04,4
2024-08-01,Central,Home & Garden,63.52,5
2023-05-09,South,Clothing,72.96,5
2024-02-16,West,Electronics,393.74,3
2024-09-23,central,Toys,76.68,4
2023-03-26,West,Groceries,18.3,5
2023-11-27,West,Electronics,741.43,4
2023-06-08,West,Home & Garden,131.62,1
2024-07-19,West,Electronics,552.68,2
2023-04-09,West,Electronics,464.64,4
2023-07-24,central,Clothing,59.02,1
2024-02-02,Central,Clothing,66.56,2
2024-07-16,North,Home & Garden,202.76,3
2024-03-10,Central,Toys,22.52,3
2024-08-28,West,Clothing,51.4,5
2023-07-03,South,Home & Garden,98.77,3
2023-02-04,North,Clothing,80.99,1
2024-09-24,West,Groceries,,2
2023-02-07,West,Clothing,73.47,1
2023-09-13,East,Toys,14.3,3
2024-05-30,Central,Clothing,101.19,4
2024-07-11,South,Electronics,600.05,1
2023-04-11,West,Electronics,889.55,2
2023-11-04,North,Groceries,49.13,3
2023-04-22,East,Toys,23.07,4
2024-12-15,South,Groceries,53.69,5
2024-01-20,North,Toys,45.31,3
2023-09-19,South,Home & Garden,98.63,3
2024-12-19,West,Toys,48.23,3
2023-07-05,North,Groceries,18.33,2
2023-08-06,South,Groceries,26.71,5
2023-08-01,Central,Groceries,35.07,4
2023-04-30,East,Clothing,33.07,4
2024-01-01,West,Toys,51.79,3
2024-11-15,Central,Home & Garden,181.83,4
2023-10-04,East,Groceries,8.01,4
2023-02-08,South,Clothing,44.49,2
2024-12-19,Central,Home & Garden,266.88,2
2023-04-29,North,Groceries,14.44,2
2024-03-07,West,Toys,22.28,2
2023-10-18,East,Toys,24.69,1
2024-02-12,East,Electronics,885.71,3
2023-02-06,North,Groceries,43.55,5
2023-05-10,central,Electronics,173.09,3
2024-11-14,East,Home & Garden,126.61,5
2023-02-03,South,Clothing,44.66,4
2024-03-07,East,Groceries,43.02,1
2024-02-05,East,Electronics,187.62,2
2023-10-26,East,Clothing,94.71,2
2023-09-26,West,Electronics,306.89,2
2023-02-02,North,Groceries,37.65,2
2023-01-09,West,Toys,18.92,5
2024-12-08,Central,Electronics,865.4,5
2023-05-18,Central,Clothing,31.34,2
2024-04-14,East,Electronics,677.72,5
2024-07-19,West,Toys,68.47,4
2024-08-25,North,Home & Garden,97.17,2
2024-12-25,North,Clothing,104.61,2
2023-11-03,West,Groceries,23.23,2
2024-10-06,Central,Home & Garden,280.91,4
2024-10-13,West,Clothing,91.79,3
2023-07-30,South,Groceries,45.33,3
2023-04-09,Central,Clothing,19.86,1
2023-03-14,West,Home & Garden,215.83,3
2023-11-04,Central,Home & Garden,41.68,3
2023-01-24,South,Clothing,116.16,5
2023-10-25,Central,Toys,22.74,5
2024-03-16,North,Electronics,752.8,4
2023-07-17,South,Electronics,560.47,4
2024-06-23,North,Clothing,29.57,4
2023-07-31,North,Toys,61.79,1
2024-10-05,South,Toys,24.78,1
2024-09-18,Central,Electronics,566.92,3
2023-11-10,North,Home & Garden,120.74,3
2023-04-27,East,Groceries,58.68,2
2024-11-20,South,Toys,55.15,3
2023-02-05,North,Home & Garden,283.1,2
2024-10-11,East,Groceries,18.99,5
2024-03-10,East,Home & Garden,179.68,1
2024-06-23,North,Home & Garden,245.55,3
2024-05-23,Central,Groceries,38.07,4
2023-08-10,East,Toys,15.52,2
2024-07-20,East,Electronics,726.98,1
2024-01-03,West,Clothing,34.66,3
2024-01-29,central,Electronics,634.92,4
2024-06-28,Central,Clothing,115.46,1
2024-09-30,Central,Home & Garden,72.16,1
2024-09-29,south,Clothing,84.01,3
2024-09-29,Central,Toys,20.05,4
2023-05-11,South,Groceries,40.48,4
2024-11-18,East,Home & Garden,165.97,1
2024-03-21,Central,Electronics,392.04,5
2024-09-02,West,Home & Garden,286.27,3
2023-09-01,South,Electronics,215.9,1
2024-03-27,Central,Electronics,512.01,1
2023-10-27,North,Home & Garden,243.19,2
2023-03-25,North,Groceries,45.61,4
2024-09-15,West,Home & Garden,81.8,3
2023-08-21,South,Toys,32.97,4
2023-12-25,North,Home & Garden,286.82,4
2024-08-21,West,Toys,26.11,2
2023-05-24,South,Home & Garden,148.19,3
2024-06-29,North,Toys,53.04,4
2023-04-06,Central,Groceries,32.48,3
2024-07-14,South,Toys,72.29,4
2023-03-24,South,Clothing,20.61,1
2023-02-05,North,Toys,61.29,5
2024-11-22,Central,Toys,12.35,3
2024-04-15,South,Toys,46.34,4
2024-01-16,Central,Groceries,34.37,4
2023-12-12,Central,Clothing,110.54,5
2024-07-01,South,Electronics,396.86,2
2023-02-14,North,Electronics,253.41,2
2023-02-28,South,Toys,59.46,5
2023-07-10,West,Home & Garden,61.65,5
2023-11-30,North,Toys,48.62,5
2024-08-30,West,Toys,30.69,1
2024-09-01,west,Clothing,43.42,1
2024-01-27,West,Toys,62.02,1
2024-05-16,North,Toys,44.3,2
2023-09-24,North,Clothing,58.39,2
2023-02-24,West,Home & Garden,298.41,2
2023-01-13,East,Home & Garden,136.92,3
2023-11-21,North,Electronics,758.6,3
2023-08-31,north,Clothing,58.19,2
2023-07-28,Central,Toys,40.25,1
2023-08-28,west,Electronics,169.07,5
2023-01-15,East,Home & Garden,131.33,1
2023-10-12,North,Home & Garden,65.09,2
2024-09-07,South,Electronics,735.76,5
2024-11-29,West,Electronics,423.04,4
2023-06-20,Central,Home & Garden,58.42,5
2024-11-05,East,Groceries,34.36,5
2024-04-29,North,Clothing,58.34,1
2024-06-30,Central,Electronics,756.17,4
2024-11-06,North,Toys,27.79,3
2023-12-10,west,Groceries,8.83,1
2023-10-05,North,Home & Garden,135.61,4
2024-07-16,Central,Home & Garden,204.97,4
2023-04-08,North,Groceries,50.19,4
2023-04-07,East,Electronics,852.71,5
2023-01-01,West,Groceries,15.0,5
2024-07-18,East,Groceries,9.51,3
2024-01-01,Central,Toys,72.32,3
2024-11-05,South,Clothing,66.8,1
2023-08-31,north,Electronics,335.67,1
2024-06-15,West,Clothing,15.58,5
2024-08-23,West,Groceries,43.25,1
2024-07-14,Central,Groceries,29.61,5
2024-02-28,West,Groceries,22.26,2
2024-07-19,South,Electronics,861.5,4
2023-04-30,East,Clothing,25.14,1
2024-10-11,Central,Toys,26.44,5
2023-02-22,Central,Home & Garden,78.83,3
2023-12-18,West,Home & Garden,201.71,3
2023-03-24,South,Groceries,10.14,4
2024-11-22,Central,Home & Garden,244.11,4
2023-08-01,North,Groceries,17.16,3
2023-08-06,West,Home & Garden,211.04,3
2023-11-26,West,Electronics,814.35,3
2024-02-29,Central,Electronics,324.13,5
2023-01-27,Central,Electronics,832.22,4
2024-05-21,East,Clothing,32.37,4
2023-08-06,Central,Home & Garden,217.69,2
2024-07-11,North,Toys,40.12,1
2024-01-24,West,Groceries,16.62,2
2023-04-13,West,Groceries,14.0,5
2023-10-11,Central,Home & Garden,20.91,2
2024-01-19,East,Home & Garden,118.73,4
2023-07-26,East,Home & Garden,206.55,1
2024-06-20,east,Home & Garden,201.16,5
2023-06-21,East,Clothing,19.66,2
2023-05-01,central,Home & Garden,132.81,4
2023-08-14,West,Electronics,776.65,1
2023-02-19,South,Clothing,50.5,1
2023-02-15,West,Home & Garden,85.49,3
2024-03-01,North,Electronics,245.83,1
2023-06-13,East,Clothing,29.38,3
2023-02-08,West,Electronics,698.49,1
2024-10-25,South,Groceries,57.83,2
2024-11-24,Central,Toys,36.76,4
2024-04-25,South,Toys,40.35,5
2023-11-16,North,Toys,53.44,3
2023-02-26,West,Electronics,,5
2024-07-01,Central,Home & Garden,241.09,2
2024-01-23,West,Home & Garden,292.99,5
2023-09-15,Central,Clothing,100.86,3
2023-02-15,South,Electronics,,1
2023-08-03,North,Electronics,782.73,5
2023-10-25,North,Electronics,311.16,2
2024-08-31,Central,Groceries,,5
2023-04-12,North,Home & Garden,161.24,3
2024-12-11,Central,Electronics,978.42,4
2024-09-22,North,Home & Garden,268.6,5
2023-11-10,West,Toys,78.54,5
2024-02-10,West,Clothing,22.3,1
2024-01-13,South,Groceries,6.26,5
2023-01-28,North,Home & Garden,212.25,2
2024-12-08,Central,Home & Garden,279.51,1
2024-02-11,Central,Home & Garden,199.37,5
2023-11-03,North,Groceries,49.16,3
2024-01-22,East,Home & Garden,287.01,2
2023-12-07,North,Groceries,49.0,5
2023-10-04,North,Groceries,28.61,2
2023-04-13,North,Home & Garden,118.35,4
2023-11-14,South,Clothing,111.79,2
2023-06-19,West,Toys,78.45,3
2023-10-09,North,Electronics,385.52,2
2024-12-18,East,Home & Garden,102.79,3
2024-05-04,North,Electronics,280.0,4
2023-11-21,West,Toys,74.82,4
2024-11-04,Central,Toys,59.4,1
2023-03-02,central,Home & Garden,42.32,5
2023-05-19,Central,Groceries,51.7,2
2023-01-29,Central,Toys,30.25,5
2023-11-12,North,Toys,54.93,1
2023-04-22,South,Toys,52.73,3
2024-11-15,Central,Electronics,224.1,1
2024-07-23,North,Home & Garden,21.41,4
2024-01-04,East,Home & Garden,133.28,3
2023-01-20,West,Clothing,57.12,1
2023-11-19,South,Electronics,245.34,1
2023-05-22,South,Clothing,65.74,2
2024-11-22,South,Clothing,71.7,5
2023-01-04,West,Toys,23.6,4
2023-09-16,south,Home & Garden,52.76,4
2023-04-19,South,Groceries,45.25,1
2024-12-30,North,Groceries,26.84,4
2024-03-26,East,Electronics,532.09,2
2024-07-31,Central,Electronics,551.1,4
2023-09-04,North,Electronics,871.99,5
2024-06-26,West,Electronics,266.55,3
2024-06-17,east,Home & Garden,159.02,2
2024-08-22,Central,Home & Garden,138.21,1
2024-05-27,East,Toys,44.9,2
2023-11-05,South,Clothing,97.09,3
2023-10-20,central,Toys,51.89,5
2023-05-06,North,Toys,23.73,2
2024-12-29,East,Groceries,23.37,2
2023-06-27,Central,Home & Garden,228.4,3
2023-02-01,North,Home & Garden,20.38,3
2024-03-08,West,Electronics,256.76,3
2024-11-25,Central,Electronics,855.86,2
2024-04-23,West,Clothing,62.0,1
2024-04-11,Central,Toys,52.05,4
2023-04-11,East,Clothing,30.23,4
2023-01-10,West,Electronics,261.5,4
2023-04-19,Central,Toys,11.25,3
2023-07-06,East,Electronics,475.48,4
2024-03-04,North,Home & Garden,225.06,3
2023-06-08,West,Clothing,63.78,3
2024-05-21,Central,Electronics,873.8,3
2024-05-07,North,Clothing,16.66,1
2024-09-26,North,Electronics,874.89,5
2023-11-07,South,Clothing,111.69,1
2024-01-04,South,Electronics,728.23,1
2024-04-28,West,Toys,48.58,1
2023-10-21,East,Groceries,32.09,4
2024-12-05,West,Toys,104.49,5
2023-10-10,West,Toys,27.37,5
2024-09-02,West,Groceries,38.38,3
2024-01-19,Central,Home & Garden,74.8,4
2024-12-26,Central,Clothing,49.32,1
2024-07-18,Central,Home & Garden,292.41,2
2024-02-16,North,Toys,31.3,1
2024-02-17,North,Electronics,395.29,2
2024-03-15,Central,Electronics,434.27,5
2024-02-04,East,Toys,14.52,1
2023-04-17,Central,Home & Garden,28.54,1
2023-04-01,central,Electronics,811.29,2
2023-09-09,Central,Groceries,22.22,4
2024-12-05,North,Groceries,8.06,3
2024-11-28,South,Toys,38.14,2
2024-10-11,North,Toys,43.06,5
2024-01-18,Central,Toys,18.87,4
2023-12-04,South,Electronics,1155.62,2
2024-01-06,East,Home & Garden,220.57,3
2023-01-28,South,Electronics,671.16,4
2023-10-29,East,Clothing,46.62,5
2023-06-02,South,Clothing,46.22,3
2024-07-31,South,Toys,55.14,3
2023-06-22,South,Groceries,8.14,5
2023-08-12,North,Home & Garden,260.37,5
2024-11-30,South,Clothing,17.94,2
2024-07-27,South,Toys,73.33,4
2023-11-28,South,Toys,16.39,3
2023-12-27,West,Groceries,25.08,5
2023-03-24,Central,Clothing,16.63,1
2023-10-12,West,Electronics,567.64,5
2023-07-02,West,Groceries,58.92,1
2023-02-18,West,Electronics,363.41,4
2024-12-20,Central,Toys,28.07,3
2024-08-07,west,Clothing,58.62,4
2024-03-15,South,Toys,32.01,1
2023-02-07,Central,Home & Garden,144.94,4
2023-10-01,South,Clothing,37.42,5
2023-03-21,North,Electronics,847.44,5
2023-12-23,North,Home & Garden,145.98,2
2024-10-21,North,Groceries,26.36,5
2023-08-31,Central,Toys,73.45,2
2023-02-14,Central,Groceries,34.58,5
2023-04-04,East,Toys,79.37,1
2023-08-01,East,Home & Garden,103.7,5
2024-02-25,Central,Clothing,85.97,4
2023-12-07,North,Clothing,81.03,3
2023-06-21,East,Clothing,85.46,1
2024-10-19,East,Electronics,413.61,2
2024-09-21,East,Home & Garden,73.55,2
2023-03-26,North,Toys,64.2,3
2024-05-09,North,Home & Garden,81.79,4
2023-07-28,West,Electronics,228.53,5
2024-04-30,North,Home & Garden,78.55,4
2023-06-09,East,Groceries,10.14,5
2024-05-30,East,Groceries,12.47,3
2023-01-01,North,Toys,66.15,1
2024-03-08,South,Groceries,59.5,3
2024-01-08,North,Electronics,474.87,3
2024-10-03,North,Electronics,588.04,3
2024-06-11,South,Home & Garden,84.16,2
2024-10-19,West,Electronics,722.87,5
2024-10-26,South,Toys,60.3,1
2023-01-31,North,Clothing,,4
2023-11-19,North,Groceries,50.87,4
2023-12-14,South,Clothing,56.3,2
2024-01-14,West,Electronics,,3
2024-08-04,North,Clothing,105.43,2
2024-10-29,West,Clothing,103.71,1
2024-05-06,East,Toys,19.12,5
2024-02-11,West,Groceries,10.54,3
2024-06-20,West,Groceries,47.47,3
2023-04-29,West,Groceries,,1
2024-05-25,South,Toys,30.55,2
2024-10-24,East,Toys,17.09,5
2024-07-31,East,Toys,45.18,1
2024-09-06,East,Electronics,650.51,4
2024-05-31,Central,Groceries,35.24,5
2024-08-18,Central,Toys,50.13,1
2023-02-19,East,Groceries,38.77,5
2023-05-13,South,Electronics,425.93,3
2023-08-05,Central,Home & Garden,154.84,3
2023-05-07,Central,Toys,48.98,1
2024-02-18,East,Clothing,67.74,3
2023-12-18,North,Clothing,44.96,3
2024-03-05,South,Home & Garden,85.1,4
2024-09-11,East,Clothing,111.39,1
2023-08-29,East,Home & Garden,36.11,4
2023-03-31,East,Electronics,535.08,2
2023-06-17,North,Electronics,809.45,4
2023-12-12,North,Home & Garden,84.26,4
2024-01-12,West,Electronics,664.55,4
2023-09-29,North,Groceries,46.97,3
2024-10-29,East,Groceries,49.15,1
2023-02-15,North,Toys,73.11,3
2024-09-18,Central,Groceries,31.05,2
2023-03-15,East,Clothing,56.02,5
2023-10-09,East,Electronics,383.16,5
2024-02-22,North,Toys,35.68,2
2023-02-28,West,Groceries,23.03,3
2023-03-29,West,Electronics,768.85,5
2023-05-23,North,Clothing,49.3,4
2023-08-10,West,Groceries,25.01,1
2024-11-20,West,Clothing,73.44,1
2023-05-13,North,Home & Garden,290.24,3
2024-12-24,North,Clothing,117.1,4
2024-09-15,East,Groceries,55.7,5
2024-10-09,East,Groceries,23.33,2
2023-12-07,North,Clothing,63.46,1
2023-09-13,East,Toys,48.75,4
2023-11-07,North,Electronics,162.79,3
2023-10-11,Central,Toys,34.67,3
2023-10-23,Central,Home & Garden,56.77,5
2024-09-11,North,Groceries,35.89,2
2024-07-28,West,Home & Garden,163.49,4
2023-09-08,South,Groceries,29.14,3
2024-06-29,South,Home & Garden,271.57,2
2023-03-23,East,Groceries,17.44,1
2023-06-01,East,Groceries,28.82,1
2023-06-27,North,Toys,55.34,4
2024-07-30,East,Home & Garden,216.21,2
2024-09-12,South,Clothing,99.25,2
2024-02-22,North,Toys,28.41,5
2024-05-30,west,Electronics,253.49,5
2024-06-16,Central,Groceries,34.44,3
2024-06-22,East,Groceries,32.33,2
2024-10-20,North,Clothing,114.65,4
2023-12-12,West,Home & Garden,97.24,3
2023-12-08,Central,Electronics,675.63,5
2023-01-01,North,Electronics,729.18,4
2024-01-07,Central,Electronics,516.12,5
2023-02-13,Central,Electronics,442.59,1
2024-08-20,North,Home & Garden,211.44,3
2024-10-30,West,Electronics,171.56,3
2023-08-04,North,Home & Garden,207.55,2
2024-06-25,West,Clothing,41.09,1
2023-06-05,South,Electronics,453.95,1
2024-04-18,East,Groceries,22.92,2
2023-09-21,Central,Toys,25.52,5
2024-09-06,Central,Toys,46.29,3
2023-08-08,East,Electronics,863.28,4
2024-12-24,Central,Groceries,30.21,2
2024-01-25,North,Clothing,15.13,2
2024-04-27,Central,Home & Garden,195.92,5
2024-01-25,North,Home & Garden,25.05,5
2023-03-18,East,Toys,25.43,1
2023-06-17,Central,Toys,52.18,5
2023-09-29,Central,Home & Garden,83.09,3
2024-07-09,East,Home & Garden,95.76,4
2024-06-09,North,Toys,76.95,3
2024-12-27,West,Home & Garden,90.32,3
2024-06-20,East,Home & Garden,68.89,1
2023-02-28,South,Home & Garden,74.0,2
2023-08-22,North,Toys,18.0,4
2023-09-15,Central,Home & Garden,110.1,2
2023-03-14,South,Groceries,7.91,3
2024-06-12,West,Home & Garden,189.68,3
2024-07-21,South,Electronics,333.82,3
2024-07-26,East,Groceries,50.83,4
2023-11-27,East,Electronics,386.45,1
2024-05-24,West,Clothing,73.99,4
2023-01-08,East,Electronics,303.75,3
2023-03-09,East,Home & Garden,97.01,1
2023-05-23,East,Groceries,36.52,1
2024-12-24,South,Groceries,16.94,3
2023-01-19,North,Groceries,47.17,2
2024-06-14,Central,Groceries,37.41,3
2023-08-19,Central,Clothing,79.68,4
2024-10-28,East,Home & Garden,206.61,1
2023-12-06,South,Groceries,41.1,1
2023-01-30,west,Toys,40.74,1
2023-08-10,East,Toys,75.62,5
2023-08-31,North,Home & Garden,177.84,4
2024-05-27,East,Toys,70.21,4
2023-11-07,North,Clothing,32.84,2
2024-11-21,South,Electronics,661.18,3
2024-01-31,North,Toys,39.9,5
2023-06-29,South,Clothing,19.41,4
2024-04-17,North,Electronics,640.61,5
2024-07-18,East,Clothing,37.87,3
2023-07-29,East,Home & Garden,31.23,5
2023-11-16,East,Toys,45.7,3
2023-05-13,South,Electronics,215.28,4
2024-10-01,west,Clothing,88.27,3
2024-01-15,South,Home & Garden,84.43,4
2024-11-14,South,Groceries,21.52,5
2024-05-16,West,Toys,64.87,1
2023-01-23,west,Toys,38.94,5
2024-04-22,Central,Home & Garden,,3
2023-05-27,North,Toys,52.05,1
2024-01-29,West,Toys,76.07,1
2024-01-28,North,Electronics,292.12,1
2023-01-16,North,Home & Garden,68.77,5
2024-07-08,South,Toys,41.81,5
2023-07-09,West,Groceries,33.03,1
2023-12-12,South,Toys,67.46,4
2023-05-08,West,Home & Garden,217.2,4
2024-07-02,central,Clothing,,2
2023-07-16,east,Groceries,55.34,1
2023-07-15,South,Groceries,49.07,2
2024-04-19,Central,Electronics,825.84,3
2023-04-27,North,Groceries,34.16,2
2023-07-02,South,Clothing,49.59,3
2023-12-28,South,Home & Garden,56.38,5
2024-08-03,East,Groceries,29.71,5
2023-01-20,central,Home & Garden,43.98,1
2023-07-14,West,Groceries,12.52,3
2024-03-08,Central,Clothing,60.68,3
2023-08-12,Central,Clothing,48.59,5
2024-05-17,South,Electronics,577.88,3
2023-09-26,North,Groceries,52.83,1
2024-08-21,North,Electronics,534.75,5
2024-04-18,South,Home & Garden,162.56,3
2024-01-21,West,Clothing,115.66,1
2024-04-01,Central,Toys,42.78,5
2024-03-16,North,Home & Garden,80.5,4
2024-02-25,East,Electronics,279.58,2
2023-04-19,Central,Clothing,50.77,5
2024-01-20,South,Clothing,91.61,2
2024-03-24,South,Groceries,36.9,2
2024-08-16,East,Clothing,104.1,4
2023-02-20,Central,Groceries,36.94,5
2023-09-30,north,Groceries,41.77,2
2023-11-27,East,Clothing,103.92,3
2023-09-28,Central,Groceries,52.26,2
2023-07-03,West,Electronics,659.66,3
2023-01-03,North,Groceries,56.49,2
2023-10-29,East,Clothing,27.22,1
2024-03-21,East,Home & Garden,208.77,2
2023-11-21,Central,Home & Garden,37.63,5
2024-07-29,West,Clothing,66.77,1
2023-10-14,Central,Toys,44.5,3
2024-09-23,East,Clothing,97.9,1
2023-12-26,South,Home & Garden,74.34,4
2024-01-30,West,Home & Garden,238.76,4
2024-12-31,West,Clothing,107.87,3
2023-12-03,South,Clothing,52.35,2
2024-12-22,East,Groceries,25.57,3
2023-09-13,Central,Electronics,824.24,4
2023-08-01,West,Toys,45.14,3
2023-04-14,West,Clothing,15.87,2
2024-09-06,West,Home & Garden,,5
2024-10-26,West,Home & Garden,120.03,5
2023-03-04,West,Home & Garden,188.91,1
2023-07-24,North,Groceries,25.11,3
2024-04-06,East,Toys,27.32,3
2023-02-01,North,Electronics,229.02,3
2023-08-20,East,Groceries,44.2,3
2024-11-29,East,Groceries,39.82,2
2024-04-01,West,Home & Garden,47.02,5
2024-08-20,North,Clothing,81.76,3
2023-10-21,east,Clothing,119.25,3
2024-07-22,West,Electronics,838.12,4
2023-06-17,South,Clothing,118.87,5
2023-12-31,north,Electronics,300.43,4
2024-07-05,Central,Electronics,452.52,1
2023-01-30,Central,Clothing,36.05,1
2023-02-17,East,Groceries,53.93,2
2024-02-16,Central,Groceries,58.24,5
2024-09-09,South,Toys,42.82,1
2024-06-20,West,Electronics,586.11,3
2024-04-21,West,Electronics,187.58,5
2024-08-24,South,Groceries,41.7,1
2024-05-10,North,Groceries,52.9,1
2023-09-22,south,Groceries,45.07,1
2024-10-24,West,Home & Garden,110.6,3
2023-10-19,South,Clothing,65.99,2
2023-06-30,South,Home & Garden,288.92,1
2024-04-10,East,Home & Garden,142.02,4
2024-08-05,Central,Toys,75.96,4
2024-09-14,South,Clothing,111.06,2
2023-12-23,West,Clothing,35.5,1
2024-04-28,East,Groceries,45.03,5
2023-05-04,West,Home & Garden,214.21,3
2023-07-14,central,Groceries,50.5,4
2023-08-25,East,Toys,46.61,5
2023-10-01,North,Toys,25.75,2
2023-02-12,West,Groceries,47.55,5
2023-10-18,West,Clothing,73.3,5
2024-02-04,West,Groceries,57.49,1
2024-06-12,Central,Home & Garden,148.64,2
2024-01-25,South,Toys,28.39,1
2024-11-01,West,Electronics,507.27,2
2024-06-13,North,Groceries,35.93,1
2023-10-01,South,Toys,58.96,3
2023-10-20,West,Home & Garden,154.88,2
2023-01-08,East,Electronics,688.84,3
2023-03-14,West,Groceries,15.78,5
2024-08-29,Central,Groceries,35.84,3
2024-12-30,Central,Toys,41.56,4
2023-04-07,Central,Electronics,672.02,2
2023-08-03,North,Clothing,93.82,1
2023-05-25,West,Groceries,59.25,1
2023-11-10,North,Electronics,849.93,1
2024-11-02,North,Home & Garden,,3
2024-08-02,East,Electronics,778.52,1
2023-03-12,South,Electronics,617.81,5
2024-11-23,North,Clothing,42.89,2
2024-09-13,East,Electronics,648.75,3
2024-02-02,West,Clothing,65.97,3
2023-02-11,East,Home & Garden,121.19,3
2023-05-03,South,Groceries,49.8,5
2023-05-22,North,Toys,63.55,3
2023-01-18,West,Clothing,69.73,5
2024-11-29,East,Electronics,600.43,3
2024-04-09,West,Clothing,32.48,3
2024-10-20,South,Groceries,9.09,4
2023-05-24,South,Groceries,,4
2024-07-08,North,Groceries,51.71,1
2024-04-05,South,Clothing,28.55,2
2024-04-17,North,Home & Garden,30.09,1
2023-03-30,West,Clothing,67.11,5
2023-04-04,North,Toys,29.18,2
2023-02-26,Central,Electronics,765.94,5
2024-04-23,South,Clothing,113.08,1
2023-10-17,West,Clothing,42.26,3
2023-04-09,Central,Toys,47.69,5
2023-04-10,North,Toys,47.89,4
2023-12-18,North,Groceries,20.68,3
2023-06-29,East,Electronics,,2
2023-01-31,East,Electronics,420.18,3
2023-01-31,West,Groceries,18.31,4
2024-01-18,East,Toys,64.55,2
2023-09-18,east,Clothing,28.39,1
2024-04-05,East,Home & Garden,142.61,1
2023-08-26,South,Toys,31.82,3
2024-10-05,Central,Electronics,618.93,1
2023-05-27,South,Home & Garden,164.66,1
2024-09-16,Central,Home & Garden,293.12,3
2023-01-16,south,Groceries,49.03,2
2023-01-13,Central,Electronics,538.7,4
2024-02-17,West,Electronics,487.4,3
2023-04-20,East,Clothing,118.58,1
2024-12-14,South,Home & Garden,181.73,5
2023-07-01,East,Home & Garden,65.7,2
2024-04-14,South,Groceries,50.92,1
2023-02-04,South,Clothing,43.25,1
2024-11-11,Central,Home & Garden,84.57,1
2024-08-27,North,Electronics,828.98,3
2024-09-07,North,Groceries,29.98,5
2024-09-21,East,Toys,66.87,4
2024-05-30,North,Clothing,35.33,1
2023-01-25,West,Clothing,47.88,3
2024-09-06,Central,Home & Garden,262.95,5
2024-12-12,North,Toys,74.43,3
2023-11-12,Central,Toys,43.99,3
2023-01-23,East,Groceries,41.17,1
2023-01-10,Central,Electronics,374.7,5
2023-02-07,South,Toys,61.27,2
2024-06-07,East,Clothing,38.44,1
2024-07-27,Central,Toys,65.63,2
2024-03-10,East,Groceries,38.39,5
2023-06-29,West,Electronics,176.09,4
2024-02-11,Central,Electronics,620.7,1
2024-09-20,Central,Clothing,56.3,4
2023-10-22,West,Clothing,107.5,1
2024-06-02,central,Groceries,49.94,1
2023-10-12,South,Clothing,118.04,1
2024-12-06,Central,Toys,41.11,5
2023-12-15,East,Groceries,50.36,3
2023-08-06,South,Clothing,110.47,3
2023-06-02,North,Home & Garden,178.32,3
2023-11-13,Central,Groceries,18.01,4
2023-12-10,East,Clothing,86.28,1
2024-02-01,East,Clothing,105.85,5
2024-12-03,East,Toys,98.73,2
2024-02-02,Central,Groceries,46.72,1
2023-12-18,Central,Electronics,1019.38,3
2023-09-04,East,Clothing,35.37,2
2023-04-29,West,Toys,53.13,4
2023-06-19,Central,Toys,,1
2024-11-02,East,Clothing,65.24,4
2024-11-12,East,Home & Garden,114.49,2
2024-11-04,North,Home & Garden,47.82,1
2023-07-30,Central,Toys,75.92,1
2024-03-11,south,Groceries,35.68,1
2023-07-02,central,Clothing,49.32,2
2024-08-28,North,Clothing,110.88,5
2024-10-06,North,Clothing,23.45,2
2023-03-24,North,Clothing,48.5,3
2024-04-07,Central,Toys,27.61,1
2023-09-25,East,Groceries,50.12,1
2024-01-22,North,Groceries,22.65,2
2023-08-07,East,Electronics,166.19,3
2023-01-19,South,Electronics,634.95,2
2024-05-03,North,Toys,67.69,5
2024-06-20,Central,Clothing,96.33,4
2023-10-12,North,Groceries,9.5,4
2024-07-29,North,Clothing,117.01,3
2023-04-03,North,Clothing,99.17,4
2024-11-10,West,Toys,67.07,3
2023-01-21,East,Clothing,56.68,2
2024-03-05,Central,Toys,33.62,1
2023-01-22,South,Toys,18.77,3
2024-05-04,North,Home & Garden,163.73,4
2024-10-18,South,Toys,73.4,4
2024-01-04,West,Home & Garden,54.63,1
2024-11-11,East,Groceries,54.4,3
2023-07-16,East,Toys,68.21,4
2024-12-29,East,Home & Garden,247.69,5
2023-04-27,West,Groceries,31.0,5
2024-02-27,East,Toys,13.73,3
2023-12-18,West,Home & Garden,112.63,1
2023-06-23,North,Toys,22.44,1
2024-10-27,South,Clothing,66.72,5
2024-05-22,East,Groceries,59.49,2
2024-08-06,South,Toys,51.73,2
2024-11-12,East,Electronics,249.24,4
2024-10-22,north,Electronics,733.05,1
2023-09-10,East,Toys,44.07,3
2023-09-01,Central,Groceries,57.13,4
2023-07-14,East,Electronics,717.84,4
2024-07-23,South,Electronics,811.23,1
2023-01-01,South,Home & Garden,107.28,2
2024-11-21,East,Electronics,826.6,3
2023-06-16,South,Home & Garden,67.63,1
2023-09-19,Central,Clothing,56.85,3
2024-05-11,South,Toys,71.57,4
2023-08-12,West,Toys,62.64,3
2024-10-27,West,Clothing,90.22,2
2023-09-24,West,Home & Garden,193.22,4
2024-01-12,West,Toys,,2
2023-03-12,South,Toys,21.18,1
2023-05-18,East,Groceries,32.63,1
2023-06-20,East,Toys,18.63,5
2024-02-05,South,Home & Garden,246.96,2
2024-09-06,East,Clothing,110.92,4
2023-04-30,East,Groceries,28.51,4
2023-05-03,north,Toys,67.37,4
2023-08-09,East,Clothing,49.57,1
2023-11-22,West,Toys,56.05,4
2024-04-13,West,Clothing,116.71,1
2023-05-04,South,Home & Garden,41.01,3
2023-05-29,West,Toys,32.5,3
2023-04-10,West,Toys,16.7,5
2024-12-15,Central,Electronics,1088.68,2
2024-03-14,West,Clothing,106.4,4
2024-10-12,East,Clothing,48.16,1
2024-05-27,East,Electronics,302.89,2
2023-06-08,Central,Toys,40.24,2
2024-11-22,South,Clothing,71.62,1
2024-01-22,east,Groceries,46.5,4
2024-06-19,East,Toys,12.16,3
2024-04-01,Central,Groceries,14.77,4
2023-03-01,North,Electronics,471.86,4
2024-05-21,West,Home & Garden,203.21,2
2023-11-13,Central,Clothing,40.94,5
2024-01-29,North,Home & Garden,93.75,5
2023-07-01,Central,Toys,12.61,5
2024-08-26,Central,Home & Garden,64.45,4
2024-03-25,Central,Home & Garden,74.71,3
2024-04-14,North,Clothing,85.64,1
2023-10-01,West,Electronics,249.62,3
2024-07-20,West,Toys,50.92,2
2023-05-06,South,Home & Garden,200.42,2
2024-10-26,East,Home & Garden,177.57,1
2024-09-04,North,Home & Garden,54.75,1
2024-12-06,East,Clothing,77.1,4
2024-06-01,east,Groceries,43.79,3
2023-01-15,West,Home & Garden,201.32,4
2024-12-19,East,Home & Garden,159.37,4
2024-02-22,West,Clothing,72.82,4
2023-06-11,West,Clothing,81.18,1
2024-01-05,Central,Toys,53.72,5
2024-08-17,South,Electronics,645.7,2
2023-05-31,South,Home & Garden,199.98,1
2023-10-27,North,Groceries,54.24,1
2024-05-05,North,Home & Garden,46.53,3
2024-12-31,West,Toys,67.94,2
2023-11-24,West,Electronics,657.43,4
2024-08-07,North,Toys,43.96,2
2023-06-23,Central,Toys,40.91,5
2023-02-01,West,Groceries,52.14,5
2024-09-22,West,Electronics,252.88,5
2024-10-10,West,Toys,77.14,5
2023-11-24,West,Clothing,55.35,5
2024-03-21,South,Toys,75.57,4
2023-08-20,South,Clothing,72.17,4
2023-08-09,West,Electronics,727.53,4
2024-06-11,North,Clothing,114.33,3
2024-08-05,West,Clothing,99.5,4
2024-01-01,East,Groceries,40.4,4
2024-02-25,Central,Groceries,21.55,1
2024-03-05,North,Clothing,95.4,2
2023-03-29,South,Clothing,17.42,3
2023-08-29,East,Groceries,48.52,3
2023-12-03,East,Home & Garden,98.59,3
2023-04-19,South,Groceries,22.04,5
2024-12-30,West,Electronics,710.16,4
2024-08-02,Central,Toys,41.4,4
2024-01-10,South,Groceries,50.26,1
2023-08-13,South,Clothing,75.12,3
2024-01-27,Central,Electronics,702.9,4
2024-05-06,North,Electronics,811.83,5
2024-06-10,South,Groceries,53.88,1
2023-04-08,west,Electronics,517.28,1
2024-05-04,West,Groceries,17.41,1
2024-07-11,east,Electronics,184.75,3
2024-12-24,South,Electronics,253.14,3
2023-04-20,West,Clothing,83.66,3
2024-11-03,North,Groceries,59.31,2
2024-10-13,South,Home & Garden,31.41,4
2023-01-14,North,Toys,68.59,1
2024-06-10,North,Toys,15.81,3
2024-11-30,Central,Clothing,57.36,1
2023-09-18,South,Home & Garden,24.7,5
2023-03-16,Central,Groceries,10.19,1
2024-07-29,Central,Toys,56.42,5
2023-02-12,West,Home & Garden,297.23,2
2023-03-16,East,Groceries,57.34,5
2023-02-06,South,Clothing,62.71,5
2023-08-03,North,Home & Garden,296.95,4
2024-06-19,West,Groceries,8.03,4
2023-07-03,South,Home & Garden,249.74,1
2023-02-16,West,Electronics,817.44,4
2024-04-09,South,Toys,25.91,5
2023-12-29,North,Toys,47.34,2
2023-07-05,South,Toys,47.24,5
2023-07-07,West,Toys,37.64,4
2024-04-29,North,Toys,73.73,4
2024-03-06,West,Toys,17.33,2
2023-07-30,East,Home & Garden,43.87,4
2023-09-20,East,Toys,23.63,4
2024-11-21,North,Electronics,729.02,1
2023-01-11,North,Groceries,52.36,3
2024-06-09,East,Groceries,55.58,5
2023-10-19,north,Toys,45.02,2
2024-05-11,East,Clothing,91.5,4
2024-10-16,West,Toys,28.99,4
2024-01-09,West,Home & Garden,161.51,3
2024-02-27,South,Groceries,17.99,1
2023-12-24,Central,Electronics,1061.6,4
2024-01-22,West,Electronics,366.97,5
2024-10-13,West,Clothing,57.12,1
2023-12-22,North,Clothing,42.95,4
2024-03-13,East,Electronics,888.5,3
2023-03-12,South,Groceries,42.41,3
2023-02-10,South,Clothing,32.57,5
2024-01-15,West,Clothing,51.92,2
2023-02-10,Central,Toys,38.16,3
2024-08-23,Central,Home & Garden,160.22,4
2024-06-14,South,Electronics,896.24,5
2024-08-21,East,Groceries,,5
2024-02-29,West,Groceries,20.42,2
2023-08-16,West,Electronics,,5
2023-09-01,South,Home & Garden,114.37,4
2023-07-01,East,Home & Garden,230.02,1
2024-12-09,central,Toys,62.12,3
2024-12-04,central,Toys,53.6,2
2023-05-20,West,Electronics,357.54,2
2024-11-13,Central,Electronics,541.35,1
2023-12-03,West,Home & Garden,26.08,2
2024-11-10,Central,Electronics,151.59,5
2024-08-24,South,Home & Garden,123.3,2
2024-07-02,East,Electronics,409.02,4
2023-06-29,Central,Clothing,88.24,1
2024-08-22,South,Groceries,13.28,2
2023-10-04,west,Home & Garden,245.6,4
2024-04-17,North,Groceries,55.16,5
2023-09-03,Central,Clothing,63.77,1
2024-02-06,North,Groceries,13.41,1
2024-07-13,North,Groceries,18.25,1
2024-08-11,Central,Electronics,383.18,3
2024-09-04,East,Groceries,28.2,2
2023-04-02,Central,Toys,57.52,3
2024-09-30,West,Toys,15.86,3
2024-12-09,Central,Clothing,,2
2023-10-11,South,Electronics,251.43,4
2024-12-14,West,Home & Garden,99.93,4
2024-10-03,East,Groceries,22.48,4
2023-01-07,West,Groceries,46.11,3
2023-12-17,South,Groceries,12.99,4
2024-04-02,west,Electronics,633.09,2
2023-08-04,Central,Home & Garden,272.19,4
2023-09-13,South,Groceries,33.4,1
2024-07-31,South,Clothing,43.57,2
2023-10-03,East,Clothing,66.77,2
2023-08-05,Central,Toys,10.3,5
2024-10-20,West,Electronics,607.68,5
2024-04-22,East,Clothing,104.23,5
2024-05-11,West,Clothing,91.89,5
2023-08-24,East,Clothing,110.08,5
2024-03-25,Central,Electronics,333.74,4
2023-11-29,North,Electronics,640.08,4
2023-05-03,north,Electronics,391.72,1
2023-03-25,Central,Clothing,91.93,4
2023-12-15,North,Clothing,72.89,4
2023-11-01,West,Clothing,69.36,3
2024-04-03,East,Home & Garden,143.17,5
2024-09-26,North,Groceries,16.34,5
2024-02-28,Central,Electronics,522.75,4
2024-10-07,North,Toys,35.39,4
2024-03-04,West,Home & Garden,115.96,5
2024-05-11,East,Toys,69.85,1
2024-04-04,West,Clothing,50.1,2
2024-11-30,East,Home & Garden,145.34,5
2023-08-22,West,Home & Garden,120.77,4
2023-02-10,East,Home & Garden,28.89,2
2024-10-23,East,Electronics,871.67,3
2024-07-09,West,Electronics,438.31,5
2023-07-24,East,Groceries,34.34,4
2024-10-06,East,Clothing,37.44,4
2024-07-18,Central,Clothing,101.54,2
2023-10-14,North,Clothing,66.04,3
2023-07-06,East,Home & Garden,261.95,5
2024-09-27,North,Home & Garden,229.58,1
2023-08-10,Central,Groceries,17.09,4
2024-09-28,West,Clothing,46.93,1
2024-04-08,north,Groceries,38.39,4
2024-01-05,West,Toys,54.85,4
2023-08-31,central,Toys,55.64,1
2023-02-15,West,Electronics,270.17,5
2023-10-15,South,Electronics,450.98,1
2024-05-19,West,Electronics,625.1,1
2023-11-08,South,Electronics,289.36,5
2024-07-03,South,Electronics,422.1,1
2024-11-17,South,Home & Garden,126.3,4
2024-10-26,East,Home & Garden,284.21,2
2023-05-29,South,Electronics,880.74,2
2023-07-30,West,Home & Garden,234.0,1
2023-11-25,South,Toys,36.02,4
2024-01-08,North,Electronics,206.79,4
2023-03-30,South,Electronics,461.25,2
2024-02-08,East,Home & Garden,96.03,2
2024-02-13,West,Home & Garden,,2
2024-10-12,West,Electronics,575.23,1
2024-02-08,Central,Groceries,31.04,1
2023-06-01,South,Home & Garden,107.14,4
2023-09-21,North,Groceries,51.83,4
2024-10-06,West,Toys,25.73,3
2023-08-12,Central,Clothing,25.13,1
2024-10-06,East,Groceries,58.63,3
2024-12-17,Central,Clothing,54.26,2
2023-08-07,West,Home & Garden,160.2,5
2024-10-11,West,Groceries,20.91,4
2024-10-02,East,Groceries,24.95,4
2023-03-27,North,Electronics,774.91,3
2024-02-26,South,Electronics,211.15,5
2024-11-17,North,Clothing,97.71,5
2023-02-01,West,Home & Garden,22.78,3
2023-11-27,South,Toys,26.35,2
2023-10-29,North,Home & Garden,132.58,2
2023-03-05,West,Groceries,,1
2023-06-22,East,Clothing,105.89,2
2023-02-25,North,Toys,58.06,5
2024-03-22,North,Groceries,34.13,2
2023-07-26,North,Toys,60.8,2
2024-02-05,East,Electronics,547.52,5
2024-08-14,Central,Electronics,837.48,3
2023-11-02,Central,Electronics,881.43,5
2024-02-19,West,Groceries,18.48,5
2023-12-21,North,Clothing,104.12,2
2024-08-26,South,Groceries,5.86,1
2024-02-26,South,Clothing,78.44,2
2024-01-02,North,Groceries,14.91,4
2024-09-08,North,Electronics,824.25,2
2024-07-28,North,Toys,22.04,4
2023-04-03,East,Clothing,60.38,1
2023-08-07,South,Clothing,40.23,5
2023-09-19,North,Groceries,52.34,3
2023-08-10,West,Home & Garden,235.34,2
2023-12-18,South,Toys,109.52,2
2024-06-24,North,Groceries,24.42,5
2024-03-31,Central,Clothing,91.08,3
2023-12-05,West,Electronics,696.0,4
2023-08-01,South,Clothing,104.47,3
2024-03-09,Central,Electronics,626.93,2
2023-01-02,West,Home & Garden,90.5,2
2024-10-10,East,Toys,41.15,5
2024-01-19,west,Clothing,61.15,4
2023-01-27,Central,Toys,,4
2024-10-23,East,Toys,68.45,5
2023-05-12,Central,Electronics,511.08,4
2024-04-04,South,Clothing,46.06,1
2024-07-21,Central,Home & Garden,246.55,2
2023-10-19,East,Clothing,56.56,3
2023-12-10,North,Electronics,385.5,3
2024-12-31,East,Groceries,33.22,3
2023-05-05,West,Clothing,66.67,5
2024-08-12,Central,Toys,10.31,4
2024-02-24,North,Clothing,115.41,5
2024-06-23,West,Toys,57.02,5
2024-07-05,Central,Home & Garden,187.22,3
2024-06-15,South,Electronics,431.91,5
2024-09-12,West,Groceries,57.08,4
2024-12-25,Central,Home & Garden,146.44,1
2024-01-25,West,Clothing,108.29,4
2023-01-04,West,Groceries,19.35,2
2024-06-17,Central,Electronics,732.78,1
2023-10-27,East,Home & Garden,234.92,5
2023-05-30,North,Groceries,34.93,4
2023-10-10,North,Home & Garden,172.28,5
2024-08-19,North,Electronics,614.77,3
2023-11-19,West,Home & Garden,169.16,4
2024-08-22,West,Groceries,41.7,3
2024-03-11,South,Electronics,610.58,1
2024-01-19,West,Clothing,16.97,4
2024-02-27,East,Home & Garden,264.15,2
2024-06-02,East,Groceries,,5
2023-02-05,East,Electronics,219.05,4
2023-10-30,North,Electronics,389.82,2
2023-12-21,North,Home & Garden,273.16,2
2023-06-30,Central,Groceries,34.7,5
2023-05-03,Central,Electronics,152.38,2
2023-08-11,Central,Electronics,881.62,3
2023-05-20,West,Electronics,475.34,1
2023-08-12,South,Clothing,16.13,5
2023-05-05,central,Clothing,29.61,2
2024-01-30,South,Toys,47.6,4
2024-12-05,East,Electronics,241.64,3
2023-09-08,North,Home & Garden,67.03,2
2024-08-30,West,Home & Garden,162.46,3
2024-12-07,South,Toys,60.82,3
2023-01-08,South,Clothing,103.05,5
2023-07-28,East,Home & Garden,53.57,3
2023-09-29,North,Groceries,33.74,5
2023-06-20,North,Toys,50.55,1
2024-10-04,Central,Clothing,25.57,1
2024-05-11,West,Home & Garden,186.63,2
2023-06-30,East,Home & Garden,110.95,3
2024-03-18,East,Electronics,426.27,2
2024-12-10,North,Electronics,294.11,4
2024-06-06,East,Groceries,45.34,2
2023-11-25,West,Home & Garden,193.46,4
2024-10-28,North,Toys,65.35,5
2023-07-28,Central,Clothing,74.38,4
2023-09-24,East,Clothing,100.85,5
2024-07-24,West,Electronics,408.9,4
2024-10-24,east,Groceries,,4
2024-04-04,South,Groceries,57.78,1
2023-07-25,South,Toys,28.99,4
2024-07-18,West,Electronics,279.04,1
2024-08-26,North,Toys,20.71,3
2023-05-21,West,Electronics,886.3,5
2024-12-22,North,Clothing,31.09,3
2023-01-15,North,Home & Garden,177.57,4
2023-11-13,East,Groceries,43.21,5
2024-05-14,West,Home & Garden,262.53,4
2024-06-30,East,Groceries,30.19,5
2024-08-23,North,Home & Garden,244.69,3
2024-08-23,Central,Home & Garden,37.48,1
2024-03-22,North,Clothing,47.85,5
2024-01-16,South,Home & Garden,225.35,4
2024-08-28,Central,Toys,30.56,2
2024-01-01,North,Groceries,51.55,2
2024-01-30,South,Home & Garden,30.29,4
2024-03-28,north,Groceries,45.32,3
2023-10-31,West,Home & Garden,270.04,3
2023-06-10,South,Toys,75.21,2
2023-05-08,East,Toys,23.44,5
2023-05-24,North,Home & Garden,287.3,5
2023-06-18,East,Groceries,42.55,3
2023-03-24,West,Clothing,32.58,1
2024-11-12,Central,Home & Garden,241.96,1
2024-03-12,South,Groceries,28.72,4
2024-06-02,Central,Home & Garden,49.61,2
2023-10-11,North,Electronics,176.37,5
2023-04-25,Central,Home & Garden,24.41,1
2023-12-08,North,Electronics,738.17,3
2023-02-11,East,Toys,38.46,5
2023-10-26,West,Toys,18.34,3
2023-01-04,South,Clothing,28.34,1
2023-10-21,East,Home & Garden,160.24,3
2023-04-12,East,Toys,66.42,4
2024-06-10,West,Home & Garden,101.82,3
2024-05-07,West,Clothing,98.92,2
2023-11-26,South,Electronics,240.35,4
2024-06-14,Central,Toys,57.98,3
2024-03-07,South,Groceries,27.78,2
2023-06-20,West,Electronics,150.99,5
2024-01-17,central,Home & Garden,65.75,3
2024-05-19,South,Toys,39.72,3
2024-10-30,East,Home & Garden,153.92,5
2024-09-05,South,Home & Garden,74.7,3
2024-07-02,South,Electronics,705.92,1
2023-08-28,West,Groceries,17.21,5
2023-06-17,West,Electronics,184.2,2
2023-12-15,Central,Toys,55.68,1
2024-04-02,West,Clothing,74.15,2
2023-09-21,East,Toys,64.49,5
2023-01-28,East,Groceries,27.21,5
2024-08-16,East,Toys,46.55,2
2023-01-25,Central,Home & Garden,37.44,4
2024-06-08,West,Toys,,4
2024-06-17,West,Electronics,786.98,4
2023-12-20,East,Clothing,95.61,2
2024-06-22,South,Home & Garden,253.17,5
2024-07-20,North,Toys,14.93,3
2023-03-10,East,Clothing,57.55,2
2023-03-24,Central,Home & Garden,244.62,1
2023-11-23,South,Groceries,9.79,4
2024-06-03,South,Electronics,725.85,2
2024-02-29,West,Toys,69.11,4
2024-03-28,North,Electronics,235.48,5
2024-01-25,Central,Electronics,774.19,1
2023-12-30,East,Home & Garden,64.27,3
2023-03-14,West,Clothing,18.41,5
2024-08-28,Central,Home & Garden,289.44,2
2024-06-09,West,Electronics,497.07,2
2023-11-15,Central,Groceries,37.88,4
2024-09-01,Central,Clothing,66.48,1
2023-08-22,Central,Home & Garden,295.36,3
2023-07-14,West,Toys,60.02,4
2023-11-05,West,Toys,63.44,5
2024-08-30,North,Home & Garden,88.13,3
2023-04-01,East,Toys,58.5,5
2023-02-05,North,Groceries,38.67,3
2024-11-10,South,Toys,74.46,1
2024-12-16,East,Toys,97.72,1
2024-03-27,East,Groceries,42.45,4
2023-05-31,North,Toys,45.64,1
2023-03-08,South,Groceries,37.03,4
2024-09-23,Central,Home & Garden,235.29,3
2023-04-02,North,Clothing,61.15,3
2023-03-31,North,Toys,77.99,1
2023-05-25,West,Home & Garden,46.78,5
2023-12-30,North,Home & Garden,33.76,5
2023-01-10,East,Clothing,68.08,1
2024-02-12,North,Groceries,18.83,4
2023-11-09,West,Home & Garden,69.35,3
2023-07-31,West,Home & Garden,205.84,5
2024-08-03,South,Clothing,89.3,2
2024-02-16,Central,Toys,72.05,1
2023-06-09,North,Clothing,51.33,3
2023-07-16,East,Clothing,38.23,5
2024-03-06,south,Electronics,201.28,3
2023-03-06,East,Clothing,42.37,2
2024-05-03,North,Groceries,13.38,5
2023-10-21,North,Home & Garden,20.63,2
2024-03-25,South,Home & Garden,202.82,2
2023-11-08,West,Clothing,66.28,3
2023-11-28,South,Home & Garden,159.07,2
2024-01-06,east,Groceries,50.04,3
2023-05-25,South,Groceries,6.73,4
2023-08-27,South,Toys,62.21,4
2024-02-03,South,Groceries,40.3,3
2023-06-20,North,Clothing,105.49,1
2024-07-15,South,Electronics,427.65,1
2024-09-19,South,Groceries,5.77,5
2023-03-08,North,Electronics,412.21,3
2024-02-25,West,Toys,34.07,2
2023-07-13,North,Groceries,26.39,1
2023-08-18,East,Toys,25.89,2
2023-08-08,East,Groceries,26.15,2
2023-06-29,East,Home & Garden,211.81,1
2023-08-19,North,Toys,68.18,1
2024-08-26,South,Groceries,13.24,5
2024-01-06,East,Home & Garden,244.13,2
2024-09-25,Central,Toys,16.74,4
2023-10-26,Central,Electronics,727.53,4
2024-12-13,Central,Clothing,100.12,3
2024-08-25,East,Home & Garden,184.83,1
2023-08-01,West,Toys,13.58,3
2024-03-05,Central,Groceries,47.72,3
2024-09-05,West,Clothing,78.55,4
2023-07-22,south,Electronics,294.39,2
2023-05-12,east,Electronics,431.78,2
2024-03-22,East,Toys,35.96,1
2023-04-11,Central,Electronics,688.95,4
2023-06-22,West,Clothing,71.66,3
2024-06-19,South,Home & Garden,243.55,3
2024-10-21,Central,Electronics,727.49,2
2023-04-21,North,Electronics,551.1,5
2023-08-05,Central,Electronics,213.77,5
2023-09-12,East,Electronics,245.53,2
2023-03-02,South,Groceries,36.66,4
2023-07-26,East,Toys,59.6,3
2023-07-23,Central,Toys,21.59,1
2024-02-13,South,Home & Garden,138.54,1
2023-05-19,West,Clothing,62.65,1
2024-06-11,West,Home & Garden,43.69,4
2023-09-04,Central,Home & Garden,126.6,2
2023-04-19,East,Electronics,240.26,3
2024-11-22,Central,Clothing,112.91,4
2023-11-24,South,Electronics,638.52,2
2023-03-19,East,Electronics,189.7,5
2024-11-10,East,Home & Garden,162.87,5
2023-05-03,Central,Toys,13.02,4
2023-06-21,East,Clothing,31.65,5
2024-04-21,West,Home & Garden,189.68,2
2023-03-22,Central,Groceries,14.18,2
2023-12-13,North,Electronics,695.04,1
2024-12-12,South,Clothing,57.84,3
2024-06-23,South,Electronics,369.12,2
2023-01-19,West,Groceries,26.99,5
2023-06-06,South,Groceries,9.71,1
2024-06-18,North,Electronics,436.27,3
2023-09-25,East,Electronics,350.67,5
2023-11-28,North,Electronics,453.65,5
2024-09-11,South,Electronics,833.64,5
2023-08-20,North,Toys,12.83,1
2023-11-17,South,Groceries,21.26,3
2023-02-10,East,Clothing,102.45,3
2023-12-08,South,Clothing,65.7,4
2023-01-03,North,Toys,22.52,3
2023-07-31,North,Groceries,18.35,2
2023-07-27,Central,Home & Garden,246.97,2
2024-03-08,North,Home & Garden,83.17,1
2023-03-21,West,Toys,49.42,1
2023-05-29,East,Toys,71.84,1
2024-11-18,South,Groceries,20.21,1
2023-05-11,West,Clothing,83.63,4
2023-12-12,North,Clothing,18.03,1
2023-12-25,West,Groceries,5.25,5
2024-10-20,South,Home & Garden,297.16,4
2024-02-20,West,Home & Garden,76.63,3
2024-02-23,South,Toys,47.43,2
2023-10-06,South,Groceries,38.3,1
2024-03-06,Central,Toys,76.44,4
2023-06-06,south,Electronics,486.39,1
2023-02-13,East,Groceries,56.78,1
2024-08-06,East,Groceries,,5
2023-02-12,West,Electronics,216.74,1
2024-12-28,North,Electronics,611.61,5
2024-01-05,West,Groceries,58.47,5
2023-06-13,Central,Electronics,579.85,2
2023-07-12,North,Clothing,90.95,2
2024-04-23,South,Home & Garden,287.45,5
2023-08-24,East,Clothing,91.42,1
2024-02-22,South,Toys,61.83,4
2023-03-08,Central,Groceries,16.32,4
2024-08-08,East,Electronics,416.23,4
2023-12-06,West,Toys,28.26,1
2024-04-08,Central,Groceries,58.22,4
2023-09-22,North,Home & Garden,113.03,3
2024-09-03,South,Toys,43.27,4
2023-03-29,North,Clothing,45.06,5
2023-06-04,East,Groceries,56.6,1
2024-05-31,South,Electronics,679.34,1
2023-03-14,East,Toys,18.86,1
2023-06-10,South,Groceries,37.98,1
2024-04-28,Central,Toys,19.48,1
2023-10-02,Central,Home & Garden,209.45,3
2024-09-09,South,Toys,65.06,5
2024-08-26,North,Home & Garden,136.59,4
2024-09-02,East,Groceries,11.59,4
2023-08-03,Central,Electronics,501.84,4
2023-09-07,South,Home & Garden,31.61,1
2023-07-18,West,Home & Garden,215.25,1
2023-06-13,Central,Toys,11.67,2
2024-02-08,South,Groceries,,4
2024-05-21,South,Electronics,346.81,3
2024-11-10,North,Groceries,16.47,3
2023-12-12,West,Toys,68.92,2
2024-07-27,west,Toys,42.77,4
2023-07-24,South,Clothing,118.99,3
2024-05-31,Central,Clothing,35.11,3
2023-02-20,Central,Clothing,20.37,5
2023-05-22,East,Clothing,75.54,3
2023-08-11,North,Toys,48.63,4
2024-03-28,Central,Home & Garden,259.82,2
2024-03-10,Central,Home & Garden,47.59,4
2023-12-04,North,Toys,78.64,5
2023-12-25,Central,Toys,82.12,2
2024-10-15,Central,Electronics,196.2,4
2023-07-19,West,Electronics,463.12,2
2024-10-03,Central,Toys,24.45,5
2023-05-05,North,Groceries,18.34,1
2023-05-22,East,Toys,56.18,5
2024-07-08,East,Home & Garden,259.42,1
2024-11-05,Central,Groceries,9.22,2
2023-02-26,Central,Electronics,527.51,1
2024-01-09,Central,Clothing,85.12,2
2023-08-24,North,Clothing,69.11,2
2024-01-20,North,Home & Garden,103.37,4
2023-12-15,East,Clothing,47.27,5
2023-10-13,South,Groceries,7.4,1
2023-02-21,North,Home & Garden,54.52,1
2024-10-25,East,Clothing,60.11,4
2023-04-15,South,Home & Garden,97.85,5
2023-05-18,West,Electronics,887.43,1
2023-02-26,North,Toys,31.96,2
2023-07-25,West,Home & Garden,52.28,3
2023-04-19,East,Home & Garden,55.41,4
2024-02-13,South,Home & Garden,91.72,3
2024-09-14,Central,Clothing,81.28,5
2024-11-05,South,Clothing,66.8,1
2023-04-12,West,Groceries,5.66,2
2023-02-24,West,Toys,74.55,1
2024-07-16,North,Home & Garden,214.15,2
2024-04-20,Central,Toys,31.6,1
2024-07-05,North,Home & Garden,65.94,2
2023-09-23,Central,Groceries,42.93,5
2024-06-16,South,Toys,17.07,2
2024-07-16,South,Home & Garden,80.03,3
2023-10-29,East,Toys,51.97,1
2023-04-25,West,Groceries,42.17,4
2024-11-04,North,Home & Garden,22.05,2
2024-10-15,North,Groceries,57.33,4
2024-03-27,West,Clothing,36.07,4
2024-07-02,East,Clothing,103.49,3
2024-11-02,Central,Clothing,55.09,4
2024-06-13,East,Toys,23.0,4
2024-08-24,North,Groceries,25.12,4
2024-04-28,East,Toys,56.75,3
2024-03-04,North,Groceries,58.65,5
2024-04-11,East,Home & Garden,296.7,5
2023-10-29,north,Clothing,116.17,4
2024-06-16,West,Clothing,28.18,2
2023-03-03,West,Electronics,453.86,2
2023-10-19,South,Clothing,31.36,2
2023-12-13,East,Groceries,34.38,1
2024-06-07,West,Clothing,73.15,3
2023-08-20,Central,Home & Garden,292.25,2
2023-07-25,Central,Clothing,2066.75,5
2023-12-27,Central,Groceries,53.63,3
2023-10-15,West,Home & Garden,155.14,5
2023-02-07,North,Toys,73.25,3
2024-04-21,South,Toys,64.25,1
2024-10-13,central,Home & Garden,26.01,5
2024-12-20,West,Clothing,50.51,1
2024-09-23,West,Groceries,47.33,1
2024-12-03,East,Toys,40.47,3
2023-10-16,Central,Home & Garden,284.91,2
2023-01-07,South,Electronics,343.68,5
2024-09-04,East,Groceries,13.72,4
2024-02-05,Central,Groceries,39.06,4
2024-09-27,South,Electronics,779.37,4
2024-08-27,East,Home & Garden,147.75,4
2023-08-26,Central,Toys,30.11,1
2023-08-09,West,Home & Garden,64.96,3
2024-03-01,South,Home & Garden,235.33,3
2023-06-26,South,Electronics,292.24,2
2024-10-24,West,Home & Garden,228.43,3
2024-07-11,North,Clothing,29.02,4
2023-01-06,West,Toys,29.42,4
2023-01-21,Central,Home & Garden,237.48,4
2024-03-15,North,Toys,32.25,3
2023-11-05,West,Electronics,366.53,3
2024-02-04,East,Toys,21.31,1
2024-12-28,East,Home & Garden,43.62,4
2024-01-17,North,Groceries,32.14,4
2023-02-10,West,Toys,47.09,5
2023-03-27,South,Electronics,759.31,5
2023-08-21,East,Toys,33.08,3
2023-10-01,Central,Electronics,765.21,4
2023-09-01,North,Clothing,73.4,5
2023-03-12,West,Clothing,86.9,5
2024-09-01,Central,Electronics,490.18,3
2023-11-23,Central,Toys,43.78,5
2023-12-04,Central,Electronics,1127.42,2
2023-06-04,East,Groceries,52.58,3
2024-01-29,North,Groceries,,4
2024-12-31,South,Home & Garden,87.86,5
2023-06-25,South,Clothing,80.97,1
2023-09-13,North,Clothing,116.68,3
2024-09-01,West,Clothing,110.58,4
2023-01-15,Central,Groceries,48.87,3
2024-09-30,Central,Toys,51.13,3
2023-03-22,South,Groceries,,2
2023-12-26,West,Toys,37.55,5
2023-12-12,West,Electronics,706.88,2
2023-09-22,West,Toys,14.08,2
2023-04-01,South,Toys,54.78,3
2023-12-14,central,Toys,61.19,1
2023-02-01,East,Electronics,560.22,1
2024-09-24,East,Electronics,585.94,1
2024-03-01,South,Home & Garden,158.0,2
2023-12-15,East,Groceries,50.36,3
2024-06-21,East,Home & Garden,276.22,2
2023-04-27,West,Groceries,33.13,2
2023-12-12,West,Home & Garden,157.81,4
2024-01-21,West,Toys,45.31,5
2024-11-03,West,Home & Garden,289.62,1
2024-04-10,North,Toys,25.6,1
2024-02-04,East,Toys,74.96,3
2024-12-22,South,Groceries,11.29,1
2024-03-16,West,Toys,47.98,3
2024-12-22,East,Clothing,51.47,4
2023-09-02,South,Clothing,91.22,4
2024-06-11,West,Home & Garden,111.64,1
2024-03-11,East,Electronics,770.19,3
2024-10-13,North,Home & Garden,289.95,1
2023-02-21,North,Clothing,103.59,5
2023-06-26,Central,Home & Garden,216.8,1
2024-10-16,west,Electronics,849.47,2
2024-10-28,North,Clothing,31.93,5
2024-11-05,Central,Home & Garden,254.63,5
2023-02-10,Central,Toys,38.16,3
2023-06-15,South,Toys,77.85,2
2023-04-30,Central,Toys,53.58,5
2023-07-09,South,Home & Garden,79.87,4
2024-04-23,Central,Home & Garden,80.67,3
2024-10-05,West,Home & Garden,245.89,2
2023-08-15,South,Clothing,28.22,2
2023-11-19,West,Home & Garden,64.49,4
2024-10-25,central,Toys,37.41,3
2024-03-31,South,Home & Garden,197.77,1
2023-11-05,South,Toys,73.77,5
2023-07-12,South,Home & Garden,125.42,5
2024-12-17,Central,Groceries,47.19,1
2023-11-28,North,Home & Garden,244.52,2
2024-03-02,Central,Groceries,51.2,4
2024-10-22,Central,Toys,26.13,3
2024-08-27,Central,Clothing,48.84,1
2023-01-24,North,Home & Garden,23.75,4
2024-08-18,West,Toys,60.3,4
2023-08-13,East,Groceries,21.79,5
2023-01-05,East,Toys,35.94,4
2024-07-27,North,Groceries,28.76,4
2024-03-12,East,Toys,67.38,4
2023-06-24,South,Groceries,8.72,5
2023-11-29,Central,Electronics,367.18,3
2024-10-27,East,Home & Garden,226.56,1
2023-09-12,Central,Toys,42.19,3
2024-10-22,South,Electronics,610.04,1
2023-05-26,North,Toys,52.21,1
2023-03-04,Central,Home & Garden,293.69,5
2024-12-08,West,Clothing,78.93,1
2023-05-23,West,Toys,65.38,3
2023-01-08,West,Electronics,547.38,1
2024-08-18,West,Electronics,411.05,4
2024-11-15,Central,Home & Garden,236.36,5
2024-12-05,North,Home & Garden,193.52,2
2024-02-23,East,Home & Garden,88.61,2
2024-08-13,West,Home & Garden,98.28,2
2023-06-25,West,Electronics,477.53,2
2024-09-19,North,Electronics,566.54,2
2024-07-07,Central,Clothing,114.24,5
2023-05-16,Central,Home & Garden,172.76,2
2023-04-28,South,Clothing,80.58,5
2023-06-16,Central,Clothing,52.88,3
2023-02-05,East,Home & Garden,89.87,2
2023-09-17,North,Toys,76.63,1
2023-12-03,Central,Toys,111.7,2
2023-05-16,west,Clothing,116.84,1
2023-05-26,East,Home & Garden,226.08,5
2023-05-25,North,Electronics,821.64,4
2024-06-25,South,Clothing,99.42,3
2023-01-12,West,Home & Garden,290.96,2
2024-08-26,South,Clothing,76.7,4
2023-12-01,east,Toys,40.15,4
2023-10-14,West,Toys,32.41,3
2024-09-12,South,Toys,27.82,3
2023-11-09,Central,Clothing,18.52,1
2024-10-27,East,Clothing,89.78,5
2024-06-08,West,Groceries,33.38,5
2024-01-29,Central,Home & Garden,240.56,5
2023-09-14,East,Home & Garden,53.25,4
2023-06-12,West,Toys,23.08,1
2023-11-02,South,Toys,42.77,1
2023-06-03,Central,Groceries,20.22,3
2024-05-18,East,Home & Garden,259.39,3
2023-04-28,South,Toys,74.01,3
2024-06-21,Central,Electronics,641.01,1
2023-01-11,South,Toys,68.67,5
2024-08-16,East,Clothing,,5
2023-05-09,South,Groceries,7.7,5
2023-04-01,West,Electronics,484.33,4
2023-11-12,South,Toys,46.02,1
2023-07-09,Central,Home & Garden,76.33,1
2024-09-21,South,Clothing,40.44,1
2023-07-01,East,Toys,41.1,5
2024-09-07,North,Groceries,33.97,5
2023-06-21,East,Electronics,448.97,5
2023-05-08,East,Electronics,253.42,2
2024-12-09,Central,Home & Garden,226.88,1
2024-09-28,South,Clothing,86.31,2
2023-01-08,West,Groceries,35.68,1
2023-06-13,South,Toys,16.69,3
2024-05-09,East,Home & Garden,274.92,1
2024-07-29,North,Home & Garden,50.6,2
2023-01-15,West,Groceries,16.72,1
2024-04-10,Central,Groceries,31.27,1
2023-05-10,West,Clothing,82.86,3
2024-06-23,Central,Clothing,44.89,1
2024-10-07,Central,Home & Garden,40.63,4
2024-05-14,Central,Groceries,31.08,4
2023-10-20,East,Home & Garden,88.45,2
2023-07-15,West,Toys,74.13,1
2024-07-21,East,Home & Garden,227.22,3
2023-10-14,West,Toys,75.1,2
2023-03-19,Central,Toys,33.88,2
2023-02-06,East,Home & Garden,191.72,1
2023-04-07,West,Groceries,33.04,1
2024-06-07,North,Groceries,24.18,3
2023-05-06,Central,Clothing,113.95,2
2023-05-24,Central,Home & Garden,225.4,4
2024-06-28,North,Electronics,239.99,5
2024-05-25,South,Toys,51.83,5
2023-11-19,West,Electronics,234.06,2
2024-09-15,South,Electronics,480.4,1
2024-02-28,East,Electronics,845.19,3
2023-05-17,Central,Groceries,12.17,3
2023-08-02,South,Clothing,72.84,3
2024-11-27,Central,Toys,67.35,1
2023-07-04,East,Groceries,21.84,2
2023-01-31,South,Groceries,44.06,4
2024-10-01,West,Groceries,42.29,2
2024-06-09,Central,Clothing,45.96,4
2023-07-31,Central,Clothing,84.2,4
2023-03-06,Central,Toys,31.72,1
2023-01-19,North,Toys,54.94,4
2023-02-19,North,Home & Garden,66.49,3
2023-10-29,Central,Toys,67.88,1
2024-05-13,North,Groceries,26.57,3
2024-03-01,South,Clothing,93.3,1
2023-02-17,North,Groceries,,4
2023-04-22,North,Clothing,31.83,3
2024-10-17,West,Clothing,52.22,2
2023-10-20,Central,Home & Garden,285.13,3
2024-09-27,North,Home & Garden,229.58,1
2024-02-19,West,Groceries,8.63,3
2024-01-22,South,Home & Garden,246.09,5
2023-02-17,West,Toys,30.53,5
2023-07-19,west,Groceries,14.83,2
2023-04-05,South,Groceries,34.34,1
2023-10-19,South,Home & Garden,209.02,2
2024-04-10,East,Toys,31.81,4
2024-02-10,East,Toys,27.76,3
2024-03-23,South,Toys,63.35,2
2023-07-16,East,Toys,31.3,5
2023-02-28,North,Home & Garden,289.39,1
2023-08-13,Central,Toys,35.1,5
2024-05-10,North,Home & Garden,92.9,5
2023-04-10,South,Toys,20.4,5
2024-07-03,South,Toys,73.8,2
2024-04-29,East,Clothing,46.19,4
2023-10-16,Central,Groceries,47.61,1
2023-11-19,South,Home & Garden,148.13,1
2024-02-08,North,Electronics,801.3,2
2023-04-01,West,Home & Garden,115.26,4
2024-08-02,East,Electronics,345.55,2
2024-08-28,North,Electronics,,1
2023-04-06,West,Groceries,18.25,3
2023-01-18,North,Home & Garden,61.72,5
2023-07-23,West,Home & Garden,135.05,4
2024-12-16,South,Groceries,38.96,4
2023-02-26,South,Groceries,14.91,4
2023-04-28,North,Groceries,37.36,1
2024-07-18,South,Groceries,43.77,1
2024-12-02,Central,Toys,105.63,4
2023-08-27,East,Groceries,23.4,5
2024-09-21,North,Electronics,739.91,3
2023-09-02,East,Electronics,530.49,1
2024-01-02,south,Toys,46.25,1
2024-12-27,West,Toys,69.8,3
2023-02-09,Central,Toys,67.78,2
2023-03-23,West,Clothing,42.56,1
2024-01-02,East,Clothing,60.47,4
2023-05-04,West,Groceries,21.69,4
2023-01-13,North,Groceries,47.88,5
2023-04-16,Central,Home & Garden,280.94,5
2023-10-03,Central,Toys,63.84,1
2024-06-23,North,Clothing,100.63,3
2024-01-15,South,Groceries,44.77,1
2024-11-08,East,Toys,40.41,1
2023-09-05,South,Electronics,544.66,5
2023-06-23,North,Toys,24.77,4
2023-05-12,north,Electronics,359.49,1
2024-04-18,North,Clothing,19.08,5
2023-04-22,East,Toys,50.87,2
2023-08-10,East,Electronics,775.93,2
2024-08-01,Central,Toys,44.88,3
2024-05-19,South,Electronics,632.6,2
2023-03-21,North,Clothing,78.19,5
2024-04-16,Central,Groceries,49.03,3
2024-08-11,West,Electronics,881.57,2
2024-04-20,West,Clothing,44.89,5
2024-11-20,Central,Groceries,43.49,5
2024-04-03,West,Electronics,638.23,5
2024-12-01,North,Home & Garden,70.54,3
2024-05-13,East,Home & Garden,207.34,3
2023-02-21,South,Home & Garden,40.37,2
2023-04-20,West,Clothing,32.08,2
2023-05-05,South,Clothing,32.4,5
2024-03-07,Central,Clothing,106.03,1
2024-09-24,West,Electronics,231.31,5
2024-01-22,West,Groceries,25.77,4
2024-09-05,West,Groceries,21.57,1
2024-11-06,East,Electronics,826.6,3
2024-01-04,North,Groceries,48.03,5
2023-06-04,South,Electronics,484.08,1
2023-02-26,South,Electronics,790.24,1
2024-05-15,West,Clothing,63.06,1
2023-10-22,Central,Clothing,110.68,1
2024-11-27,East,Clothing,74.29,2
2023-07-04,East,Electronics,682.58,4
2024-02-27,West,Toys,47.49,5
2023-02-04,West,Groceries,5.88,3
2024-07-26,South,Toys,54.8,3
2024-12-07,east,Groceries,45.59,1
2023-06-12,East,Clothing,85.12,3
2023-12-24,West,Groceries,55.0,3
2024-09-01,North,Home & Garden,105.92,2
2023-10-21,West,Clothing,47.34,4
2024-04-20,North,Groceries,30.7,2
2023-02-14,North,Electronics,601.26,5
2023-09-20,North,Clothing,116.66,3
2023-01-25,North,Groceries,14.12,2
2023-07-17,South,Clothing,35.8,1
2024-04-06,Central,Clothing,69.77,5
2023-10-17,East,Clothing,98.74,2
2023-06-19,North,Groceries,39.01,5
2023-10-11,North,Toys,25.59,2
2024-08-14,East,Electronics,397.69,4
2023-01-26,East,Home & Garden,273.5,3
2023-09-07,West,Electronics,331.42,4
2024-06-13,South,Clothing,30.65,3
2023-06-03,North,Electronics,284.48,5
2023-04-06,central,Clothing,118.42,4
2024-11-07,East,Home & Garden,265.13,3
2023-09-29,West,Groceries,45.44,3
2024-05-07,Central,Groceries,15.2,4
2024-05-13,East,Groceries,11.43,5
2024-02-25,west,Home & Garden,236.58,4
2024-01-07,East,Toys,38.75,4
2024-11-07,East,Toys,35.72,4
2024-03-06,East,Electronics,630.9,2
2024-03-21,South,Toys,27.43,4
2023-03-16,Central,Electronics,,2
2024-02-22,South,Clothing,93.59,5
2024-05-16,Central,Home & Garden,165.95,4
2023-09-21,West,Home & Garden,28.83,5
2024-08-27,West,Toys,37.04,4
2023-01-29,East,Home & Garden,182.19,1
2024-08-05,East,Clothing,51.79,2
2024-07-29,North,Clothing,52.15,1
2024-06-20,Central,Toys,40.75,1
2024-10-27,South,Home & Garden,186.93,1
2023-03-31,Central,Clothing,66.3,1
2023-10-24,West,Electronics,622.94,4
2024-12-20,Central,Groceries,52.04,1
2024-11-21,Central,Clothing,60.07,1
2024-01-05,West,Home & Garden,138.36,1
2023-08-03,Central,Groceries,14.27,1
2023-05-27,Central,Electronics,289.92,1
2024-11-26,East,Electronics,677.25,3
2024-11-16,South,Groceries,30.97,2
2023-06-11,West,Toys,71.62,3
2024-01-11,West,Electronics,248.52,4
2023-07-31,West,Home & Garden,6140.25,4
2024-02-03,South,Groceries,37.19,5
2023-06-14,Central,Clothing,59.94,1
2024-05-19,South,Toys,60.93,1
2023-08-12,North,Toys,60.84,3
2024-10-07,Central,Toys,69.73,5
2024-07-16,east,Home & Garden,211.62,2
2023-04-29,West,Electronics,484.11,1
2023-12-02,South,Electronics,807.39,5
2023-09-20,North,Toys,31.32,4
2023-12-29,North,Home & Garden,82.8,3
2024-01-21,East,Clothing,89.76,3
2024-08-19,West,Electronics,283.35,2
2024-04-07,south,Clothing,41.6,4
2024-03-04,West,Electronics,562.54,4
2023-11-29,central,Electronics,867.47,3
2023-04-08,central,Clothing,31.65,1
2023-11-15,West,Home & Garden,210.33,4
2023-01-14,East,Home & Garden,153.47,3
2024-01-19,North,Toys,77.53,3
2024-02-20,West,Toys,57.88,3
2023-11-02,South,Groceries,33.9,1
2024-11-26,South,Home & Garden,113.32,4
2023-04-22,West,Toys,21.85,4
2023-11-05,Central,Clothing,107.09,2
2023-10-14,South,Toys,68.16,1
2023-03-05,Central,Home & Garden,73.83,4
2024-10-14,North,Groceries,51.01,5
2023-10-08,West,Groceries,25.15,4
2023-03-27,West,Electronics,609.88,2
2023-02-18,East,Toys,64.62,5
2024-07-11,west,Clothing,70.77,5
2024-08-02,South,Electronics,242.82,5
2023-04-27,North,Clothing,65.85,2
2023-05-15,West,Groceries,53.68,5
2023-11-23,West,Home & Garden,69.27,1
2023-10-17,Central,Clothing,94.57,4
2023-10-28,Central,Clothing,80.78,1
2024-12-01,East,Electronics,1140.43,1
2023-05-29,East,Electronics,437.63,2
2023-08-26,North,Electronics,383.82,5
2024-02-27,Central,Toys,65.86,3
2023-04-13,North,Clothing,79.02,5
2023-02-11,West,Electronics,706.2,3
2023-11-09,West,Clothing,69.69,3
2023-02-10,North,Clothing,88.2,1
2023-12-16,South,Toys,111.98,5
2023-10-30,East,Electronics,436.02,2
2024-06-18,North,Groceries,30.13,1
2024-11-06,East,Electronics,299.4,4
2024-02-09,south,Electronics,395.58,3
2023-05-03,East,Groceries,34.07,5
2023-05-11,East,Groceries,19.44,3
2024-12-02,Central,Clothing,85.89,4
2024-08-26,East,Home & Garden,285.27,4
2023-07-22,South,Clothing,83.79,4
2024-08-26,North,Toys,51.77,4
2024-11-18,North,Toys,69.37,2
2024-11-07,Central,Toys,33.84,3
2024-09-08,South,Clothing,87.57,4
2024-02-09,South,Electronics,415.82,2
2023-02-24,East,Clothing,105.45,3
2024-08-25,North,Toys,42.22,2
2024-12-11,North,Clothing,63.26,4
2023-10-06,West,Electronics,294.07,1
2023-11-06,North,Toys,24.69,1
2024-01-16,Central,Toys,46.0,1
2023-03-22,East,Groceries,47.57,1
2024-08-06,South,Toys,70.9,5
2024-09-07,South,Home & Garden,84.01,2
2024-01-19,South,Electronics,507.64,1
2023-09-18,North,Toys,60.73,1
2023-05-10,Central,Groceries,19.08,2
2024-03-10,Central,Groceries,32.41,3
2023-10-09,North,Toys,75.35,5
2024-10-24,South,Toys,77.58,5
2023-08-20,Central,Electronics,332.66,3
2023-06-22,Central,Home & Garden,136.98,5
2023-02-18,west,Toys,58.63,1
2024-04-05,South,Clothing,98.31,5
2024-07-02,North,Clothing,41.31,1
2023-05-25,East,Clothing,25.06,3
2023-10-08,South,Home & Garden,92.1,4
2023-03-26,central,Clothing,63.88,2
2023-05-27,North,Clothing,62.78,3
2023-12-17,South,Electronics,1017.45,3
2023-04-12,West,Groceries,6.88,2
2023-09-10,East,Toys,11.43,2
2024-07-09,East,Clothing,106.92,2
2023-03-06,West,Electronics,491.31,5
2024-10-28,South,Clothing,92.67,5
2023-11-16,East,Electronics,524.57,2
2023-06-01,North,Electronics,546.93,1
2024-09-01,Central,Groceries,7.17,2
2023-04-29,South,Electronics,662.26,3
2023-06-28,Central,Clothing,107.8,5
2024-05-02,West,Electronics,218.96,2
2024-02-07,North,Electronics,883.33,4
2023-02-11,East,Home & Garden,96.62,1
2024-08-02,East,Electronics,667.68,1
2024-06-24,East,Clothing,115.38,3
2024-02-18,central,Clothing,117.9,3
2023-12-08,South,Toys,93.23,2
2023-06-21,North,Clothing,95.75,1
2023-06-18,West,Home & Garden,155.59,4
2024-11-15,East,Electronics,371.11,3
2024-10-19,Central,Clothing,31.94,1
2023-04-01,East,Electronics,757.61,5
2024-07-14,East,Home & Garden,290.08,2
2023-02-09,North,Clothing,113.6,5
2023-07-15,South,Home & Garden,21.73,3
2024-06-15,North,Home & Garden,142.23,2
2023-01-16,North,Electronics,681.8,2
2023-10-28,West,Home & Garden,230.07,1
2023-12-07,North,Toys,90.15,5
2023-05-24,South,Clothing,103.2,5
2024-04-09,East,Groceries,8.1,5
2024-01-08,South,Groceries,43.65,1
2023-03-26,North,Toys,61.59,2
2023-09-19,North,Groceries,55.91,4
2023-09-15,South,Clothing,116.76,2
2024-06-30,North,Electronics,173.03,4
2024-07-18,East,Electronics,376.59,4
2023-09-08,East,Groceries,56.86,4
2024-07-19,North,Home & Garden,211.3,3
2024-01-04,Central,Groceries,50.03,4
2023-08-15,central,Clothing,43.47,4
2023-05-07,West,Groceries,55.06,5
2024-12-23,South,Toys,20.61,1
2023-10-10,West,Electronics,680.79,1
2024-06-01,east,Home & Garden,194.57,3
2024-08-07,South,Groceries,23.78,3
2024-03-11,Central,Home & Garden,23.66,5
2023-01-09,East,Groceries,54.93,1
2023-01-21,East,Clothing,58.48,5
2023-07-14,West,Home & Garden,142.75,5
2024-09-23,Central,Groceries,32.65,3
2023-09-03,North,Home & Garden,244.07,1
2024-08-13,North,Home & Garden,192.83,4
2024-07-26,East,Toys,45.53,1
2023-10-24,West,Electronics,674.3,5
2024-02-12,North,Home & Garden,271.89,5
2023-01-23,South,Toys,56.41,5
2023-09-02,Central,Home & Garden,38.47,3
2024-01-29,East,Toys,61.02,1
2024-10-06,North,Electronics,698.78,5
2023-06-05,East,Clothing,118.97,4
2023-08-07,Central,Clothing,25.72,1
2023-09-13,North,Toys,52.66,3
2024-12-28,North,Home & Garden,188.63,1
2024-05-27,East,Toys,35.12,4
2023-02-09,West,Home & Garden,111.46,3
2024-05-23,South,Groceries,35.91,3
2023-09-14,West,Home & Garden,289.93,2
2024-08-08,East,Clothing,64.78,1
2023-09-03,South,Electronics,583.47,4
2023-07-31,Central,Electronics,458.09,5
2023-01-26,South,Groceries,38.76,1
2023-01-23,Central,Home & Garden,198.16,5
2023-08-17,East,Home & Garden,78.87,4
2023-06-04,West,Groceries,28.59,3
2024-08-02,West,Groceries,54.26,3
2023-03-05,West,Clothing,58.17,2
2024-11-26,Central,Home & Garden,136.64,3
2024-11-27,West,Home & Garden,147.26,2
2023-07-29,Central,Toys,64.1,3
2024-10-28,West,Toys,36.51,1
2023-08-11,South,Electronics,681.52,5
2024-02-21,Central,Electronics,387.68,4
2024-08-24,West,Home & Garden,220.38,1
2024-04-21,East,Electronics,727.35,1
2023-12-20,West,Electronics,1072.65,3
2023-05-05,Central,Home & Garden,224.78,1
2024-11-19,South,Groceries,7.28,2
2024-09-17,Central,Toys,20.57,2
2024-03-11,south,Home & Garden,138.17,3
2024-09-16,East,Clothing,16.13,2
2023-05-12,Central,Groceries,57.96,1
2023-05-18,South,Electronics,347.58,1
2024-08-03,Central,Clothing,77.04,5
2024-06-03,East,Toys,76.95,4
2024-08-10,Central,Home & Garden,254.34,1
2023-10-04,East,Toys,20.44,2
2023-05-16,West,Electronics,535.74,2
2024-11-17,West,Home & Garden,299.24,2
2023-11-09,East,Electronics,582.8,2
2024-04-29,West,Home & Garden,41.97,3
2024-04-24,West,Home & Garden,143.59,4
2024-05-08,West,Toys,68.96,2
2023-09-30,West,Groceries,46.47,5
2023-11-29,North,Toys,59.1,1
2023-08-14,Central,Home & Garden,54.0,2
2024-11-14,North,Electronics,406.17,3
2023-07-18,west,Electronics,,2
2024-09-29,East,Home & Garden,197.89,3
2024-02-10,North,Electronics,709.44,5
2023-02-15,East,Groceries,52.19,3
2024-01-30,West,Groceries,5.17,1
2024-03-02,West,Toys,54.51,4
2024-07-02,Central,Electronics,617.77,2
2024-01-31,Central,Home & Garden,286.75,2
2023-03-05,North,Clothing,90.41,3
2023-02-18,West,Groceries,33.8,3
2023-02-26,East,Groceries,45.41,4
2024-05-14,Central,Toys,43.53,2
2023-07-30,East,Electronics,350.74,2
2024-01-23,South,Home & Garden,35.82,1
2023-02-20,West,Clothing,98.1,4
2023-09-21,West,Home & Garden,53.43,2
2023-05-04,West,Home & Garden,57.67,1
2024-04-18,North,Groceries,13.98,2
2023-05-19,West,Electronics,355.63,1
2024-07-18,Central,Groceries,27.21,5
2024-05-05,Central,Toys,50.05,3
2024-11-17,West,Clothing,70.77,3
2024-09-12,East,Groceries,42.4,5
2023-05-31,north,Groceries,10.62,3
2023-09-03,West,Toys,70.67,2
2024-05-24,South,Clothing,40.16,5
2023-09-15,North,Clothing,77.16,5
2024-10-14,South,Electronics,355.58,1
2023-12-09,Central,Toys,97.29,5
2023-10-30,East,Toys,37.91,3
2024-02-07,South,Clothing,44.1,2
2023-01-27,West,Home & Garden,99.77,5
2023-02-28,West,Clothing,116.56,5
2024-08-13,West,Toys,51.76,3
2024-11-27,Central,Groceries,27.91,3
2024-01-06,East,Groceries,43.48,5
2024-01-01,East,Electronics,633.6,1
2023-09-13,North,Home & Garden,191.83,1
2024-09-04,Central,Toys,42.04,3
2023-11-12,Central,Electronics,675.13,2
2023-12-11,Central,Groceries,6.76,3
2023-12-06,North,Electronics,890.86,5
2024-06-23,North,Electronics,704.8,2
2024-04-16,Central,Electronics,680.19,1
2024-04-17,South,Toys,43.62,5
2024-08-06,West,Groceries,19.91,3
2024-01-14,central,Clothing,72.93,3
2023-06-02,South,Electronics,655.32,2
2024-06-29,North,Home & Garden,287.51,1
2024-09-12,North,Groceries,33.35,1
2023-09-28,North,Clothing,43.12,3
2023-07-01,North,Groceries,26.57,4
2024-06-01,North,Toys,74.47,3
2023-09-02,North,Home & Garden,3643.75,1
2024-04-17,South,Toys,66.3,4
2024-11-02,North,Electronics,700.15,4
2023-12-30,North,Home & Garden,243.81,1
2023-10-10,Central,Electronics,348.78,1
2023-08-11,West,Toys,46.28,3
2023-05-22,West,Electronics,273.99,1
2024-07-20,Central,Electronics,860.5,2
2024-01-20,North,Clothing,15.35,2
2023-12-02,Central,Clothing,77.75,3
2023-01-14,west,Groceries,20.79,3
2023-03-18,West,Groceries,59.0,4
2023-06-15,South,Clothing,59.57,2
2024-11-25,East,Clothing,18.63,4
2023-08-23,Central,Toys,78.58,3
2023-11-24,South,Groceries,59.16,1
2024-01-05,North,Toys,73.04,4
2023-06-23,North,Clothing,87.28,1
2023-03-03,South,Toys,14.35,4
2024-11-26,Central,Home & Garden,297.81,5
2024-01-27,South,Toys,18.05,4
2024-07-01,South,Clothing,58.0,5
2024-12-10,South,Home & Garden,121.64,3
2023-04-20,South,Home & Garden,266.15,3
2023-10-24,West,Home & Garden,23.68,3
2024-02-18,West,Electronics,457.13,5
2024-03-07,East,Home & Garden,139.36,4
2023-07-27,Central,Toys,50.17,4
2023-04-21,Central,Toys,,5
2023-12-09,West,Home & Garden,31.23,1
2024-06-09,East,Toys,18.06,1
2023-03-12,East,Home & Garden,77.9,1
2024-09-13,North,Toys,68.45,2
2023-04-23,Central,Groceries,25.54,5
2023-05-09,North,Clothing,25.93,3
2024-04-23,North,Clothing,104.31,5
2024-03-08,West,Electronics,731.18,2
2024-07-20,central,Groceries,34.7,5
2024-03-13,East,Electronics,880.56,2
2024-12-12,Central,Electronics,993.48,3
2024-12-16,South,Electronics,581.7,1
2023-12-06,West,Groceries,15.03,3
2024-03-17,Central,Toys,27.16,1
2024-09-04,East,Clothing,94.69,5
2023-04-07,North,Home & Garden,49.72,3
2024-01-28,East,Electronics,864.68,4
2023-10-19,South,Toys,27.64,2
2023-01-19,South,Toys,27.96,4
2024-12-30,South,Groceries,36.98,5
2023-09-08,North,Groceries,55.25,2
2024-04-19,North,Groceries,56.32,5
2024-06-07,Central,Home & Garden,138.53,1
2023-07-06,West,Groceries,37.09,2
2024-01-10,South,Toys,45.09,5
2023-08-11,West,Toys,24.6,5
2023-08-26,East,Home & Garden,58.3,5
2023-11-17,North,Electronics,603.4,2
2023-01-27,East,Groceries,14.07,5
2024-12-03,East,Clothing,39.52,2
2024-01-10,West,Toys,64.12,3
2023-09-06,central,Home & Garden,122.19,1
2023-07-07,East,Electronics,597.72,1
2023-03-23,South,Groceries,19.61,1
2024-06-09,North,Toys,77.96,5
2024-11-18,South,Groceries,36.58,4
2024-07-28,west,Clothing,86.0,4
2024-05-24,East,Electronics,466.74,2
2024-12-11,North,Toys,23.48,1
2023-07-26,West,Home & Garden,281.62,5
2024-07-03,South,Groceries,25.14,3
2023-07-11,East,Groceries,51.34,4
2024-02-10,West,Toys,45.07,5
2024-09-02,East,Groceries,20.47,1
2023-11-17,South,Electronics,427.63,4
2024-07-21,South,Home & Garden,255.31,2
2024-03-06,South,Groceries,34.85,3
2023-07-30,West,Electronics,718.96,3
2024-02-28,West,Clothing,92.46,2
2023-05-06,south,Clothing,119.96,5
2024-09-10,South,Home & Garden,157.73,5
2024-05-28,West,Home & Garden,165.53,4
2023-12-04,East,Home & Garden,24.48,2
2023-02-01,South,Clothing,53.83,4
2023-07-26,South,Electronics,594.46,4
2023-04-20,Central,Groceries,36.98,2
2024-01-15,east,Groceries,57.74,2
2024-09-17,Central,Groceries,29.95,1
2024-09-07,West,Toys,37.22,1
2023-11-22,West,Toys,13.8,3
2024-12-30,South,Groceries,56.53,5
2024-08-24,West,Groceries,6.83,3
2024-05-13,Central,Electronics,269.13,5
2024-11-30,East,Electronics,273.63,1
2024-08-15,South,Groceries,31.71,4
2024-05-15,Central,Home & Garden,55.4,1
2023-05-06,Central,Clothing,48.34,3
2023-05-20,North,Electronics,611.2,1
2023-06-09,East,Home & Garden,52.77,5
2023-05-09,South,Toys,19.34,1
2024-11-02,North,Toys,49.14,5
2024-05-28,South,Electronics,289.92,2
2023-06-11,South,Home & Garden,155.53,3
2024-02-20,West,Clothing,36.29,5
2023-04-23,North,Toys,20.73,2
2023-11-03,Central,Electronics,520.24,2
2024-06-16,Central,Home & Garden,209.33,4
2023-10-27,West,Groceries,21.17,4
2023-03-12,East,Home & Garden,247.84,2
2023-05-19,Central,Clothing,51.25,3
2024-02-02,West,Electronics,628.69,4
2023-01-31,North,Toys,12.36,3
2024-03-22,East,Electronics,680.84,4
2024-03-19,South,Groceries,21.49,3
2023-09-08,North,Clothing,64.19,3
2023-07-07,North,Clothing,95.31,1
2024-10-01,East,Home & Garden,169.18,2
2023-02-24,North,Clothing,63.09,2
2024-06-23,North,Toys,69.23,5
2023-06-20,North,Clothing,88.83,5
2023-12-22,South,Toys,,2
2023-12-13,South,Home & Garden,71.8,1
2023-11-17,South,Groceries,23.8,3
2023-03-31,North,Electronics,240.12,1
2024-06-30,Central,Electronics,283.03,2
2024-06-01,Central,Toys,75.19,4
2023-03-17,North,Groceries,53.73,1
2023-04-13,Central,Toys,28.27,1
2024-06-08,East,Home & Garden,97.88,4
2024-08-11,Central,Electronics,729.41,4
2024-10-28,South,Toys,59.2,3
2023-05-28,north,Groceries,32.49,4
2024-10-17,South,Clothing,46.45,3
2023-09-02,East,Electronics,530.49,1
2023-08-30,East,Electronics,401.97,4
2023-03-22,West,Toys,16.86,1
2023-07-22,East,Groceries,39.46,5
2024-07-04,West,Home & Garden,277.39,2
2023-10-17,North,Home & Garden,185.34,1
2024-07-21,East,Clothing,23.61,3
2024-05-28,North,Groceries,35.07,5
2023-02-14,South,Clothing,39.29,3
2023-01-17,East,Electronics,877.06,2
2023-03-09,South,Clothing,98.54,3
2024-11-13,west,Groceries,40.05,4
2024-10-24,south,Toys,29.78,5
2023-07-06,South,Clothing,55.98,1
2023-04-17,North,Toys,66.79,5
2023-06-23,West,Home & Garden,24.79,3
2024-04-16,Central,Electronics,739.26,5
2023-05-23,Central,Home & Garden,138.82,1
2024-06-16,West,Electronics,382.66,5
2023-02-20,North,Electronics,634.18,1
2024-01-24,North,Groceries,32.6,4
2023-02-17,West,Home & Garden,284.86,3
2023-01-20,West,Clothing,112.35,5
2023-08-12,East,Groceries,58.34,5
2023-06-13,East,Toys,59.34,3
2024-06-30,south,Clothing,61.0,2
2024-04-16,South,Toys,25.42,1
2024-12-31,Central,Electronics,274.36,1
2023-10-04,East,Clothing,39.07,3
2023-03-30,North,Toys,70.7,5
2023-02-23,West,Groceries,53.73,5
2024-04-09,Central,Electronics,516.03,1
2024-03-11,East,Groceries,27.52,5
2024-04-08,East,Toys,57.25,2
2024-07-01,South,Toys,73.34,5
2023-09-11,East,Home & Garden,284.36,1
2023-09-26,Central,Home & Garden,153.29,1
2024-06-13,South,Groceries,23.71,1
2023-09-06,East,Groceries,28.04,1
2024-01-15,West,Home & Garden,35.43,3
2023-10-03,Central,Groceries,56.1,3
2023-05-14,East,Groceries,43.48,1
2024-08-10,North,Home & Garden,252.25,5
2023-02-05,North,Toys,64.94,3
2023-07-21,South,Home & Garden,145.52,2
2023-07-24,West,Groceries,26.51,2
2024-01-29,North,Clothing,109.02,2
2024-12-02,West,Toys,104.88,1
2023-11-19,north,Clothing,38.35,1
2024-01-22,North,Electronics,586.48,3
2023-12-11,South,Home & Garden,155.19,4
2023-09-24,South,Clothing,88.75,4
2024-01-25,Central,Groceries,50.08,4
2024-01-09,South,Electronics,440.25,4
2024-12-05,West,Electronics,1032.13,5
2023-12-21,South,Toys,88.18,3
2023-11-27,North,Toys,45.68,2
2023-05-15,East,Home & Garden,180.2,2
2023-07-15,West,Groceries,49.68,4
2023-02-27,Central,Groceries,34.4,2
2024-03-24,West,Clothing,103.57,1
2024-03-09,South,Groceries,38.35,5
2024-08-15,East,Home & Garden,65.48,5
2023-11-24,Central,Toys,74.89,4
2023-05-31,East,Electronics,424.03,4
2023-03-25,West,Electronics,158.1,5
2024-06-18,North,Toys,15.85,2
2024-11-15,Central,Groceries,28.79,5
2024-08-15,south,Home & Garden,171.97,4
2023-04-28,North,Clothing,95.11,1
2024-04-23,Central,Electronics,449.49,2
2023-10-07,North,Home & Garden,200.07,5
2024-06-29,East,Electronics,850.07,5
2024-05-17,North,Groceries,14.86,2
2023-10-07,South,Toys,35.52,2
2023-10-06,east,Electronics,859.09,3
2024-12-11,West,Home & Garden,132.99,2
2024-11-20,West,Home & Garden,172.68,1
2023-05-09,Central,Groceries,51.34,1
2024-07-31,East,Groceries,59.13,5
2023-07-17,Central,Home & Garden,202.32,2
2024-04-05,East,Clothing,53.59,5
2024-07-02,West,Toys,19.75,1
2023-07-18,South,Home & Garden,221.95,1
2024-01-21,East,Electronics,750.2,4
2023-03-31,West,Electronics,389.69,2
2024-02-03,Central,Groceries,5.84,4
2024-01-04,Central,Clothing,58.3,2
2023-07-17,East,Groceries,12.29,4
2023-01-14,West,Toys,17.18,4
2024-01-13,Central,Home & Garden,81.84,4
2023-06-26,South,Electronics,211.84,4
2023-08-08,South,Electronics,289.77,2
2024-10-22,West,Groceries,16.04,5
2024-02-27,South,Home & Garden,38.23,4
2023-09-01,East,Toys,62.81,2
2024-05-12,North,Clothing,69.39,3
2023-06-11,North,Home & Garden,133.69,5
2023-10-04,North,Electronics,283.72,1
2023-10-06,South,Groceries,41.48,5
2024-03-03,East,Clothing,81.22,3
2023-11-06,East,Clothing,88.39,5
2023-11-22,North,Clothing,59.53,5
2023-02-12,South,Toys,59.57,2
2024-10-10,North,Toys,54.16,2
2024-06-12,West,Home & Garden,276.06,4
2023-07-15,East,Clothing,18.66,2
2024-07-24,Central,Electronics,226.81,3
2023-11-29,West,Groceries,6.74,5
2024-05-28,North,Home & Garden,56.93,4
2023-09-21,West,Clothing,80.45,2
2023-07-26,South,Clothing,90.1,5
2023-04-18,East,Electronics,207.06,2
2023-08-10,South,Toys,32.41,1
2024-02-23,West,Electronics,725.37,4
2024-05-30,South,Groceries,5.86,5
2024-09-13,South,Electronics,520.69,3
2024-10-04,East,Clothing,72.75,5
2024-08-23,North,Toys,58.19,5
2024-09-28,East,Toys,74.36,1
2024-10-08,East,Home & Garden,267.08,4
2023-12-09,South,Clothing,85.75,1
2023-08-25,West,Home & Garden,252.66,2
2023-03-30,East,Home & Garden,123.43,1
2024-05-28,West,Home & Garden,55.37,2
2023-04-18,West,Electronics,746.93,2
2024-12-19,South,Electronics,542.14,4
2023-08-12,Central,Groceries,58.79,1
2023-02-04,North,Groceries,49.39,5
2023-07-28,North,Clothing,49.25,1
2023-12-29,West,Home & Garden,37.84,1
2024-12-15,Central,Groceries,26.31,3
2023-12-01,South,Toys,28.26,3
2023-08-29,Central,Toys,10.84,5
2024-06-03,North,Electronics,238.59,1
2023-08-03,North,Home & Garden,268.93,3
2024-09-13,West,Clothing,83.28,1
2023-04-06,Central,Home & Garden,48.88,3
2024-09-19,South,Clothing,47.37,3
2023-06-04,south,Groceries,56.16,4
2023-01-18,East,Groceries,46.93,1
2023-12-09,North,Toys,25.23,5
2023-05-11,Central,Home & Garden,83.78,4
2023-02-15,Central,Clothing,65.86,4
2024-12-22,West,Toys,50.34,3
2023-11-30,North,Toys,51.8,1
2024-10-18,East,Clothing,,2
2023-07-08,South,Clothing,80.4,1
2024-06-05,South,Electronics,303.32,2
2023-06-15,Central,Groceries,54.35,4
2024-09-01,Central,Toys,50.71,4
2023-08-23,Central,Electronics,818.47,5
2023-10-25,South,Clothing,58.69,1
2023-07-12,South,Clothing,53.15,5
2024-02-02,West,Clothing,47.65,3
2024-09-07,West,Groceries,24.74,2
2024-06-11,East,Clothing,52.1,4
2023-09-19,South,Clothing,111.05,1
2023-12-05,Central,Clothing,43.36,3
2023-11-13,North,Electronics,810.13,3
2023-10-31,West,Clothing,101.55,2
2023-05-20,north,Electronics,702.54,1
2023-02-18,Central,Home & Garden,73.18,2
2024-07-29,North,Toys,28.83,5
2024-06-14,South,Groceries,33.02,4
2024-01-30,North,Electronics,688.08,5
2023-12-16,East,Home & Garden,169.83,1
2023-03-02,south,Home & Garden,195.98,1
2024-07-22,West,Electronics,700.08,5
2023-01-12,East,Toys,52.22,2
2024-02-20,South,Clothing,37.34,1
2024-01-23,North,Home & Garden,21.64,3
2024-01-16,South,Toys,79.5,2
2024-04-29,East,Toys,24.96,1
2024-03-25,West,Toys,35.68,2
2024-01-03,South,Home & Garden,42.82,2
2023-08-25,North,Groceries,26.61,3
2024-05-12,central,Home & Garden,149.08,4
2023-09-10,West,Toys,22.95,5
2023-03-22,Central,Electronics,326.67,2
2024-08-05,North,Electronics,721.23,2
2024-11-10,Central,Clothing,20.62,2
2023-11-06,South,Clothing,85.02,3
2023-11-09,Central,Electronics,737.58,2
2024-04-25,East,Groceries,18.53,1
2024-11-05,West,Electronics,323.64,5
2024-05-23,North,Electronics,678.59,2
2024-04-11,North,Toys,28.88,3
2023-04-10,East,Home & Garden,175.16,2
2023-05-28,South,Toys,72.04,2
2023-03-24,South,Clothing,89.1,1
2023-07-23,East,Groceries,23.66,1
2023-09-29,West,Clothing,117.84,4
2023-03-16,central,Toys,50.4,5
2024-01-29,West,Home & Garden,271.31,2
2023-03-09,East,Electronics,468.59,1
2023-03-23,Central,Electronics,262.05,2
2024-05-07,North,Home & Garden,56.87,2
2023-12-08,Central,Electronics,631.22,1
2023-05-14,West,Home & Garden,286.31,3
2023-09-09,South,Electronics,739.63,3
2024-05-30,west,Electronics,599.36,3
2023-01-17,North,Clothing,19.37,2
2024-11-17,Central,Home & Garden,131.76,1
2024-06-11,North,Home & Garden,216.59,2
2023-05-18,East,Clothing,79.09,3
2023-05-15,Central,Toys,23.48,3
2024-01-29,East,Clothing,29.33,2
2024-05-11,East,Toys,60.42,1
2023-12-30,East,Clothing,114.34,4
2023-07-13,West,Clothing,93.1,3
2023-10-01,North,Clothing,51.18,4
2024-01-31,Central,Groceries,49.92,4
2024-11-07,West,Electronics,476.8,5
2023-06-21,West,Toys,33.27,5
2023-05-17,North,Groceries,26.89,5
2024-03-01,East,Toys,27.29,4
2023-07-13,Central,Home & Garden,144.12,4
2023-07-13,Central,Clothing,21.53,5
2023-10-31,east,Electronics,696.64,2
2024-07-22,South,Home & Garden,117.5,2
2023-09-03,East,Home & Garden,173.08,2
2023-12-29,East,Home & Garden,160.8,1
2024-05-24,East,Toys,44.74,1
2024-04-08,South,Electronics,490.55,1
2023-03-22,East,Home & Garden,246.11,2
2023-08-31,South,Toys,65.88,1
2024-12-29,south,Home & Garden,287.81,3
2024-01-19,North,Home & Garden,211.59,3
2023-12-19,Central,Electronics,379.83,2
2024-12-02,East,Clothing,36.16,1
2024-04-10,South,Groceries,21.18,5
2023-07-28,South,Toys,34.84,1
2024-10-25,south,Groceries,55.37,1
2024-06-08,North,Toys,52.69,3
2024-01-25,South,Clothing,30.55,2
2024-09-10,South,Electronics,323.48,1
2024-03-04,East,Groceries,21.37,2
2023-11-11,South,Home & Garden,112.0,2
2023-01-18,East,Home & Garden,173.58,1
2023-03-12,central,Toys,38.48,3
2023-11-06,Central,Electronics,500.47,4
2024-04-14,South,Groceries,49.1,1
2024-09-21,South,Home & Garden,166.29,1
2024-10-09,East,Electronics,285.19,2
2024-02-16,North,Clothing,47.63,1
2024-04-01,Central,Clothing,80.9,1
2023-02-23,North,Electronics,827.44,3
2024-06-08,Central,Clothing,99.22,2
2023-06-26,North,Clothing,107.43,5
2023-01-20,West,Clothing,82.22,2
2023-10-10,west,Groceries,16.29,2
2023-04-05,Central,Electronics,395.83,4
2024-01-29,Central,Home & Garden,228.36,5
2023-09-02,Central,Groceries,25.21,5
2024-06-05,North,Electronics,854.92,2
2024-01-30,south,Toys,65.47,2
2024-08-09,North,Electronics,638.11,4
2024-08-17,South,Toys,17.36,1
2024-03-12,West,Home & Garden,224.47,5
2023-08-07,North,Electronics,262.8,3
2023-10-27,East,Groceries,57.84,4
2023-04-20,West,Toys,71.89,1
2024-10-09,West,Toys,23.5,2
2024-10-15,South,Toys,78.69,2
2024-07-04,South,Clothing,58.82,2
2024-04-03,North,Electronics,526.16,3
2023-11-13,North,Toys,75.05,4
2024-12-14,North,Clothing,119.37,2
2024-05-29,South,Clothing,73.21,4
2023-08-05,East,Home & Garden,274.46,3
2024-07-06,Central,Toys,21.66,5
2024-08-04,West,Home & Garden,217.83,5
2024-12-25,West,Electronics,713.81,4
2023-12-25,Central,Electronics,406.44,1
2023-10-25,Central,Clothing,17.24,5
2023-08-08,Central,Electronics,689.23,1
2023-03-29,North,Clothing,16.93,3
2023-09-18,Central,Toys,72.45,5
2024-08-21,North,Toys,51.94,1
2023-12-08,West,Toys,88.44,5
2024-02-08,North,Electronics,211.76,3
2024-05-12,East,Clothing,76.25,5
2024-03-18,South,Clothing,116.31,4
2024-08-06,West,Electronics,539.3,4
2024-10-12,Central,Electronics,387.86,1
2023-01-06,West,Electronics,542.32,1
2023-11-14,West,Toys,39.47,4
2023-08-03,west,Home & Garden,228.32,4
2024-10-21,South,Home & Garden,137.03,5
2024-09-16,West,Clothing,42.51,4
2023-01-10,East,Toys,36.55,5
2024-03-09,North,Clothing,104.86,1
2024-09-23,North,Electronics,442.41,4
2024-04-12,South,Toys,63.58,2
2023-11-22,West,Clothing,23.16,5
2024-07-31,North,Clothing,69.95,1
2023-03-20,West,Groceries,49.18,2
2024-05-24,Central,Home & Garden,76.91,4
2024-02-28,West,Electronics,814.17,1
2023-03-22,South,Toys,33.31,4
2023-09-01,West,Toys,61.14,1
2023-03-30,South,Toys,37.56,1
2024-11-18,South,Groceries,29.73,1
2024-02-10,West,Toys,66.9,2
2024-03-14,Central,Clothing,119.72,5
2024-12-25,West,Toys,49.69,1
2024-03-12,West,Toys,10.69,3
2023-08-05,South,Toys,40.15,1
2023-12-31,East,Electronics,780.77,5
2024-09-07,South,Groceries,59.15,3
2024-09-10,South,Groceries,13.77,3
2023-10-05,East,Toys,14.87,4
2023-07-25,South,Electronics,579.46,5
2023-02-09,North,Home & Garden,129.41,2
2024-08-08,North,Toys,65.21,1
2023-03-21,West,Home & Garden,191.0,2
2024-11-21,North,Electronics,499.86,2
2023-01-07,East,Groceries,51.87,4
2024-01-28,West,Groceries,16.13,5
2024-10-17,South,Groceries,17.34,2
2023-09-06,South,Electronics,844.85,2
2023-01-09,East,Electronics,234.93,5
2023-12-12,Central,Groceries,48.11,3
2023-02-08,East,Clothing,51.8,3
2023-02-20,Central,Home & Garden,31.28,3
2024-07-08,North,Home & Garden,123.37,1
2024-06-02,West,Toys,69.58,2
2024-06-07,East,Toys,61.61,2
2024-04-09,East,Electronics,294.57,5
2023-02-09,South,Toys,55.83,2
2024-05-01,North,Groceries,36.25,1
2024-04-12,West,Clothing,96.29,5
2023-06-02,Central,Clothing,68.54,1
2024-03-25,east,Electronics,745.75,2
2023-07-08,East,Groceries,36.48,2
2024-03-05,East,Toys,71.92,5
2024-12-16,Central,Clothing,24.22,5
2023-02-03,east,Toys,42.2,3
2024-01-15,North,Home & Garden,176.54,4
2023-07-19,West,Toys,36.52,3
2024-02-15,West,Groceries,,3
2024-10-19,Central,Toys,34.01,2
2024-01-27,South,Home & Garden,289.95,2
2024-06-18,Central,Toys,78.35,4
2023-03-31,West,Electronics,480.33,2
2023-11-04,West,Groceries,50.39,2
2024-07-02,East,Toys,,5
2023-06-14,east,Clothing,24.9,1
2023-12-30,West,Groceries,43.44,5
2023-08-01,East,Electronics,895.63,4
2024-05-05,West,Groceries,55.22,5
2023-04-25,East,Home & Garden,86.34,1
2023-01-21,East,Toys,11.34,5
2023-07-16,West,Home & Garden,246.3,5
2024-01-09,East,Toys,51.96,4
2023-11-09,West,Home & Garden,64.83,2
2024-07-03,Central,Toys,34.29,3
2024-10-21,West,Toys,25.73,2
2023-03-21,West,Toys,70.9,4
2023-09-29,North,Toys,23.47,4
2024-05-12,South,Groceries,8.6,1
2023-08-10,South,Electronics,188.64,1
2024-05-19,North,Groceries,37.87,4
2024-03-21,North,Clothing,94.1,1
2024-12-05,West,Toys,109.92,3
2023-03-26,Central,Home & Garden,83.87,3
2023-05-02,East,Electronics,476.63,3
2023-09-15,Central,Home & Garden,148.76,1
2024-12-09,West,Electronics,255.45,3
2024-10-16,North,Home & Garden,190.3,2
2023-09-19,Central,Toys,67.28,4
2023-06-15,Central,Home & Garden,236.55,4
2023-08-23,South,Clothing,117.23,2
2024-12-22,central,Electronics,373.74,2
2024-08-20,central,Toys,,4
2024-03-02,West,Groceries,30.98,2
2024-04-09,South,Home & Garden,172.23,4
2023-04-08,West,Toys,46.46,4
2024-08-14,Central,Clothing,49.67,2
2024-10-02,North,Clothing,27.25,2
2024-09-02,West,Toys,28.51,1
2023-07-27,South,Groceries,10.25,3
2023-09-12,North,Toys,38.93,1
2023-09-09,North,Clothing,109.24,1
2023-12-05,North,Groceries,20.32,2
2024-07-14,Central,Toys,34.23,1
2024-05-15,South,Electronics,298.44,3
2023-10-20,North,Clothing,29.74,5
2024-01-12,Central,Groceries,57.54,2
2024-12-04,South,Toys,54.81,2
2024-03-06,South,Electronics,676.91,2
2023-11-24,North,Home & Garden,123.74,5
2023-12-19,South,Groceries,50.92,4
2023-01-16,Central,Clothing,109.1,1
2024-10-06,north,Electronics,338.03,3
2024-09-10,Central,Electronics,609.72,2
2023-09-15,West,Clothing,54.37,5
2023-11-25,North,Electronics,513.53,4
2023-09-20,Central,Toys,41.69,3
2024-06-30,South,Home & Garden,69.72,4
2024-04-04,North,Electronics,430.13,4
2024-07-13,West,Home & Garden,201.0,3
2023-04-26,South,Clothing,90.67,2
2023-08-07,Central,Home & Garden,62.79,2
2023-06-23,South,Toys,30.9,5
2023-04-15,West,Electronics,527.13,1
2024-06-15,South,Groceries,14.69,3
2024-02-19,East,Groceries,18.22,5
2024-08-31,West,Home & Garden,175.72,3
2023-05-07,Central,Home & Garden,30.76,1
2024-10-14,South,Clothing,64.55,2
2024-05-24,Central,Toys,25.44,5
2023-02-22,East,Groceries,47.5,1
2024-07-28,South,Clothing,113.7,5
2024-03-20,East,Electronics,314.96,5
2023-09-08,north,Clothing,43.54,1
2023-11-03,South,Home & Garden,249.89,2
2024-10-16,North,Toys,34.66,3
2024-08-20,Central,Electronics,462.56,1
2024-11-27,North,Home & Garden,105.08,2
2024-07-09,North,Toys,51.95,2
2024-03-23,North,Home & Garden,204.17,5
2023-08-22,South,Electronics,864.52,2
2023-06-28,Central,Home & Garden,221.12,2
2024-08-21,West,Groceries,24.68,1
2023-10-24,West,Clothing,55.59,2
2023-04-09,East,Groceries,22.01,3
2023-02-24,Central,Clothing,89.49,3
2024-12-25,South,Groceries,58.04,1
2024-11-04,Central,Home & Garden,172.57,3
2024-08-02,North,Toys,56.86,4
2024-12-29,West,Clothing,68.56,4
2023-12-07,East,Electronics,282.87,3
2024-08-22,West,Clothing,89.22,4
2023-05-11,North,Groceries,5.73,5
2023-09-07,South,Home & Garden,97.0,5
2024-06-19,North,Toys,34.41,4
2024-05-18,North,Groceries,7.83,4
2024-05-14,West,Clothing,64.7,5
2024-04-21,South,Groceries,33.98,4
2024-08-30,North,Groceries,28.06,2
2024-11-22,West,Toys,11.6,4
2024-06-30,North,Groceries,15.79,4
2023-04-16,West,Groceries,33.42,2
2023-09-15,South,Clothing,17.15,5
2024-01-24,West,Clothing,59.8,2
2023-12-27,South,Electronics,782.17,4
2024-12-29,North,Groceries,9.8,4
2024-06-01,North,Toys,10.81,2
2023-08-24,north,Home & Garden,158.89,5
2023-10-21,West,Home & Garden,103.42,3
2023-02-12,West,Groceries,56.07,4
2023-09-27,South,Groceries,43.21,2
2023-06-08,East,Toys,76.56,4
2023-08-28,Central,Home & Garden,199.52,1
2023-08-25,East,Electronics,278.39,3
2023-08-31,East,Groceries,30.53,2
2023-05-31,Central,Electronics,851.37,3
2024-04-26,South,Toys,75.3,5
2023-06-23,south,Electronics,739.59,1
2023-11-15,West,Home & Garden,296.29,1
2023-08-23,West,Groceries,53.06,1
2023-04-24,East,Toys,45.15,4
2023-11-29,South,Home & Garden,40.95,5
2024-08-21,South,Toys,69.7,2
2023-12-21,East,Electronics,779.66,2
2024-08-29,West,Electronics,525.84,3
2024-11-23,West,Groceries,49.2,1
2024-01-30,West,Home & Garden,32.86,3
2023-05-07,West,Clothing,78.64,2
2024-06-23,Central,Electronics,488.46,5
2024-12-10,North,Groceries,49.81,1
2023-02-08,Central,Clothing,16.4,1
2023-07-12,east,Electronics,547.97,4
2024-10-20,East,Groceries,6.48,4
2023-10-26,East,Groceries,56.49,5
2024-04-07,East,Electronics,216.09,3
2023-09-16,South,Groceries,33.42,4
2023-12-14,East,Clothing,90.56,1
2024-05-15,West,Groceries,16.47,2
2024-10-08,West,Clothing,97.96,3
2023-12-10,Central,Groceries,13.51,4
2023-05-01,East,Groceries,47.85,2
2023-01-20,South,Home & Garden,205.31,1
2024-09-03,South,Groceries,24.85,4
2024-08-17,Central,Groceries,28.12,2
2024-07-30,South,Electronics,822.83,1
2024-06-03,North,Home & Garden,76.83,1
2024-04-05,West,Electronics,416.87,5
2024-04-20,North,Clothing,62.6,4
2023-02-12,East,Home & Garden,226.94,2
2023-02-06,North,Electronics,161.86,3
2024-07-20,East,Electronics,299.32,4
2023-10-26,Central,Clothing,19.27,5
2024-08-25,West,Home & Garden,30.55,1
2023-03-11,Central,Home & Garden,194.15,2
2023-11-23,West,Clothing,71.8,2
2024-03-06,east,Home & Garden,124.78,1
2023-01-31,West,Groceries,54.05,5
2023-02-09,North,Toys,67.81,5
2023-05-13,West,Groceries,18.79,5
2024-08-04,North,Groceries,46.17,5
2023-05-07,East,Clothing,102.52,3
2023-09-25,East,Clothing,117.57,1
2024-07-14,West,Home & Garden,291.62,4
2024-08-12,East,Electronics,235.09,2
2024-03-22,South,Groceries,41.35,4
2024-02-01,South,Electronics,657.49,4
2024-05-04,North,Toys,39.51,5
2024-10-03,North,Clothing,101.45,1
2024-07-08,West,Groceries,53.46,1
2024-05-13,South,Clothing,47.14,5
2024-07-04,East,Electronics,648.93,5
2023-01-07,East,Home & Garden,70.93,1
2023-05-17,East,Clothing,103.66,3
2023-02-13,North,Groceries,15.15,2
2024-08-22,South,Home & Garden,231.61,5
2024-08-18,South,Clothing,62.29,2
2023-07-14,West,Home & Garden,287.16,1
2023-08-26,East,Home & Garden,145.18,2
2024-11-16,South,Groceries,30.55,2
2023-08-15,North,Toys,64.0,4
2023-01-15,North,Electronics,227.09,4
2023-05-29,West,Home & Garden,237.96,3
2024-12-12,North,Electronics,340.08,4
2023-09-04,Central,Toys,60.74,2
2023-08-22,East,Home & Garden,174.33,1
2024-05-01,North,Toys,72.31,4
2024-12-02,West,Electronics,361.4,5
2024-06-22,Central,Toys,43.72,3
2023-01-16,West,Home & Garden,115.05,3
2024-04-05,central,Clothing,16.84,5
2023-04-19,Central,Home & Garden,271.85,3
2023-01-06,North,Electronics,,3
2024-05-07,Central,Home & Garden,78.01,4
2024-04-18,Central,Groceries,39.28,3
2023-07-05,West,Clothing,101.38,2
2024-11-29,west,Home & Garden,193.62,2
2023-09-30,Central,Toys,38.67,5
2023-03-15,south,Electronics,690.08,4
2023-12-05,West,Home & Garden,131.51,4
2024-10-16,North,Toys,54.82,2
2024-08-27,South,Home & Garden,78.86,4
2024-02-13,East,Home & Garden,164.79,1
2023-06-22,Central,Home & Garden,27.84,2
2024-01-04,West,Home & Garden,62.93,5
2024-12-21,North,Toys,15.13,1
2023-04-03,East,Groceries,20.94,2
2024-09-09,west,Clothing,50.63,3
2023-10-25,North,Clothing,70.34,5
2024-07-27,Central,Groceries,37.89,3
2023-11-24,West,Home & Garden,184.92,5
2023-05-08,East,Clothing,87.34,4
2023-04-24,Central,Groceries,32.44,5
2024-08-31,central,Groceries,44.98,4
2023-12-26,East,Toys,38.43,3
2024-10-24,West,Clothing,87.71,4
2023-01-22,West,Electronics,371.58,1
2024-11-03,Central,Electronics,666.42,3
2023-11-07,North,Clothing,33.02,1
2024-02-07,North,Toys,44.0,1
2023-03-27,Central,Clothing,55.55,2
2023-08-05,East,Groceries,58.4,5
2024-09-28,East,Groceries,37.99,3
2023-03-24,Central,Toys,32.21,5
2023-11-01,West,Home & Garden,122.41,2
2023-12-13,West,Toys,26.15,3
2024-05-31,Central,Clothing,24.19,5
2023-09-22,Central,Home & Garden,119.93,3
2023-09-14,Central,Clothing,113.8,4
2023-04-04,North,Electronics,272.94,1
2024-06-16,Central,Clothing,118.15,1
2024-08-01,Central,Electronics,784.48,3
2024-04-26,Central,Home & Garden,122.79,5
2023-11-23,East,Clothing,,2
2023-01-20,West,Groceries,57.67,5
2024-09-28,North,Toys,45.28,5
2023-07-20,Central,Groceries,34.1,2
2023-05-31,North,Electronics,184.19,2
2023-03-12,North,Groceries,43.57,3
2023-02-11,Central,Electronics,763.39,3
2023-04-07,North,Clothing,49.58,2
2024-11-05,South,Electronics,453.13,5
2023-05-10,East,Groceries,41.9,3
2023-05-22,South,Electronics,161.83,1
2024-06-12,West,Home & Garden,146.71,1
2024-08-23,West,Groceries,49.19,3
2024-01-24,West,Groceries,32.53,5
2024-02-15,Central,Home & Garden,98.74,1
2024-01-12,Central,Home & Garden,20.23,4
2023-12-21,West,Groceries,,2
2024-03-14,East,Home & Garden,91.33,1
2023-02-08,South,Electronics,659.17,2
2023-07-11,South,Groceries,28.61,3
2024-08-22,Central,Electronics,759.93,2
2023-11-12,Central,Toys,36.87,3
2024-09-06,East,Electronics,409.07,3
2023-05-19,South,Toys,24.58,3
2024-06-14,North,Home & Garden,195.55,2
2024-08-03,East,Clothing,69.61,4
2023-07-20,Central,Home & Garden,238.15,3
2024-11-11,Central,Toys,32.4,1
2024-02-12,South,Electronics,675.2,1
2024-01-21,Central,Toys,21.23,3
2024-11-07,East,Electronics,340.97,5
2024-03-04,West,Electronics,341.86,2
2024-12-10,North,Toys,40.28,2
2023-06-04,West,Electronics,453.25,2
2024-08-12,Central,Groceries,36.96,4
2023-10-27,East,Toys,69.63,1
2024-07-15,West,Home & Garden,90.42,5
2023-03-04,North,Groceries,31.81,4
2024-08-19,South,Clothing,,2
2023-10-28,West,Toys,45.26,1
2023-07-25,West,Electronics,677.71,5
2024-01-25,East,Groceries,20.5,3
2024-11-26,East,Clothing,114.66,2
2023-05-10,Central,Home & Garden,227.07,2
2024-06-11,West,Toys,25.0,3
2023-05-22,West,Home & Garden,111.41,1
2023-08-19,Central,Toys,38.9,1
2023-02-24,East,Clothing,82.03,5
2023-12-23,Central,Toys,58.04,3
2024-09-09,North,Toys,,3
2024-01-28,West,Clothing,,2
2023-12-16,West,Groceries,48.88,1
2023-03-04,West,Electronics,361.37,5
2023-08-13,West,Groceries,52.74,2
2023-02-28,South,Home & Garden,201.57,5
2024-02-27,East,Toys,52.01,5
2024-05-14,North,Home & Garden,48.98,1
2024-02-23,Central,Electronics,658.03,2
2024-11-06,North,Toys,25.69,1
2023-11-15,east,Groceries,13.92,4
2023-03-31,south,Toys,56.92,1
2024-07-29,Central,Clothing,87.64,4
2023-08-18,North,Clothing,110.57,5
2023-11-20,South,Clothing,98.77,3
2024-08-10,South,Toys,29.14,3
2023-02-12,North,Clothing,33.22,1
2023-03-12,East,Toys,71.07,4
2023-01-26,East,Clothing,55.92,4
2024-03-20,north,Groceries,49.03,2
2023-11-29,East,Home & Garden,153.89,5
2023-08-17,East,Electronics,251.48,2
2023-01-22,south,Toys,76.94,1
2024-07-25,North,Electronics,670.01,1
2023-10-07,West,Home & Garden,64.77,3
2023-04-20,Central,Home & Garden,41.16,2
2023-07-31,Central,Electronics,750.38,2
2023-10-13,West,Home & Garden,169.99,3
2024-07-02,Central,Toys,78.81,3
2024-07-19,South,Clothing,52.41,4
2024-10-07,North,Clothing,30.74,2
2024-08-29,West,Home & Garden,199.5,1
2023-04-09,North,Groceries,14.97,4
2023-10-05,West,Electronics,517.29,2
2023-12-05,South,Toys,45.48,3
2024-12-12,West,Home & Garden,145.87,5
2023-02-08,Central,Clothing,19.5,3
2024-02-01,North,Groceries,43.05,1
2023-07-06,East,Groceries,26.65,3
2023-12-15,East,Electronics,904.64,5
2023-08-16,South,Toys,14.52,3
2023-02-28,West,Groceries,52.06,3
2024-09-14,West,Clothing,117.45,3
2024-09-09,Central,Groceries,16.16,2
2023-04-09,East,Toys,76.15,1
2024-02-18,South,Home & Garden,79.75,3
2023-06-19,East,Clothing,80.69,1
2023-06-19,South,Groceries,54.01,5
2024-05-05,Central,Electronics,544.5,3
2023-08-12,South,Home & Garden,140.29,3
2024-09-20,Central,Home & Garden,197.31,1
2023-05-17,West,Clothing,87.64,2
2023-09-18,West,Groceries,15.1,2
2023-09-11,Central,Toys,,2
2024-02-22,Central,Electronics,222.87,3
2023-02-05,Central,Groceries,43.71,3
2024-06-29,Central,Home & Garden,37.42,3
2024-10-02,East,Toys,52.48,5
2023-03-08,North,Clothing,87.86,2
2024-05-22,South,Home & Garden,44.77,1
2024-02-14,South,Toys,22.28,4
2023-07-28,North,Groceries,41.76,2
2023-11-29,east,Groceries,32.88,3
2023-03-07,South,Home & Garden,131.43,5
2024-11-20,East,Toys,20.83,4
2024-02-19,East,Electronics,294.12,3
2023-11-26,West,Home & Garden,142.79,5
2023-07-26,North,Clothing,61.07,2
2023-03-16,North,Electronics,543.19,4
2023-03-25,East,Groceries,9.53,1
2023-11-06,east,Electronics,400.47,2
2023-06-11,Central,Electronics,454.51,2
2024-03-10,South,Home & Garden,242.52,1
2023-01-14,West,Toys,64.59,3
2024-10-31,South,Electronics,363.02,4
2023-01-27,East,Electronics,198.52,1
2023-04-08,West,Clothing,106.03,3
2024-02-14,East,Electronics,734.7,3
2023-03-31,South,Electronics,,1
2023-12-01,East,Home & Garden,282.77,5
2023-05-25,North,Electronics,560.72,3
2023-01-15,West,Home & Garden,224.76,5
2023-11-08,North,Groceries,40.81,1
2023-08-31,West,Clothing,88.79,3
2024-03-14,Central,Home & Garden,252.56,2
2024-03-30,central,Electronics,417.2,5
2024-10-10,South,Toys,35.39,5
2023-07-31,South,Toys,37.67,4
2024-08-11,East,Clothing,111.44,1
2024-05-15,North,Groceries,55.61,2
2024-02-01,East,Groceries,12.46,2
2024-11-26,South,Toys,35.78,2
2023-04-27,Central,Electronics,548.93,3
2023-05-20,East,Clothing,118.24,1
2024-08-26,South,Groceries,41.94,4
2024-04-28,north,Clothing,51.98,4
2023-09-11,North,Electronics,638.1,1
2023-02-02,Central,Home & Garden,128.69,4
2023-10-17,West,Groceries,48.89,1
2023-03-24,West,Electronics,654.21,4
2024-07-19,west,Electronics,319.58,5
2024-02-01,North,Clothing,63.35,2
2024-01-19,Central,Clothing,32.43,5
2024-04-14,East,Clothing,92.71,3
2024-05-16,West,Home & Garden,221.71,5
2024-05-19,West,Clothing,89.42,4
2023-12-29,West,Home & Garden,228.3,1
2023-02-23,North,Home & Garden,217.96,5
2023-11-20,West,Toys,,4
2023-02-24,East,Toys,67.42,2
2024-01-15,South,Toys,11.22,3
2024-10-17,Central,Toys,73.01,3
2024-07-08,East,Groceries,58.93,5
2023-12-27,Central,Groceries,13.48,4
2023-04-12,South,Clothing,103.75,1
2023-11-30,Central,Toys,38.76,2
2024-05-14,north,Toys,33.71,1
2024-12-15,North,Toys,93.87,2
2023-06-15,Central,Clothing,72.2,5
2024-10-04,south,Home & Garden,,3
2023-08-28,South,Home & Garden,204.11,1
2023-04-16,West,Clothing,113.97,2
2024-06-22,North,Groceries,17.26,5
2024-05-14,West,Groceries,39.6,4
2023-08-09,South,Home & Garden,100.01,2
2024-04-20,Central,Electronics,669.71,4
2023-12-31,West,Groceries,43.87,4
2024-04-30,South,Clothing,38.77,4
2024-02-12,South,Electronics,313.66,1
2024-07-11,Central,Groceries,41.29,3
2024-08-28,Central,Home & Garden,236.85,4
2024-03-16,South,Electronics,675.98,1
2024-01-10,east,Electronics,718.36,2
2023-07-17,central,Electronics,304.91,2
2023-12-25,West,Clothing,46.46,3
2024-04-30,North,Home & Garden,28.31,4
2023-09-17,South,Electronics,608.74,5
2024-07-15,South,Groceries,47.44,5
2023-09-05,North,Electronics,569.63,3
2024-11-06,North,Groceries,44.09,4
2023-12-09,North,Electronics,1073.12,4
2024-02-28,North,Toys,27.62,4
2023-07-24,North,Toys,38.58,5
2024-09-16,North,Groceries,24.02,3
2024-09-25,Central,Toys,58.25,1
2024-05-14,East,Electronics,778.75,2
2023-04-21,north,Electronics,232.8,5
2024-03-30,South,Toys,45.67,2
2024-05-30,North,Clothing,40.69,5
2023-02-28,West,Electronics,314.34,2
2023-01-03,West,Clothing,89.67,3
2024-08-19,Central,Home & Garden,267.45,5
2024-08-09,North,Clothing,26.77,4
2024-07-29,East,Home & Garden,231.98,2
2023-06-19,East,Groceries,47.62,5
2024-05-06,West,Toys,33.14,5
2024-07-08,West,Home & Garden,159.57,1
2023-06-22,Central,Toys,23.51,2
2023-07-16,East,Clothing,57.96,2
2024-07-01,South,Electronics,363.48,2
2024-10-29,West,Toys,60.07,2
2023-01-18,West,Clothing,112.75,4
2024-02-12,East,Electronics,797.06,4
2023-01-29,North,Electronics,859.98,3
2023-04-10,South,Home & Garden,271.97,3
2023-02-28,South,Clothing,79.38,4
2024-10-07,Central,Groceries,33.63,5
2024-07-02,West,Electronics,317.34,2
2023-11-05,West,Clothing,114.68,2
2024-01-29,Central,Home & Garden,95.08,1
2024-04-22,West,Groceries,44.4,2
2024-07-12,West,Home & Garden,150.35,3
2023-07-19,West,Clothing,91.73,2
2023-11-11,North,Electronics,476.11,5
2024-01-24,South,Groceries,36.62,1
2023-03-30,South,Electronics,493.99,3
2024-05-27,East,Groceries,8.78,2
2023-05-03,North,Toys,59.91,1
2024-04-01,West,Toys,44.84,2
2023-03-21,East,Home & Garden,83.65,5
2023-06-15,East,Clothing,,4
2023-04-23,North,Toys,51.29,5
2023-11-01,South,Electronics,181.99,2
2024-09-15,Central,Electronics,678.34,3
2023-12-15,West,Toys,84.11,1
2024-10-05,South,Electronics,713.46,1
2024-01-20,Central,Clothing,63.19,4
2024-04-23,East,Clothing,20.23,5
2024-07-26,North,Electronics,562.8,3
2024-08-18,Central,Groceries,37.59,2
2023-03-02,South,Groceries,46.35,2
2024-12-19,Central,Clothing,54.5,1
2023-12-08,East,Home & Garden,186.82,1
2024-11-23,North,Toys,52.51,1
2023-09-20,West,Groceries,19.96,3
2024-06-12,Central,Electronics,467.12,1
2024-02-02,North,Electronics,443.27,3
2023-06-26,West,Groceries,20.7,1
2023-05-08,North,Home & Garden,,3
2024-03-02,west,Clothing,115.75,5
2023-03-06,East,Toys,49.85,2
2024-12-23,Central,Home & Garden,148.68,1
2023-07-12,East,Electronics,771.08,4
2023-08-14,West,Electronics,396.57,5
2023-11-19,Central,Home & Garden,129.02,5
2024-12-09,East,Home & Garden,141.36,4
2023-12-08,East,Electronics,346.57,1
2024-09-05,East,Electronics,684.22,5
2024-11-05,East,Groceries,24.72,3
2023-06-01,East,Electronics,458.9,3
2024-06-30,East,Toys,32.43,1
2024-12-13,East,Clothing,46.34,5
2023-01-04,Central,Home & Garden,128.11,1
2024-06-25,South,Electronics,291.3,3
2023-01-08,North,Toys,51.55,4
2024-03-14,South,Groceries,5.19,1
2024-01-28,South,Groceries,25.14,5
2024-01-15,East,Electronics,761.41,1
2023-07-07,Central,Groceries,49.33,4
2023-11-15,West,Clothing,93.94,1
2023-02-05,Central,Home & Garden,97.8,2
2023-09-22,East,Clothing,,4
2023-06-18,South,Groceries,25.65,2
2023-07-30,Central,Toys,64.5,4
2024-09-03,South,Electronics,782.49,1
2023-05-04,South,Electronics,521.67,5
2024-08-18,North,Electronics,619.1,2
2024-11-13,West,Toys,33.38,4
2024-06-08,Central,Groceries,55.67,2
2023-12-13,East,Groceries,24.99,1
2023-11-17,West,Electronics,518.53,3
2023-08-30,Central,Home & Garden,135.41,4
2024-09-04,West,Home & Garden,57.56,1
2023-12-21,South,Electronics,704.63,4
2024-11-18,East,Groceries,25.1,5
2023-03-09,South,Clothing,102.43,2
2024-01-01,Central,Toys,77.98,4
2024-11-05,West,Clothing,87.94,5
2023-01-09,South,Electronics,227.19,5
2024-07-26,West,Groceries,47.01,3
2023-03-07,North,Electronics,885.78,5
2024-09-23,North,Groceries,39.49,1
2024-06-15,East,Toys,68.44,1
2023-06-25,East,Clothing,102.06,5
2024-11-27,South,Home & Garden,282.64,1
2023-10-07,South,Clothing,54.45,1
2024-01-05,South,Groceries,20.4,5
2024-12-07,East,Home & Garden,115.76,5
2024-12-24,West,Home & Garden,200.98,5
2023-12-12,North,Clothing,85.92,3
2023-06-20,Central,Groceries,48.0,1
2024-09-04,South,Home & Garden,219.55,3
2024-02-22,west,Toys,,4
2023-08-07,West,Home & Garden,148.69,4
2024-01-29,West,Home & Garden,287.04,3
2023-10-08,South,Clothing,79.82,5
2023-11-03,Central,Electronics,314.79,2
2024-06-02,Central,Clothing,91.68,1
2023-07-17,South,Clothing,93.87,1
2023-03-28,East,Home & Garden,194.31,1
2023-06-30,West,Home & Garden,124.39,2
2024-01-22,West,Home & Garden,147.05,2
2024-01-30,East,Home & Garden,100.19,5
2024-05-31,West,Clothing,92.57,4
2023-10-15,West,Home & Garden,280.4,4
2023-01-28,Central,Clothing,77.61,4
2024-06-02,South,Clothing,36.74,3
2024-07-24,Central,Clothing,15.54,5
2024-03-29,East,Toys,14.83,5
2023-07-18,Central,Groceries,18.67,2
2023-06-22,Central,Electronics,613.31,1
2023-06-03,West,Groceries,39.48,5
2023-09-14,North,Home & Garden,226.61,2
2024-10-04,West,Clothing,116.63,1
2024-03-19,West,Toys,66.0,4
2023-03-14,West,Toys,11.48,3
2023-09-04,West,Home & Garden,139.34,2
2023-09-20,Central,Home & Garden,98.99,1
2023-03-12,East,Home & Garden,155.49,5
2023-03-27,North,Groceries,50.07,4
2024-01-31,East,Toys,48.95,3
2023-03-04,North,Toys,13.85,5
2024-01-13,South,Electronics,721.9,2
2023-08-23,North,Toys,46.49,5
2023-05-04,North,Electronics,543.61,5
2024-07-08,East,Electronics,466.72,3
2024-02-05,South,Electronics,613.87,2
2024-12-07,East,Electronics,313.04,4
2023-08-24,North,Home & Garden,148.72,1
2024-04-26,East,Toys,71.69,2
2023-08-19,West,Home & Garden,196.87,3
2023-10-22,East,Home & Garden,144.27,5
2023-04-23,North,Clothing,119.43,3
2024-08-09,East,Clothing,35.61,4
2024-03-13,East,Clothing,115.36,3
2023-09-18,South,Groceries,18.15,4
2024-12-13,East,Home & Garden,134.2,3
2024-08-24,East,Groceries,31.85,5
2024-03-05,North,Clothing,34.01,5
2024-01-16,South,Home & Garden,56.2,3
2023-11-15,East,Toys,21.69,5
2023-08-08,West,Home & Garden,223.2,5
2023-07-27,Central,Groceries,12.57,4
2024-03-14,West,Groceries,58.89,3
2023-10-16,Central,Home & Garden,231.61,2
2024-08-13,West,Toys,10.31,5
2023-03-04,East,Electronics,485.66,1
2024-05-17,West,Electronics,259.36,5
2023-11-12,East,Groceries,59.96,1
2024-07-18,West,Toys,52.81,2
2024-03-29,East,Electronics,554.36,3
2023-08-12,West,Clothing,84.31,3
2024-11-05,East,Electronics,608.75,4
2024-02-11,East,Groceries,6.91,4
2023-10-23,Central,Toys,78.61,2
2024-06-09,South,Clothing,67.78,4
2024-08-05,Central,Clothing,65.76,5
2023-01-15,North,Clothing,41.51,2
2024-08-04,Central,Toys,51.15,5
2023-12-07,Central,Toys,46.31,1
2024-08-26,South,Electronics,889.97,1
2023-12-15,Central,Groceries,35.87,3
2023-03-01,West,Home & Garden,258.62,2
2023-08-17,Central,Groceries,9.44,4
2023-10-05,South,Groceries,22.34,5
2023-08-22,South,Groceries,55.77,1
2024-06-25,West,Toys,46.01,2
2024-01-03,North,Toys,48.21,4
2024-01-17,East,Electronics,462.39,3
2024-05-08,North,Electronics,374.23,4
2023-03-01,Central,Home & Garden,92.09,4
2024-03-18,Central,Groceries,56.28,4
2024-01-31,North,Clothing,39.24,2
2024-07-06,Central,Groceries,7.03,5
2024-08-18,Central,Electronics,221.49,5
2024-10-30,North,Groceries,21.0,4
2023-04-14,Central,Toys,50.9,5
2023-12-08,South,Toys,60.68,4
2023-11-11,North,Clothing,55.67,3
2024-07-01,North,Groceries,7.73,3
2024-07-03,North,Electronics,450.1,4
2024-10-24,Central,Groceries,53.82,3
2024-01-25,north,Home & Garden,136.66,5
2023-08-28,East,Electronics,173.34,5
2024-10-03,north,Groceries,20.43,4
2024-06-18,West,Toys,29.34,5
2023-11-12,East,Clothing,111.49,1
2023-10-05,South,Clothing,24.73,5
2024-09-18,Central,Toys,31.32,1
2024-12-01,West,Clothing,118.49,4
2023-08-22,West,Toys,60.48,3
2024-11-29,South,Electronics,726.01,2
2023-10-14,North,Groceries,20.71,5
2024-09-23,South,Home & Garden,197.8,4
2023-08-01,North,Toys,53.87,5
2023-04-18,West,Home & Garden,256.09,1
2024-01-07,South,Clothing,106.45,5
2024-12-13,Central,Groceries,54.65,2
2024-04-21,East,Home & Garden,290.01,4
2023-01-05,West,Home & Garden,234.81,1
2024-12-18,South,Toys,49.3,2
2023-01-15,South,Clothing,87.97,1
2024-06-05,Central,Electronics,159.03,4
2023-01-14,West,Toys,71.66,2
2023-10-06,East,Electronics,550.47,3
2023-12-11,North,Home & Garden,,1
2024-09-16,Central,Clothing,101.79,2
2024-10-12,East,Home & Garden,177.47,3
2024-05-01,West,Toys,36.09,5
2023-02-26,Central,Toys,19.73,3
2024-03-04,West,Clothing,115.58,4
2024-05-13,West,Groceries,29.67,5
2023-04-20,North,Groceries,33.6,3
2023-11-28,South,Electronics,704.98,4
2024-11-03,South,Clothing,41.88,4
2024-10-28,Central,Groceries,34.79,5
2023-02-16,Central,Groceries,28.89,2
2023-11-17,central,Home & Garden,269.12,2
2024-09-27,South,Groceries,7.92,4
2023-04-06,North,Electronics,510.71,3
2023-03-22,South,Groceries,33.47,4
2023-06-17,east,Electronics,340.16,1
2024-08-23,North,Electronics,231.93,3
2024-06-29,North,Groceries,29.26,1
2024-09-11,West,Home & Garden,288.92,4
2024-02-29,West,Toys,76.28,5
2023-06-09,South,Electronics,177.19,2
2024-04-16,North,Electronics,818.12,1
2024-01-29,Central,Toys,68.29,4
2023-06-29,West,Home & Garden,178.31,3
2024-07-16,North,Clothing,50.15,5
2024-08-05,West,Toys,48.01,2
2023-08-20,West,Clothing,27.77,5
2024-04-10,South,Clothing,15.7,5
2023-12-20,West,Electronics,312.87,1
2024-06-08,Central,Electronics,561.35,5
2024-02-19,South,Toys,10.98,1
2024-07-16,East,Electronics,579.77,3
2024-03-10,North,Electronics,312.11,5
2024-02-02,West,Groceries,5.66,4
2024-07-15,West,Toys,22.72,1
2023-11-14,South,Toys,12.74,5
2024-02-16,Central,Groceries,47.39,3
2023-12-05,East,Electronics,1133.11,5
2024-06-18,North,Electronics,221.71,3
2023-04-13,North,Home & Garden,79.85,2
2024-03-20,South,Electronics,159.85,1
2023-12-28,North,Home & Garden,244.65,1
2024-03-10,West,Clothing,62.9,4
2024-10-03,South,Home & Garden,166.61,2
2024-07-26,East,Clothing,41.28,3
2023-09-23,South,Home & Garden,156.03,2
2024-09-04,North,Toys,,3
2024-07-15,West,Clothing,47.45,5
2023-11-08,north,Groceries,45.39,5
2024-04-14,West,Toys,18.78,1
2024-10-18,West,Groceries,20.52,4
2024-10-27,West,Electronics,859.02,4
2023-08-22,West,Toys,17.92,1
2024-08-26,Central,Toys,65.68,4
2024-03-25,North,Home & Garden,184.57,5
2023-09-19,North,Clothing,97.68,2
2024-06-10,East,Clothing,51.39,3
2023-01-31,North,Groceries,48.07,2
2023-01-14,Central,Electronics,594.7,5
2023-05-07,Central,Home & Garden,76.69,2
2023-04-19,Central,Groceries,29.64,5
2023-02-01,South,Clothing,48.14,4
2023-01-09,Central,Toys,64.5,1
2024-02-20,west,Electronics,522.28,3
2023-11-16,north,Clothing,75.46,2
2024-11-18,East,Home & Garden,111.97,1
2023-03-29,East,Electronics,404.75,3
2023-01-22,South,Electronics,429.13,3
2024-02-17,Central,Clothing,73.74,3
2023-06-07,North,Electronics,213.57,1
2023-07-10,South,Groceries,52.8,3
2023-07-06,West,Home & Garden,177.49,1
2024-06-14,West,Clothing,42.86,4
2023-10-27,North,Groceries,8.24,1
2024-08-23,South,Home & Garden,28.14,4
2023-10-12,North,Groceries,43.53,2
2023-01-10,West,Groceries,,1
2023-08-08,Central,Toys,78.56,3
2024-10-04,East,Toys,47.71,1
2023-06-27,South,Electronics,730.62,3
2023-03-04,Central,Groceries,14.66,4
2024-01-14,Central,Electronics,707.88,3
2024-10-31,Central,Home & Garden,157.43,1
2023-01-31,Central,Toys,68.96,1
2024-01-14,West,Toys,59.35,4
2024-05-16,North,Electronics,290.69,1
2024-01-05,West,Home & Garden,154.03,5
2023-10-17,South,Groceries,37.15,5
2024-05-13,Central,Home & Garden,67.29,2
2024-01-17,Central,Clothing,92.16,1
2023-03-19,South,Groceries,29.07,1
2023-12-31,South,Toys,45.14,4
2023-08-31,North,Home & Garden,32.96,5
2024-05-30,south,Electronics,462.01,5
2024-10-05,Central,Home & Garden,254.95,1
2024-02-29,North,Home & Garden,134.5,2
2023-04-09,West,Toys,41.51,3
2024-07-16,South,Home & Garden,56.81,1
2023-01-04,Central,Home & Garden,163.18,1
2024-10-05,west,Electronics,748.83,5
2023-06-26,West,Home & Garden,287.0,1
2024-03-19,South,Toys,76.25,2
2023-12-04,Central,Home & Garden,94.27,5
2024-02-01,West,Groceries,30.09,4
2024-09-25,Central,Electronics,380.52,1
2024-10-26,East,Home & Garden,59.29,1
2024-03-15,West,Clothing,114.21,5
2024-09-12,Central,Groceries,51.72,4
2023-04-01,South,Electronics,483.57,4
2024-03-27,South,Clothing,26.98,5
2024-03-12,North,Home & Garden,252.17,1
2023-05-26,East,Toys,66.8,2
2024-01-03,Central,Groceries,31.36,1
2024-01-25,West,Home & Garden,91.53,4
2023-05-27,North,Home & Garden,109.09,2
2023-08-22,South,Electronics,349.05,4
2023-09-08,South,Toys,43.18,1
2024-04-21,East,Clothing,24.37,3
2024-12-18,North,Groceries,48.47,2
2024-05-22,Central,Clothing,43.42,1
2024-05-31,West,Electronics,816.93,2
2024-07-21,North,Clothing,42.02,4
2024-01-15,East,Groceries,13.86,2
2023-12-06,North,Clothing,88.03,5
2023-03-26,East,Clothing,48.44,4
2024-12-18,North,Electronics,737.56,1
2023-05-17,East,Clothing,96.9,5
2024-07-09,North,Electronics,262.85,4
2024-02-19,North,Clothing,66.35,1
2023-01-04,South,Groceries,18.98,2
2024-01-21,East,Home & Garden,172.6,4
2024-10-08,South,Electronics,598.17,1
2024-05-17,South,Electronics,242.71,1
2023-07-21,West,Clothing,61.66,3
2023-02-03,north,Toys,43.71,3
2023-11-14,West,Groceries,32.8,4
2023-06-27,North,Home & Garden,134.08,5
2023-04-22,Central,Groceries,30.34,4
2023-08-26,Central,Home & Garden,150.92,5
2023-06-13,East,Groceries,36.29,4
2023-12-12,West,Clothing,98.93,3
2023-12-21,West,Home & Garden,162.01,4
2024-07-25,Central,Clothing,106.1,4
2024-06-20,North,Toys,53.61,4
2024-02-02,east,Home & Garden,218.67,5
2024-12-30,East,Toys,72.77,1
2023-08-26,South,Toys,75.2,1
2023-01-27,Central,Clothing,66.28,5
2023-09-21,south,Clothing,62.72,2
2023-11-19,central,Home & Garden,184.06,2
2024-12-21,West,Home & Garden,67.85,5
2023-02-18,East,Groceries,32.4,4
2024-06-29,South,Toys,37.51,3
2024-04-07,West,Toys,65.67,4
2024-12-19,South,Home & Garden,228.86,1
2024-05-30,Central,Toys,62.3,1
2024-03-10,East,Toys,25.52,4
2024-05-12,South,Home & Garden,32.66,1
2023-08-21,Central,Clothing,50.27,3
2023-12-19,Central,Electronics,379.83,2
2024-08-17,Central,Electronics,807.58,2
2024-04-28,South,Groceries,35.15,2
2024-12-19,West,Groceries,17.75,4
2023-07-22,West,Electronics,546.87,5
2024-05-06,Central,Clothing,104.86,3
2023-11-12,South,Toys,37.44,2
2023-07-01,Central,Toys,39.16,1
2024-02-25,south,Toys,11.07,5
2024-08-05,north,Groceries,56.47,5
2023-06-12,North,Home & Garden,109.64,1
2024-04-19,East,Clothing,94.09,4
2024-08-24,Central,Toys,50.68,4
2023-12-23,West,Groceries,50.39,4
2024-08-30,South,Home & Garden,57.29,2
2023-11-09,south,Toys,10.65,5
2023-07-10,West,Clothing,100.37,2
2023-07-22,South,Electronics,268.31,5
2023-01-02,East,Electronics,437.2,3
2024-09-08,North,Toys,24.33,1
2024-11-02,Central,Toys,73.73,5
2024-06-09,North,Toys,57.64,2
2024-06-26,West,Groceries,11.61,4
2023-11-03,South,Groceries,,4
2023-10-05,West,Toys,42.03,2
2023-07-14,North,Groceries,13.95,3
2023-10-10,North,Toys,12.79,4
2024-03-24,East,Electronics,751.7,4
2023-10-29,Central,Home & Garden,45.69,4
2024-02-11,Central,Electronics,476.88,2
2024-06-21,North,Electronics,746.22,5
2024-07-14,Central,Electronics,828.53,4
2023-05-12,North,Clothing,109.08,1
2023-06-05,East,Toys,23.22,5
2024-05-06,West,Electronics,652.57,1
2024-03-17,East,Home & Garden,78.71,5
2023-05-17,Central,Electronics,741.98,3
2023-10-07,Central,Groceries,43.3,2
2023-05-05,north,Groceries,30.08,1
2024-02-18,North,Groceries,12.25,1
2024-01-22,south,Electronics,581.98,5
2024-01-30,Central,Home & Garden,55.45,3
2024-03-29,West,Clothing,17.26,5
2024-05-05,South,Groceries,29.89,2
2023-10-21,West,Groceries,59.7,4
2023-04-07,South,Groceries,27.65,5
2024-08-11,West,Toys,33.62,1
2024-07-17,West,Toys,47.69,4
2023-10-03,West,Clothing,46.3,1
2023-09-08,North,Clothing,70.52,1
2023-01-27,South,Clothing,93.08,1
2024-12-10,West,Electronics,419.73,1
2024-10-20,north,Home & Garden,263.81,4
2024-02-01,central,Clothing,41.15,4
2023-03-13,north,Electronics,760.97,1
2024-10-13,South,Clothing,64.41,3
2024-05-31,South,Toys,18.74,1
2023-06-07,South,Groceries,20.46,1
2024-04-30,West,Home & Garden,114.78,1
2024-11-29,South,Toys,41.47,1
2023-02-04,West,Clothing,16.2,2
2023-03-10,Central,Electronics,196.32,1
2023-07-17,North,Electronics,443.81,4
2024-12-23,West,Electronics,1133.46,4
2024-09-24,Central,Toys,50.29,2
2023-09-02,Central,Clothing,65.75,3
2023-10-23,East,Electronics,243.43,1
2023-01-22,East,Electronics,,3
2024-11-20,south,Electronics,436.66,4
2024-12-09,Central,Groceries,6.29,4
2024-05-08,South,Clothing,40.88,2
2024-04-06,East,Electronics,313.02,2
2023-10-29,Central,Toys,37.66,2
2024-08-28,North,Home & Garden,241.4,1
2024-08-21,Central,Toys,51.4,1
2023-06-19,South,Groceries,34.42,2
2024-04-28,South,Electronics,489.46,4
2023-07-31,West,Clothing,109.54,5
2023-02-06,South,Electronics,654.65,2
2024-08-04,North,Home & Garden,,3
2024-09-01,East,Toys,33.03,1
2024-04-10,Central,Groceries,29.61,5
2023-09-02,East,Home & Garden,91.87,2
2023-03-23,South,Home & Garden,127.4,2
2023-02-07,Central,Groceries,53.64,4
2024-06-13,East,Home & Garden,137.49,2
2023-03-23,North,Electronics,206.34,4
2024-02-06,Central,Clothing,26.46,2
2023-10-07,North,Home & Garden,234.93,1
2024-09-23,West,Toys,58.18,3
2024-01-18,South,Groceries,15.0,4
2024-11-28,South,Electronics,712.32,4
2024-01-22,Central,Toys,75.18,2
2023-07-21,Central,Toys,70.75,3
2023-07-07,South,Groceries,5.9,3
2024-07-22,Central,Home & Garden,194.7,4
2023-06-21,South,Home & Garden,261.51,5
2024-08-23,East,Home & Garden,101.05,4
2024-05-02,Central,Electronics,760.45,5
2023-04-30,North,Electronics,270.06,5
2024-07-28,East,Toys,28.45,1
2023-01-09,Central,Toys,59.51,2
2024-07-25,North,Clothing,49.33,4
2023-02-11,North,Groceries,41.7,1
2023-02-12,West,Clothing,29.94,3
2024-06-19,West,Groceries,12.96,4
2023-04-15,North,Toys,49.96,1
2023-04-11,Central,Toys,79.52,2
2024-08-14,north,Toys,67.44,5
2024-07-09,South,Clothing,51.41,4
2024-09-13,Central,Electronics,768.86,1
2023-07-17,South,Toys,22.41,1
2024-06-29,North,Groceries,8.1,4
2023-07-22,Central,Toys,41.9,2
2023-08-20,West,Clothing,117.88,5
2023-06-28,East,Toys,42.35,2
2024-05-04,Central,Electronics,872.77,5
2024-11-25,central,Home & Garden,259.16,5
2024-01-15,east,Clothing,44.01,2
2023-10-29,East,Home & Garden,224.28,5
2023-11-29,North,Electronics,852.51,4
2024-08-09,Central,Groceries,49.65,5
2024-10-25,East,Electronics,851.59,2
2023-07-21,North,Electronics,231.66,3
2024-01-07,South,Clothing,30.56,4
2024-06-21,West,Groceries,46.65,5
2023-08-18,North,Clothing,96.08,3
2023-05-23,West,Home & Garden,83.37,2
2024-03-11,West,Home & Garden,189.18,4
2024-04-14,West,Electronics,865.17,5
2023-04-12,East,Home & Garden,201.59,5
2024-09-14,East,Toys,48.52,1
2024-09-24,Central,Electronics,596.21,2
2023-02-14,Central,Groceries,,5
2023-02-15,East,Groceries,5.35,1
2024-11-05,South,Home & Garden,28.07,5
2023-01-10,South,Electronics,731.65,2
2024-09-01,North,Electronics,615.16,3
2023-06-04,Central,Clothing,66.62,1
2024-02-09,Central,Clothing,72.36,3
2024-02-02,Central,Groceries,17.47,1
2024-09-15,East,Electronics,886.52,5
2023-05-13,south,Home & Garden,146.17,2
2024-04-16,North,Electronics,704.71,2
2024-01-10,North,Electronics,614.17,1
2024-01-05,East,Electronics,305.88,3
2024-06-30,North,Groceries,31.84,1
2024-09-15,East,Home & Garden,63.39,5
2023-05-01,South,Electronics,324.55,4
2023-11-09,North,Clothing,48.42,4
2024-10-25,Central,Groceries,34.12,4
2023-09-20,North,Electronics,240.2,4
2023-05-15,North,Groceries,15.82,3
2024-08-19,North,Clothing,89.52,5
2023-09-18,Central,Toys,49.11,3
2024-08-23,North,Home & Garden,148.96,1
2023-11-26,West,Toys,51.39,1
2023-06-24,North,Electronics,436.39,1
2024-01-03,North,Clothing,80.1,4
2023-11-13,East,Groceries,44.15,5
2024-05-25,North,Home & Garden,156.09,3
2024-10-10,Central,Groceries,17.71,1
2023-01-12,West,Clothing,48.03,3
2023-06-09,West,Electronics,788.03,3
2023-01-08,Central,Home & Garden,290.21,5
2024-12-21,North,Toys,97.77,5
2023-06-26,West,Home & Garden,214.17,5
2023-09-04,West,Electronics,156.51,3
2023-10-12,West,Clothing,46.54,4
2024-04-23,South,Electronics,846.43,1
2024-04-06,South,Electronics,193.11,3
2024-05-04,North,Clothing,108.97,5
2024-02-01,North,Home & Garden,223.93,4
2024-09-02,West,Home & Garden,264.49,5
2023-09-09,West,Electronics,759.3,2
2023-09-07,Central,Electronics,746.81,3
2024-04-22,East,Home & Garden,160.17,4
2024-12-25,West,Home & Garden,270.06,2
2024-03-07,Central,Electronics,328.76,4
2023-01-26,East,Home & Garden,206.2,2
2024-03-23,West,Groceries,50.8,3
2024-12-20,Central,Groceries,55.92,4
2023-10-08,West,Home & Garden,284.69,5
2023-10-29,South,Clothing,108.24,5
2023-10-30,West,Home & Garden,27.62,4
2024-05-19,North,Electronics,302.87,2
2024-06-05,north,Electronics,639.38,4
2024-07-11,East,Clothing,104.59,5
2023-10-26,south,Clothing,82.61,5
2024-09-17,North,Groceries,51.48,5
2024-02-15,Central,Clothing,96.95,5
2024-08-21,East,Home & Garden,24.46,3
2024-04-17,East,Groceries,59.23,1
2024-10-19,South,Groceries,17.69,1
2024-09-30,South,Groceries,22.21,4
2023-10-17,North,Home & Garden,156.19,3
2023-02-18,Central,Clothing,101.48,5
2024-03-18,Central,Clothing,94.74,5
2024-03-25,East,Toys,54.49,4
2023-06-18,South,Clothing,20.11,4
2023-06-20,West,Clothing,28.34,1
2024-09-30,West,Clothing,28.02,4
2023-07-02,West,Electronics,515.67,3
2023-09-11,Central,Toys,50.79,3
2024-07-02,South,Clothing,20.58,2
2024-07-06,West,Home & Garden,287.76,2
2024-02-28,North,Electronics,741.59,4
2023-02-07,Central,Electronics,382.36,4
2023-11-08,West,Electronics,806.07,2
2023-08-05,South,Toys,58.59,5
2023-10-23,North,Toys,30.88,5
2023-03-19,Central,Clothing,52.41,3
2023-07-31,West,Electronics,501.14,3
2023-03-03,South,Home & Garden,287.28,2
2024-06-09,East,Clothing,39.11,4
2024-08-18,East,Toys,,1
2024-07-21,North,Groceries,59.66,5
2023-06-02,North,Toys,26.42,4
2023-02-13,South,Clothing,109.96,5
2023-01-16,South,Home & Garden,49.28,3
2023-04-13,North,Toys,69.25,3
2023-11-19,north,Toys,11.14,1
2024-04-21,North,Toys,43.47,3
2024-07-18,West,Home & Garden,94.43,2
2024-03-06,North,Clothing,111.97,4
2024-10-05,West,Electronics,291.64,2
2023-07-06,North,Groceries,21.19,2
2024-04-16,Central,Groceries,59.63,2
2023-05-29,South,Clothing,73.8,4
2023-08-10,North,Groceries,17.14,4
2024-04-14,South,Toys,17.31,3
2024-08-04,West,Clothing,99.55,1
2023-02-03,West,Toys,10.03,4
2023-01-29,East,Clothing,116.22,4
2023-08-05,Central,Toys,17.81,2
2024-08-29,West,Toys,41.31,1
2023-03-03,East,Home & Garden,282.89,4
2024-12-02,North,Groceries,46.71,1
2023-02-26,central,Electronics,866.59,3
2024-06-05,Central,Home & Garden,142.35,1
2023-10-04,North,Electronics,439.84,2
2024-07-31,West,Groceries,15.43,3
2023-05-04,West,Toys,29.01,3
2024-11-28,Central,Groceries,6.67,2
2023-05-18,Central,Electronics,647.67,4
2024-09-18,North,Home & Garden,124.31,5
2024-07-17,Central,Groceries,8.23,4
2023-04-16,Central,Home & Garden,280.94,5
2023-12-01,North,Groceries,13.93,2
2024-08-11,South,Toys,54.34,2
2023-11-03,East,Toys,65.61,1
2023-05-20,West,Electronics,612.66,2
2023-05-27,Central,Home & Garden,193.76,5
2023-04-11,Central,Toys,79.72,3
2024-02-07,Central,Groceries,49.96,2
2024-01-05,West,Groceries,49.77,2
2024-04-14,South,Electronics,181.06,5
2024-10-24,South,Toys,40.39,3
2024-10-05,East,Clothing,79.32,1
2023-04-03,North,Clothing,79.14,5
2023-10-08,North,Home & Garden,211.85,3
2024-05-07,West,Clothing,61.93,5
2023-01-11,South,Groceries,9.7,5
2024-12-30,East,Home & Garden,,3
2023-11-18,Central,Home & Garden,224.86,3
2024-05-22,East,Toys,15.6,3
2024-05-09,East,Groceries,11.03,2
2024-06-15,south,Electronics,679.93,1
2024-08-20,South,Toys,61.97,2
2024-07-02,Central,Home & Garden,56.06,4
2024-12-06,North,Clothing,95.96,2
2023-05-30,West,Toys,10.29,3
2024-07-04,North,Toys,53.07,2
2024-03-25,North,Electronics,162.7,1
2023-12-29,East,Clothing,16.35,1
2023-03-07,East,Home & Garden,250.12,2
2024-06-12,East,Home & Garden,112.85,3
2024-12-20,Central,Electronics,666.04,4
2024-11-08,west,Groceries,58.23,1
2024-06-06,South,Electronics,363.7,4
2023-05-16,Central,Clothing,41.11,1
2024-02-29,East,Home & Garden,52.79,1
2023-07-21,South,Electronics,606.44,5
2024-10-21,Central,Electronics,225.8,4
2024-05-12,West,Groceries,31.83,2
2024-04-23,East,Toys,15.47,1
2024-02-17,North,Home & Garden,282.84,1
2023-04-25,North,Electronics,581.64,1
2023-05-17,West,Toys,20.95,5
2024-08-07,West,Electronics,417.44,4
2023-11-16,West,Home & Garden,51.6,5
2023-05-01,North,Groceries,50.59,5
2024-01-16,North,Toys,72.51,1
2023-09-24,West,Electronics,897.61,1
2024-08-10,Central,Clothing,20.13,3
2024-05-19,south,Home & Garden,131.94,1
2024-10-20,Central,Groceries,18.16,1
2024-04-27,Central,Toys,24.27,5
2023-08-13,South,Toys,47.44,3
2023-11-13,Central,Electronics,267.67,3
2023-01-03,North,Home & Garden,271.6,4
2024-12-06,East,Groceries,40.45,2
2023-12-04,North,Groceries,42.09,1
2024-06-15,South,Toys,58.4,3
2024-06-29,Central,Groceries,44.15,2
2023-07-24,South,Toys,29.91,4
2023-03-26,Central,Clothing,71.88,1
2024-10-13,North,Toys,11.63,1
2024-11-05,west,Groceries,,5
2024-06-30,East,Groceries,12.53,1
2023-12-30,North,Home & Garden,249.82,2
2023-08-09,East,Home & Garden,290.34,1
2024-03-29,North,Groceries,17.79,2
2023-06-15,South,Home & Garden,168.28,5
2023-04-07,North,Groceries,10.69,1
2024-05-10,East,Home & Garden,110.54,3
2024-05-02,west,Clothing,44.92,1
2023-01-05,East,Electronics,522.03,2
2023-04-04,West,Electronics,241.42,5
2024-10-17,north,Electronics,460.05,1
2024-02-01,West,Clothing,106.57,4
2024-08-10,Central,Groceries,12.68,3
2023-11-09,south,Electronics,528.16,3
2023-10-03,East,Clothing,48.65,2
2023-09-06,East,Electronics,316.64,5
2024-11-07,North,Toys,22.0,3
2024-06-24,South,Toys,45.19,2
2023-08-23,East,Electronics,870.66,5
2024-02-21,Central,Toys,34.33,3
2023-06-15,West,Electronics,229.95,4
2024-02-08,Central,Clothing,47.07,4
2023-05-24,Central,Electronics,738.82,3
2023-05-10,West,Toys,67.1,1
2024-11-09,West,Groceries,51.84,2
2023-01-02,East,Electronics,261.07,1
2024-09-29,South,Clothing,105.8,1
2023-12-25,East,Electronics,602.7,4
2024-07-31,West,Home & Garden,179.31,2
2024-07-09,East,Home & Garden,216.72,4
2024-12-30,Central,Electronics,1046.06,2
2023-10-24,West,Home & Garden,180.42,2
2023-08-20,West,Toys,36.03,3
2024-11-16,West,Electronics,466.86,1
2023-03-13,North,Home & Garden,56.09,2
2023-09-13,Central,Toys,78.39,3
2023-07-07,East,Toys,49.47,5
2024-08-19,Central,Clothing,95.92,5
2023-12-05,North,Electronics,628.42,5
2024-07-09,East,Toys,23.92,2
2023-05-31,East,Groceries,34.93,5
2024-10-04,West,Clothing,19.88,4
2024-03-19,Central,Home & Garden,132.85,3
2023-12-04,East,Groceries,41.19,3
2024-12-17,Central,Groceries,41.04,4
2024-03-28,east,Electronics,329.37,2
2024-10-13,Central,Home & Garden,220.74,3
2024-02-12,West,Clothing,78.03,3
2024-09-09,South,Electronics,873.0,2
2023-03-14,South,Groceries,39.38,3
2023-07-12,North,Electronics,822.79,1
2024-10-05,South,Clothing,80.31,5
2023-05-22,South,Home & Garden,220.11,1
2023-11-29,West,Toys,78.62,4
2023-08-28,East,Groceries,50.42,3
2023-03-25,South,Home & Garden,184.02,1
2024-10-29,Central,Electronics,858.47,1
2023-07-28,Central,Home & Garden,207.77,1
2024-01-19,West,Electronics,897.12,2
2024-05-08,South,Home & Garden,179.76,3
2023-01-04,South,Clothing,94.57,1
2024-02-24,North,Electronics,277.09,3
2023-09-27,East,Home & Garden,184.56,5
2023-03-09,Central,Groceries,24.47,1
2023-09-27,Central,Home & Garden,264.4,4
2024-12-09,East,Groceries,37.11,4
2024-03-26,North,Home & Garden,243.08,4
2023-10-27,East,Groceries,31.16,4
2023-10-15,North,Toys,43.08,5
2023-02-15,north,Groceries,54.39,1
2023-05-17,East,Electronics,574.17,5
2023-02-01,East,Electronics,747.18,5
2023-10-23,West,Toys,72.37,3
2024-08-04,Central,Toys,18.48,2
2024-11-19,South,Electronics,394.77,4
2023-09-11,Central,Electronics,413.14,3
2024-12-05,North,Groceries,19.27,2
2023-04-18,West,Electronics,630.64,4
2024-06-29,East,Clothing,71.04,5
2024-05-03,North,Groceries,52.55,3
2023-03-24,North,Home & Garden,201.76,5
2023-09-18,Central,Electronics,228.09,1
2023-12-11,South,Home & Garden,114.1,5
2023-05-09,Central,Groceries,26.74,2
2024-04-07,Central,Home & Garden,73.45,1
2023-01-17,Central,Groceries,41.82,1
2023-08-31,North,Toys,19.09,5
2024-05-22,south,Groceries,50.78,4
2023-05-01,Central,Electronics,841.67,2
2024-05-16,East,Electronics,246.25,1
2024-06-22,North,Home & Garden,58.79,3
2023-12-14,Central,Electronics,365.27,2
2023-04-02,East,Home & Garden,282.32,1
2024-12-25,West,Groceries,17.53,1
2023-09-05,Central,Electronics,620.62,1
2024-02-06,East,Clothing,119.16,3
2024-10-31,West,Clothing,28.65,1
2023-03-11,South,Groceries,37.24,4
2024-12-03,North,Home & Garden,196.88,2
2024-01-16,South,Electronics,184.55,2
2024-03-24,East,Toys,55.0,4
2023-03-14,East,Home & Garden,171.26,5
2023-07-12,South,Electronics,384.07,2
2023-05-10,East,Toys,23.07,5
2023-07-05,west,Electronics,594.89,4
2023-04-01,Central,Groceries,16.48,4
2024-11-25,Central,Groceries,19.39,5
2023-03-11,Central,Electronics,510.14,1
2023-07-12,East,Groceries,27.7,4
2024-09-20,West,Home & Garden,282.07,2
2024-11-15,North,Groceries,45.51,4
2024-08-15,West,Clothing,41.7,4
2023-04-23,West,Electronics,540.0,5
2023-05-08,South,Groceries,26.71,5
2024-07-29,South,Toys,70.06,4
2024-01-19,Central,Electronics,312.89,5
2024-06-17,North,Clothing,89.17,1
2024-01-11,North,Electronics,415.06,1
2024-08-05,West,Clothing,103.56,4
2024-08-22,North,Clothing,81.7,5
2023-12-04,West,Clothing,93.96,1
2023-04-13,North,Home & Garden,288.19,2
2023-04-06,East,Clothing,116.09,2
2023-04-11,East,Electronics,229.44,1
2024-10-31,West,Toys,29.03,3
2023-03-04,East,Groceries,50.13,2
2023-08-30,East,Groceries,48.08,4
2023-03-17,East,Toys,30.95,4
2024-12-02,South,Home & Garden,220.5,3
2023-09-12,Central,Clothing,77.98,2
2024-12-08,Central,Toys,72.89,5
2024-03-15,central,Groceries,27.79,4
2023-05-04,west,Clothing,63.17,3
2023-11-14,South,Toys,18.65,2
2023-01-07,South,Groceries,37.45,3
2023-11-18,West,Toys,48.64,4
2024-04-14,Central,Electronics,609.37,3
2024-06-29,North,Toys,22.81,3
2023-03-09,West,Electronics,164.38,3
2024-02-07,East,Electronics,865.97,5
2023-10-02,South,Clothing,23.85,1
2024-05-12,North,Toys,53.28,3
2024-08-25,South,Electronics,873.42,1
2024-04-26,East,Groceries,15.14,5
2024-04-23,North,Groceries,20.56,1
2024-08-18,North,Electronics,688.72,4
2023-07-02,East,Toys,51.25,2
2024-04-16,South,Toys,31.13,1
2023-05-06,West,Toys,16.79,2
2023-11-12,South,Clothing,29.65,1
2023-08-22,East,Home & Garden,96.23,4
2024-07-11,West,Electronics,204.99,3
2024-09-23,West,Toys,39.6,5
2024-10-21,West,Electronics,564.09,4
2024-06-11,West,Home & Garden,277.78,2
2023-05-23,Central,Groceries,12.12,4
2024-10-26,Central,Clothing,24.75,1
2024-08-15,East,Electronics,240.69,4
2023-04-01,North,Home & Garden,165.43,2
2023-06-23,Central,Home & Garden,233.27,2
2024-05-08,East,Home & Garden,220.35,3
2023-10-06,South,Home & Garden,,5
2023-12-09,South,Clothing,51.34,1
2023-01-26,Central,Electronics,378.56,1
2023-05-16,West,Home & Garden,206.63,4
2024-03-31,North,Home & Garden,39.13,2
2023-06-05,East,Toys,23.07,1
2023-04-17,East,Groceries,15.36,2
2024-04-08,East,Toys,71.13,5
2024-03-17,South,Toys,70.72,3
2023-09-02,South,Electronics,582.29,5
2023-02-16,East,Toys,34.14,4
2023-05-24,Central,Home & Garden,80.96,2
2023-08-01,South,Toys,69.4,1
2023-09-28,Central,Groceries,44.52,4
2024-12-26,Central,Clothing,72.86,3
2023-05-17,West,Home & Garden,48.01,1
2024-09-26,South,Electronics,810.6,4
2023-05-10,Central,Clothing,66.01,2
2024-09-05,South,Toys,68.64,1
2024-11-18,West,Clothing,21.27,2
2024-07-10,Central,Electronics,181.08,3
2023-02-17,South,Electronics,873.98,5
2023-10-13,north,Groceries,33.47,3
2023-07-13,East,Clothing,21.64,3
2023-07-30,North,Clothing,112.73,1
2024-01-24,South,Toys,41.76,5
2024-06-11,East,Electronics,188.14,1
2024-07-06,East,Home & Garden,149.37,4
2023-12-05,south,Electronics,739.2,4
2023-11-17,North,Clothing,60.14,1
2024-08-09,South,Home & Garden,37.75,4
2023-06-10,West,Home & Garden,144.89,2
2023-02-04,West,Clothing,16.2,2
2023-06-03,North,Groceries,52.14,2
2023-12-15,Central,Electronics,484.67,4
2024-09-25,North,Groceries,9.77,4
2024-05-06,North,Clothing,23.96,4
2023-01-26,Central,Clothing,58.34,3
2024-12-05,East,Toys,84.67,1
2023-04-08,north,Toys,12.82,4
2024-05-06,north,Home & Garden,257.13,3
2024-06-19,West,Electronics,351.36,2
2023-09-07,West,Toys,17.57,5
2024-08-26,east,Electronics,481.78,2
2023-01-12,North,Electronics,678.69,2
2024-06-30,West,Clothing,27.91,3
2024-12-23,Central,Electronics,672.74,4
2023-03-21,North,Groceries,42.35,4
2023-09-17,West,Toys,30.71,2
2023-09-18,East,Clothing,96.62,1
2023-10-08,West,Toys,78.59,2
2023-10-13,West,Toys,12.92,3
2023-04-25,East,Electronics,878.14,1
2023-03-17,East,Electronics,351.19,3
2024-05-28,East,Clothing,37.68,3
2024-11-21,Central,Groceries,10.9,4
2023-10-16,East,Groceries,18.04,1
2024-05-07,East,Clothing,65.06,1
2023-02-15,West,Toys,68.27,1
2023-08-27,North,Groceries,14.64,5
2023-07-26,West,Toys,10.3,3
2023-02-22,East,Electronics,331.93,5
2023-04-15,East,Home & Garden,231.52,3
2024-07-25,East,Home & Garden,69.96,3
2024-06-07,East,Home & Garden,290.94,2
2023-09-25,South,Home & Garden,149.63,4
2023-07-07,South,Groceries,53.07,5
2023-08-31,north,Clothing,67.39,5
2023-10-22,North,Electronics,303.11,3
2023-02-06,East,Groceries,28.51,5
2023-09-07,North,Home & Garden,233.52,5
2024-11-09,South,Home & Garden,,2
2024-09-13,North,Groceries,48.15,2
2023-04-26,North,Clothing,103.72,4
2024-11-22,North,Electronics,746.96,5
2024-04-08,North,Toys,57.04,4
2023-01-05,East,Toys,62.67,1
2024-05-01,Central,Home & Garden,224.62,5
2023-04-09,Central,Clothing,95.41,5
2023-03-06,Central,Clothing,45.73,2
2024-04-09,Central,Groceries,51.66,1
2023-12-25,North,Home & Garden,120.33,4
2024-06-23,East,Home & Garden,255.81,2
2023-06-15,South,Clothing,100.72,5
2024-12-24,East,Electronics,217.48,1
2023-07-01,East,Clothing,75.53,5
2023-01-05,West,Groceries,28.29,3
2024-12-02,Central,Electronics,1171.76,2
2024-01-11,east,Groceries,53.2,3
2023-05-27,East,Groceries,24.76,5
2023-08-28,South,Electronics,509.6,3
2024-03-26,Central,Electronics,,3
2024-06-13,Central,Clothing,116.93,2
2023-05-11,Central,Toys,29.72,4
2023-10-13,Central,Electronics,647.21,2
2023-02-20,West,Toys,29.62,5
2023-10-17,central,Toys,60.7,1
2023-04-16,West,Electronics,523.6,1
2024-12-24,East,Groceries,31.71,1
2024-10-14,East,Toys,38.93,3
2023-02-20,North,Groceries,15.17,5
2024-02-03,west,Groceries,47.34,3
2023-05-26,Central,Clothing,61.81,4
2024-01-07,South,Electronics,200.62,2
2023-10-13,Central,Clothing,107.17,2
2024-11-04,North,Clothing,22.16,1
2024-12-14,Central,Groceries,36.72,2
2024-09-03,North,Groceries,33.73,1
2023-01-09,East,Toys,23.05,3
2024-11-14,East,Clothing,42.06,5
2024-11-23,Central,Home & Garden,174.42,4
2023-09-08,North,Groceries,33.7,1
2023-10-11,Central,Toys,72.28,5
2023-08-28,South,Electronics,613.6,4
2023-06-21,East,Toys,55.18,5
2023-07-26,East,Toys,41.65,1
2023-03-12,Central,Groceries,39.48,5
2023-06-28,North,Groceries,6.75,3
2023-11-13,East,Clothing,99.8,1
2024-06-14,West,Home & Garden,136.97,3
2024-04-22,North,Clothing,88.96,1
2024-01-13,South,Groceries,12.85,5
2023-11-24,North,Home & Garden,277.49,1
2023-06-03,east,Groceries,48.83,5
2023-05-18,South,Toys,17.57,2
2023-07-09,South,Toys,32.72,1
2023-10-16,Central,Clothing,114.08,3
2023-03-12,Central,Home & Garden,159.71,4
2024-11-17,North,Electronics,378.25,5
2024-11-19,West,Electronics,464.5,2
2023-06-14,South,Home & Garden,221.79,4
2024-12-14,North,Toys,84.39,5
2024-09-02,North,Groceries,31.28,3
2023-03-29,West,Clothing,73.2,1
2023-02-03,West,Home & Garden,106.82,3
2024-10-04,Central,Electronics,732.44,5
2024-01-26,North,Electronics,651.87,1
2023-02-26,South,Electronics,853.55,3
2023-09-22,Central,Clothing,59.87,5
2024-05-10,East,Groceries,56.09,3
2024-11-11,East,Groceries,30.46,3
2023-08-15,North,Electronics,514.66,3
2024-01-25,North,Home & Garden,116.15,5
2024-06-13,West,Clothing,52.54,1
2024-12-11,West,Clothing,93.14,4
2024-09-03,North,Toys,48.68,3
2024-03-20,Central,Toys,68.14,1
2024-02-04,north,Groceries,32.73,5
2024-01-23,South,Groceries,54.03,3
2024-06-16,North,Home & Garden,54.19,1
2023-01-28,South,Groceries,53.84,5
2024-01-30,West,Electronics,213.36,3
2023-07-27,South,Home & Garden,190.09,5
2024-10-23,East,Toys,60.85,1
2023-09-20,south,Electronics,820.03,2
2023-06-02,West,Groceries,41.68,2
2024-11-23,East,Clothing,53.42,3
2024-10-17,Central,Home & Garden,283.77,4
2024-12-20,North,Home & Garden,283.34,1
2023-12-16,East,Toys,67.17,5
2023-09-04,West,Home & Garden,183.38,4
2024-10-11,Central,Clothing,72.4,1
2023-06-06,West,Clothing,69.57,4
2024-02-29,East,Home & Garden,254.79,2
2024-11-01,west,Clothing,58.57,5
2024-02-10,North,Toys,66.8,1
2024-07-12,East,Clothing,59.65,5
2024-04-05,south,Clothing,54.5,4
2024-04-21,Central,Home & Garden,44.79,4
2024-09-14,South,Toys,63.71,3
2024-12-14,North,Electronics,670.42,4
2023-01-19,South,Clothing,96.96,2
2023-01-09,Central,Groceries,26.58,3
2023-04-19,South,Clothing,31.18,4
2023-09-25,North,Electronics,784.2,3
2024-04-04,East,Toys,66.61,3
2024-06-05,North,Toys,75.51,5
2024-08-24,East,Toys,64.23,4
2023-12-31,South,Clothing,25.81,2
2024-04-02,East,Electronics,353.39,5
2023-08-16,East,Clothing,28.7,1
2023-07-10,Central,Electronics,172.86,5
2023-11-11,North,Electronics,300.85,3
2023-12-20,Central,Clothing,55.93,4
2024-09-25,Central,Groceries,47.77,4
2023-05-02,West,Clothing,79.07,1
2024-11-03,East,Clothing,60.14,4
2023-12-23,South,Groceries,26.69,3
2024-09-16,North,Clothing,71.69,1
2023-10-02,East,Groceries,59.99,2
2023-02-23,West,Electronics,286.84,1
2023-07-28,west,Toys,59.12,1
2023-10-31,Central,Groceries,22.0,4
2024-06-10,south,Clothing,61.29,4
2023-10-13,Central,Home & Garden,274.95,4
2024-07-15,north,Clothing,26.53,5
2024-06-02,south,Groceries,32.07,2
2023-12-15,Central,Home & Garden,116.16,1
2023-11-09,Central,Clothing,28.44,4
2024-11-01,West,Home & Garden,198.0,1
2023-06-13,Central,Groceries,24.24,1
2023-02-21,East,Electronics,256.92,5
2024-04-07,West,Clothing,88.42,2
2023-04-27,Central,Electronics,299.19,4
2024-07-02,West,Home & Garden,162.67,4
2024-11-07,North,Electronics,755.47,2
2023-10-05,West,Groceries,52.6,4
2023-10-22,East,Toys,20.34,4
2024-10-10,Central,Clothing,28.74,4
2024-12-08,South,Toys,83.23,4
2024-01-31,East,Toys,76.46,5
2024-01-02,South,Home & Garden,260.25,2
2024-05-23,North,Groceries,27.62,5
2023-03-25,West,Toys,37.64,1
2024-09-08,East,Toys,30.44,3
2023-10-19,West,Toys,26.92,1
2023-11-03,Central,Home & Garden,117.97,5
2024-06-27,East,Electronics,521.72,3
2024-07-02,East,Groceries,57.33,1
2024-06-17,North,Groceries,50.04,4
2024-04-30,North,Clothing,84.22,2
2023-08-08,East,Toys,49.32,2
2024-03-19,East,Toys,69.12,3
2024-10-15,Central,Electronics,520.52,5
2023-09-22,North,Electronics,608.75,1
2023-11-06,Central,Groceries,21.45,2
2024-08-10,East,Toys,16.72,1
2023-03-06,Central,Groceries,40.14,5
2023-07-13,South,Groceries,18.97,4
2023-09-23,South,Groceries,59.34,1
2024-10-18,Central,Clothing,108.87,5
2023-06-09,North,Electronics,706.16,1
2024-03-02,East,Electronics,635.59,5
2024-05-31,West,Groceries,37.54,2
2023-02-12,Central,Clothing,18.2,5
2024-07-02,Central,Home & Garden,70.37,2
2024-03-18,North,Clothing,55.85,4
2024-10-30,East,Electronics,,3
2023-07-01,West,Groceries,31.96,5
2023-11-29,South,Groceries,42.86,4
2024-11-13,West,Home & Garden,281.23,3
2024-04-10,South,Home & Garden,171.48,3
2023-05-04,Central,Clothing,113.35,3
2023-11-24,East,Home & Garden,83.65,5
2024-02-13,East,Toys,39.72,2
2024-06-22,north,Electronics,197.21,5
2024-01-04,east,Groceries,35.52,2
2023-04-17,North,Electronics,551.34,4
2024-10-29,North,Toys,63.63,4
2023-08-29,East,Toys,29.72,1
2023-08-17,North,Groceries,34.36,2
2023-12-22,North,Groceries,10.74,5
2023-03-13,West,Electronics,288.33,3
2023-01-14,West,Home & Garden,38.99,3
2023-02-10,East,Home & Garden,156.78,5
2024-07-11,North,Toys,27.34,2
2023-10-13,West,Electronics,253.7,2
2023-12-16,Central,Groceries,20.18,5
2023-03-27,South,Electronics,815.71,4
2023-09-07,North,Home & Garden,173.71,5
2023-06-07,East,Electronics,388.66,2
2024-07-30,North,Clothing,101.1,3
2024-02-18,North,Home & Garden,68.59,4
2024-12-02,West,Electronics,232.45,3
2023-05-05,East,Electronics,,2
2023-07-20,East,Electronics,254.05,4
2023-11-15,East,Clothing,25.36,1
2024-04-03,Central,Groceries,39.64,1
2023-05-21,South,Groceries,40.66,2
2023-07-16,North,Groceries,,2
2024-06-17,Central,Clothing,80.92,3
2024-12-04,Central,Home & Garden,229.07,1
2024-05-31,Central,Toys,49.66,5
2024-07-04,South,Toys,19.84,1
2023-11-10,South,Electronics,177.28,4
2024-04-06,east,Clothing,32.72,5
2024-02-01,North,Toys,,1
2023-04-24,Central,Electronics,383.83,4
2023-04-18,North,Groceries,32.34,2
2024-08-20,East,Home & Garden,214.78,1
2024-05-30,Central,Home & Garden,22.91,1
2023-10-15,North,Clothing,82.82,3
2024-09-02,East,Electronics,633.86,2
2023-05-25,Central,Groceries,16.22,2
2023-09-16,North,Clothing,101.4,1
2024-05-23,East,Toys,76.35,5
2023-03-22,East,Toys,30.22,4
2024-10-09,Central,Toys,22.69,2
2023-06-04,East,Home & Garden,201.14,5
2024-07-16,North,Home & Garden,158.07,4
2023-11-05,east,Groceries,35.83,2
2024-07-12,East,Toys,,2
2023-11-05,East,Home & Garden,242.63,1
2024-06-30,North,Toys,41.79,2
2023-06-13,East,Home & Garden,97.6,4
2023-04-21,East,Electronics,723.18,1
2023-07-04,South,Electronics,556.53,4
2024-09-19,West,Toys,65.68,5
2024-07-23,Central,Home & Garden,,5
2023-06-08,North,Home & Garden,243.49,2
2023-07-28,West,Electronics,843.55,4
2024-02-02,East,Electronics,651.5,3
2024-01-25,East,Clothing,20.86,5
2024-11-11,East,Toys,67.39,5
2023-09-30,North,Home & Garden,139.78,2
2024-07-06,West,Electronics,449.25,2
2023-12-19,Central,Groceries,20.1,5
2024-07-05,South,Groceries,49.88,4
2023-11-11,North,Home & Garden,72.45,3
2024-05-30,East,Groceries,18.75,3
2024-11-06,South,Groceries,54.91,4
2023-03-01,South,Toys,46.26,5
2023-10-08,East,Home & Garden,294.26,2
2024-05-03,North,Electronics,218.67,3
2024-07-15,South,Home & Garden,150.69,1
2023-07-21,South,Groceries,8.69,2
2023-05-16,Central,Electronics,316.2,4
2023-10-21,East,Clothing,16.72,5
2023-06-09,Central,Groceries,27.87,5
2023-05-02,West,Toys,30.76,3
2024-07-11,South,Clothing,46.51,4
2023-03-25,South,Groceries,13.52,3
2024-08-21,East,Clothing,91.72,4
2023-10-03,Central,Toys,64.52,5
2023-03-07,West,Electronics,833.86,4
2024-12-14,South,Electronics,1133.36,1
2024-07-24,North,Home & Garden,153.5,2
2023-05-14,North,Toys,21.5,2
2024-01-03,East,Electronics,587.42,2
2023-09-23,West,Electronics,739.74,1
2023-06-27,Central,Electronics,822.56,4
2024-07-06,North,Home & Garden,109.09,1
2024-08-17,East,Clothing,110.78,3
2024-08-30,West,Toys,62.99,2
2024-06-15,Central,Toys,61.06,3
2024-07-02,North,Electronics,230.76,2
2023-02-02,South,Electronics,616.81,2
2024-04-15,East,Home & Garden,49.24,2
2023-08-14,West,Clothing,87.14,2
2023-07-30,East,Electronics,708.23,1
2024-03-18,North,Toys,12.72,5
2024-01-23,Central,Home & Garden,289.7,4
2024-06-18,South,Toys,31.21,5
2023-06-14,Central,Groceries,48.17,3
2024-03-09,East,Toys,64.6,1
2024-01-14,West,Toys,71.74,2
2024-12-20,east,Clothing,83.99,5
2024-01-31,East,Clothing,92.02,3
2024-08-21,Central,Clothing,60.94,4
2024-10-19,East,Clothing,,5
2024-05-23,Central,Groceries,47.27,5
2023-05-26,West,Clothing,91.96,3
2023-05-27,North,Toys,76.02,5
2023-02-27,west,Groceries,32.61,3
2024-10-23,North,Home & Garden,134.29,3
2024-06-05,North,Home & Garden,196.73,4
2023-09-12,West,Electronics,652.5,2
2024-07-17,South,Groceries,6.61,2
2024-12-13,Central,Clothing,88.91,2
2023-10-09,West,Groceries,36.46,5
2023-09-08,Central,Home & Garden,30.5,1
2024-06-21,West,Groceries,23.94,2
2023-03-10,North,Toys,34.13,4
2023-04-21,south,Clothing,45.58,2
2024-12-22,West,Toys,46.53,5
2024-02-23,West,Groceries,52.4,2
2024-12-14,Central,Electronics,413.72,4
2024-05-11,East,Home & Garden,149.71,4
2023-07-23,South,Home & Garden,238.42,4
2024-03-06,West,Toys,60.64,3
2023-12-16,Central,Home & Garden,214.05,4
2023-08-04,East,Home & Garden,51.85,4
2023-12-24,Central,Electronics,895.58,2
2024-02-05,North,Groceries,24.49,1
2023-05-23,Central,Toys,20.53,5
2023-11-12,East,Groceries,27.79,3
2024-05-06,North,Groceries,31.2,2
2023-04-01,North,Toys,62.56,3
2024-05-08,North,Home & Garden,242.76,1
2023-03-30,West,Electronics,339.44,4
2024-02-12,West,Electronics,669.18,1
2024-10-24,North,Toys,43.73,4
2024-10-04,Central,Groceries,7.74,5
2024-02-12,Central,Toys,63.33,1
2024-07-22,West,Electronics,262.58,3
2023-11-05,East,Toys,76.89,2
2024-09-13,South,Clothing,96.35,3
2023-06-23,South,Toys,78.71,1
2023-07-13,South,Clothing,113.3,4
2023-02-21,North,Groceries,7.28,2
2024-01-15,East,Toys,70.96,2
2023-07-15,Central,Electronics,166.84,2
2023-03-05,West,Toys,34.35,5
2024-02-28,West,Clothing,47.69,3
2023-08-08,West,Toys,60.85,4
2024-10-09,East,Toys,14.63,2
2024-11-07,South,Home & Garden,163.92,4
2023-05-19,East,Toys,77.78,4
2023-04-12,North,Groceries,39.51,1
2024-05-13,South,Home & Garden,116.78,1
2023-10-09,South,Clothing,115.4,1
2023-03-05,East,Home & Garden,126.65,2
2024-11-09,North,Clothing,80.12,3
2024-08-16,South,Toys,38.56,2
2023-12-05,East,Groceries,38.86,5
2023-12-09,west,Toys,86.74,1
2023-09-05,Central,Groceries,59.81,3
2024-09-13,west,Groceries,36.86,4
2024-04-13,Central,Toys,65.6,2
2024-05-31,North,Groceries,36.21,1
2024-03-08,West,Home & Garden,,2
2024-08-11,East,Clothing,60.59,1
2024-02-05,North,Home & Garden,228.68,1
2024-07-21,West,Home & Garden,171.43,1
2024-03-09,Central,Electronics,765.67,2
2023-02-19,South,Electronics,865.92,1
2023-06-17,North,Clothing,59.53,2
2024-10-30,West,Electronics,253.06,4
2024-11-24,Central,Clothing,73.49,2
2023-04-17,North,Toys,28.59,2
2024-10-17,South,Electronics,367.03,2
2024-12-23,West,Home & Garden,288.17,1
2023-01-05,South,Groceries,9.47,5
2023-05-22,South,Toys,73.49,2
2024-11-06,West,Clothing,73.02,2
2024-08-18,South,Home & Garden,256.16,1
2024-05-22,West,Electronics,851.36,3
2024-09-12,North,Groceries,23.21,2
2023-03-22,North,Toys,30.29,2
2024-08-23,North,Home & Garden,189.08,2
2024-08-09,North,Electronics,523.19,4
2024-02-19,South,Home & Garden,240.03,5
2023-05-04,Central,Home & Garden,151.04,3
2023-03-12,North,Toys,53.58,2
2024-06-06,East,Groceries,45.34,2
2023-04-09,Central,Home & Garden,91.02,2
2024-01-12,North,Groceries,47.19,2
2023-01-12,Central,Electronics,644.09,1
2024-03-29,West,Groceries,55.79,4
2024-12-01,South,Electronics,1021.29,3
2024-06-18,South,Clothing,112.56,3
2024-08-14,East,Groceries,54.38,4
2023-02-28,North,Clothing,35.63,1
2023-11-01,East,Clothing,75.73,1
2024-04-27,South,Groceries,24.76,2
2023-08-17,Central,Home & Garden,57.91,3
2024-12-14,West,Groceries,23.97,2
2023-08-17,West,Electronics,755.67,1
2024-10-06,West,Clothing,93.22,5
2023-01-07,Central,Electronics,550.82,4
2023-12-13,East,Groceries,48.23,2
2023-09-25,West,Clothing,112.5,5
2023-07-04,North,Clothing,62.45,1
2023-08-13,West,Groceries,49.38,2
2024-10-08,south,Toys,49.63,2
2024-12-04,Central,Home & Garden,215.13,2
2023-05-21,Central,Groceries,16.54,2
2024-10-02,West,Groceries,42.6,5
2023-09-21,East,Clothing,41.71,3
2023-01-10,Central,Clothing,108.18,4
2024-01-27,South,Electronics,750.96,5
2023-12-25,West,Toys,42.71,4
2023-10-14,East,Toys,44.89,1
2023-03-28,North,Home & Garden,222.26,1
2023-06-16,North,Toys,42.79,3
2024-08-26,North,Groceries,5.9,3
2023-06-09,East,Groceries,57.97,1
2024-05-06,Central,Home & Garden,273.84,3
2024-09-28,north,Clothing,86.8,4
2024-12-08,Central,Clothing,47.59,5
2023-09-04,West,Electronics,818.19,4
2024-01-20,West,Electronics,771.65,4
2023-08-19,North,Groceries,59.28,3
2023-12-16,South,Electronics,348.11,4
2023-11-24,West,Electronics,629.86,5
2023-03-29,East,Groceries,21.41,1
2023-04-01,Central,Electronics,,1
2023-03-30,South,Home & Garden,229.54,1
2024-03-10,South,Groceries,43.75,3
2023-07-11,North,Groceries,30.04,4
2023-02-05,South,Electronics,885.28,2
2024-01-15,West,Clothing,58.85,5
2024-10-19,South,Groceries,55.11,3
2024-07-04,West,Home & Garden,227.17,1
2023-11-04,East,Electronics,676.09,3
2024-01-11,North,Home & Garden,268.38,3
2024-01-08,North,Electronics,607.17,1
2024-11-19,Central,Toys,70.37,2
2024-01-27,South,Clothing,29.58,5
2024-08-26,North,Electronics,401.22,2
2023-09-04,East,Groceries,24.74,1
2024-06-21,Central,Clothing,36.53,1
2024-07-03,South,Groceries,9.55,3
2024-12-13,West,Toys,39.04,4
2024-06-01,Central,Home & Garden,76.41,1
2024-10-01,South,Toys,52.27,2
2024-05-03,East,Clothing,82.72,3
2023-10-15,South,Clothing,27.63,4
2024-10-26,South,Electronics,420.51,4
2024-06-25,South,Home & Garden,142.86,1
2024-09-11,East,Electronics,799.07,1
2024-10-02,West,Toys,76.18,1
2024-10-02,East,Groceries,10.39,4
2024-06-27,South,Home & Garden,59.55,2
2023-02-24,East,Electronics,506.61,4
2023-06-01,South,Clothing,32.87,1
2023-02-11,Central,Home & Garden,208.37,1
2023-02-08,South,Toys,66.27,4
2023-01-08,North,Toys,10.19,1
2023-08-03,East,Home & Garden,169.94,5
2024-12-26,east,Clothing,97.05,4
2023-03-16,east,Electronics,272.71,5
2024-10-01,West,Home & Garden,78.35,3
2024-06-05,Central,Home & Garden,,2
2024-03-15,Central,Clothing,22.8,1
2023-01-24,East,Home & Garden,127.47,1
2024-11-23,east,Electronics,208.78,2
2024-04-05,Central,Groceries,45.81,3
2024-08-11,South,Clothing,95.88,5
2024-02-11,North,Home & Garden,109.54,3
2023-04-21,South,Groceries,6.08,1
2023-08-11,East,Groceries,13.55,5
2024-05-23,East,Toys,63.91,3
2024-03-03,South,Groceries,22.27,2
2024-09-29,West,Clothing,57.31,1
2023-12-06,West,Home & Garden,131.65,1
2024-07-09,East,Groceries,50.68,3
2024-12-30,north,Toys,102.15,2
2023-12-14,North,Groceries,47.17,3
2024-08-19,Central,Electronics,553.12,4
2024-10-06,East,Home & Garden,106.06,5
2024-08-19,West,Groceries,37.63,3
2023-04-07,East,Toys,51.23,1
2023-09-19,North,Home & Garden,220.77,4
2024-07-19,North,Toys,20.93,5
2023-09-01,Central,Electronics,681.6,5
2024-12-08,South,Clothing,102.54,5
2024-06-13,North,Home & Garden,183.49,4
2024-10-12,North,Clothing,99.25,5
2023-10-16,West,Clothing,18.48,1
2024-11-28,East,Clothing,89.5,3
2024-04-27,West,Groceries,20.88,4
2023-10-19,West,Electronics,577.4,3
2023-01-16,south,Clothing,19.28,4
2023-12-09,North,Electronics,583.35,4
2024-03-31,East,Home & Garden,124.19,4
2023-10-15,North,Clothing,110.54,1
2023-09-10,Central,Groceries,56.46,5
2024-07-02,West,Toys,76.09,1
2024-06-02,West,Toys,66.08,4
2023-10-14,Central,Electronics,441.46,3
2024-05-04,north,Home & Garden,152.1,2
2023-12-29,north,Toys,24.98,1
2024-12-21,South,Groceries,45.93,1
2023-11-03,South,Electronics,632.82,5
2024-05-31,North,Clothing,99.26,5
2024-07-25,West,Toys,78.96,4
2023-03-15,south,Home & Garden,64.56,4
2024-09-27,East,Toys,27.26,2
2023-02-09,South,Toys,46.48,2
2024-07-07,east,Clothing,84.92,3
2024-02-05,West,Groceries,31.46,3
2023-03-01,East,Groceries,11.68,2
2024-10-24,South,Electronics,888.11,3
2024-03-08,East,Home & Garden,157.11,4
2023-11-17,South,Toys,79.44,3
2023-11-10,north,Clothing,70.91,4
2024-03-24,West,Toys,46.97,5
2024-06-13,Central,Toys,75.69,5
2023-02-26,Central,Groceries,33.15,1
2023-05-11,North,Electronics,381.59,1
2024-09-22,North,Toys,78.02,5
2023-11-12,East,Home & Garden,290.72,5
2023-10-27,East,Groceries,11.14,3
2023-12-12,West,Groceries,7.78,5
2024-08-14,West,Clothing,88.44,2
2024-08-22,South,Groceries,37.99,2
2024-07-23,North,Toys,73.05,4
2023-12-01,North,Groceries,13.29,4
2023-12-13,east,Clothing,90.17,2
2024-02-17,South,Toys,30.73,3
2023-12-06,Central,Groceries,26.96,2
2024-02-25,Central,Home & Garden,255.14,1
2023-06-09,Central,Electronics,662.52,1
2023-12-24,East,Groceries,26.28,5
2023-11-04,South,Clothing,88.88,5
2024-11-23,North,Clothing,30.71,2
2023-03-27,South,Clothing,101.67,3
2023-10-22,West,Electronics,733.55,4
2023-07-05,North,Groceries,48.02,5
2024-08-04,West,Home & Garden,81.83,3
2024-12-15,South,Toys,32.99,2
2024-05-14,Central,Clothing,44.56,3
2023-04-19,West,Groceries,37.41,1
2024-11-17,North,Electronics,280.04,4
2024-08-16,North,Toys,54.18,2
2024-11-14,East,Electronics,896.35,4
2023-07-26,South,Home & Garden,287.84,5
2024-01-16,North,Electronics,363.01,2
2024-11-29,West,Electronics,728.87,1
2023-02-20,Central,Groceries,20.59,3
2023-06-24,North,Groceries,21.23,2
2024-11-04,West,Home & Garden,225.69,1
2024-02-03,West,Toys,77.34,3
2023-01-01,South,Home & Garden,292.65,3
2023-09-18,East,Toys,79.78,3
2024-10-26,Central,Home & Garden,275.09,1
2023-03-18,North,Clothing,43.14,4
2023-04-27,South,Toys,31.26,2
2024-07-02,West,Electronics,218.15,2
2024-08-18,South,Clothing,109.72,4
2023-05-17,West,Toys,54.01,2
2024-06-28,East,Clothing,65.39,2
2024-08-08,East,Electronics,306.75,3
2024-11-22,East,Clothing,71.97,4
2023-10-05,Central,Toys,43.42,5
2023-01-12,North,Clothing,101.01,5
2024-12-29,Central,Toys,108.66,1
2024-03-11,South,Clothing,118.93,4
2024-09-06,South,Home & Garden,70.61,5
2024-03-20,North,Toys,25.87,3
2024-06-15,South,Electronics,871.39,4
2024-05-20,East,Home & Garden,164.62,4
2023-02-15,North,Home & Garden,73.52,1
2024-05-12,North,Clothing,112.07,2
2024-07-22,East,Toys,58.3,5
2023-04-26,North,Groceries,7.39,1
2024-09-01,East,Toys,29.06,2
2024-01-22,central,Electronics,573.72,1
2024-10-13,East,Clothing,106.91,4
2023-03-12,South,Home & Garden,42.02,2
2023-03-14,south,Groceries,44.77,5
2024-01-17,West,Home & Garden,117.06,2
2024-05-09,Central,Toys,65.14,1
2024-10-29,West,Clothing,33.02,3
2024-03-24,South,Clothing,104.48,1
2024-05-01,East,Home & Garden,36.86,4
2023-12-11,North,Groceries,5.43,2
2024-06-11,Central,Clothing,65.92,2
2024-12-24,East,Electronics,1076.83,4
2024-04-19,North,Home & Garden,171.88,4
2023-05-30,West,Toys,64.2,5
2023-05-16,East,Groceries,42.02,5
2024-07-10,West,Home & Garden,232.52,4
2023-11-08,Central,Home & Garden,200.92,5
2024-05-19,South,Clothing,62.85,1
2024-02-13,Central,Groceries,52.01,3
2023-01-24,South,Groceries,14.09,3
2024-12-25,South,Groceries,8.19,1
2023-01-04,West,Groceries,9.32,5
2024-03-15,East,Electronics,520.18,5
2023-03-14,West,Clothing,30.88,3
2024-11-30,West,Toys,52.84,1
2023-10-06,Central,Clothing,33.14,4
2023-09-23,West,Electronics,763.27,4
2024-06-19,West,Electronics,885.47,1
2024-12-05,South,Groceries,58.89,2
2023-06-28,Central,Groceries,21.99,3
2024-02-07,South,Electronics,722.42,4
2023-03-17,South,Home & Garden,244.22,1
2023-06-16,East,Toys,38.37,5
2024-07-24,south,Groceries,55.75,5
2024-07-26,West,Groceries,46.31,1
2023-02-21,East,Home & Garden,41.49,4
2024-10-14,South,Groceries,46.0,1
2023-08-30,South,Electronics,799.58,2
2024-12-13,West,Toys,47.13,1
2024-09-05,East,Toys,73.84,2
2024-06-28,east,Toys,37.56,2
2023-08-22,East,Groceries,24.68,3
2023-11-18,south,Toys,36.8,1
2023-09-28,West,Groceries,21.56,5
2023-02-10,Central,Home & Garden,117.3,5
2023-05-20,South,Electronics,562.43,1
2024-11-21,South,Electronics,552.55,3
2024-04-29,West,Clothing,51.96,3
2023-10-29,South,Home & Garden,138.96,5
2024-08-25,South,Clothing,45.17,1
2024-01-02,Central,Clothing,46.22,3
2024-02-01,West,Groceries,52.64,2
2023-02-22,North,Groceries,39.48,3
2024-06-04,Central,Toys,75.38,3
2023-01-11,South,Toys,67.05,1
2023-10-17,East,Electronics,435.07,3
2023-08-28,East,Home & Garden,24.19,4
2024-11-28,South,Electronics,464.84,3
2023-06-24,North,Electronics,408.28,5
2023-02-14,East,Home & Garden,53.22,2
2023-12-24,South,Electronics,558.4,3
2024-09-24,North,Toys,69.43,5
2024-05-31,North,Groceries,53.71,2
2023-07-22,North,Home & Garden,210.6,2
2024-01-24,South,Toys,12.6,4
2023-05-11,East,Electronics,734.71,1
2024-01-16,Central,Electronics,474.46,1
2024-11-20,East,Home & Garden,292.64,3
2024-04-02,East,Home & Garden,240.26,5
2023-10-31,West,Groceries,28.1,3
2024-02-27,South,Electronics,330.19,3
2024-12-06,East,Electronics,1061.27,2
2024-07-07,Central,Groceries,20.77,3
2023-05-24,West,Home & Garden,221.03,4
2024-05-02,North,Electronics,436.58,5
2024-04-29,West,Home & Garden,233.81,3
2023-12-16,West,Electronics,1257.63,5
2024-11-15,Central,Groceries,56.99,2
2023-10-29,Central,Clothing,94.45,5
2023-07-20,North,Electronics,376.16,4
2023-05-27,Central,Home & Garden,139.55,3
2024-08-05,Central,Home & Garden,256.8,5
2024-11-12,West,Home & Garden,138.97,5
2024-04-13,North,Electronics,776.09,5
2024-06-27,North,Electronics,251.5,2
2023-12-26,North,Clothing,109.2,2
2024-06-27,Central,Home & Garden,82.31,2
2024-10-31,North,Home & Garden,54.42,4
2023-09-26,Central,Electronics,159.52,4
2023-10-05,South,Home & Garden,154.5,5
2023-03-31,Central,Clothing,78.88,4
2024-12-29,East,Groceries,26.25,1
2024-08-21,Central,Clothing,25.78,2
2023-03-20,Central,Clothing,73.77,1
2023-05-26,South,Home & Garden,132.38,3
2024-10-20,east,Toys,57.57,4
2024-07-04,East,Home & Garden,40.93,2
2024-02-22,East,Home & Garden,28.01,5
2023-10-30,South,Groceries,21.12,2
2024-05-05,South,Clothing,49.82,4
2024-03-16,Central,Electronics,539.77,4
2024-11-02,West,Home & Garden,42.05,2
2023-03-02,North,Toys,21.52,5
2024-11-14,South,Groceries,44.71,1
2023-03-14,South,Clothing,119.54,5
2023-08-04,North,Clothing,79.17,2
2023-11-19,East,Electronics,432.88,3
2024-11-11,East,Groceries,15.91,4
2024-02-13,Central,Toys,32.04,5
2023-01-23,North,Clothing,99.14,3
2023-10-20,Central,Electronics,235.46,3
2023-10-17,central,Toys,37.34,4
2023-10-17,south,Clothing,111.58,3
2023-08-20,West,Home & Garden,71.97,3
2024-02-06,West,Electronics,305.12,2
2023-08-21,West,Electronics,480.1,1
2023-10-19,West,Electronics,758.15,2
2024-08-25,West,Clothing,97.03,1
2023-11-27,East,Electronics,560.78,3
2023-02-12,Central,Toys,67.88,1
2023-02-12,South,Electronics,678.06,5
2024-11-09,East,Home & Garden,235.56,1
2023-07-06,West,Electronics,591.07,3
2023-11-19,East,Clothing,,2
2023-01-11,West,Groceries,54.1,5
2024-11-26,North,Electronics,616.58,4
2023-12-24,north,Clothing,32.15,5
2024-09-23,East,Electronics,687.24,3
2023-03-18,South,Toys,47.67,3
2023-04-30,West,Clothing,51.44,1
2024-05-26,Central,Electronics,390.77,2
2024-08-18,North,Clothing,58.12,2
2023-06-21,central,Clothing,114.07,4
2024-09-12,north,Electronics,705.61,1
2023-04-14,West,Toys,63.16,3
2024-01-25,South,Clothing,83.07,3
2024-10-27,Central,Home & Garden,181.57,3
2023-03-09,Central,Groceries,31.6,2
2023-05-09,Central,Home & Garden,74.17,2
2023-07-24,East,Groceries,30.11,4
2023-12-18,East,Toys,48.78,2
2023-01-29,Central,Toys,43.45,5
2023-07-27,North,Clothing,35.29,1
2024-06-16,East,Electronics,494.86,4
2024-10-04,Central,Toys,65.31,2
2024-02-28,West,Toys,78.24,5
2024-11-25,Central,Groceries,23.59,4
2023-04-12,West,Toys,28.1,1
2024-08-28,Central,Toys,71.48,1
2024-07-07,West,Groceries,31.41,2
2023-02-26,South,Clothing,82.49,1
2023-10-25,South,Groceries,12.97,4
2024-09-09,East,Toys,24.21,4
2023-07-23,East,Home & Garden,82.32,5
2024-12-03,South,Home & Garden,82.18,4
2024-01-23,North,Toys,51.53,3
2023-01-21,West,Electronics,237.27,2
2024-01-08,North,Electronics,668.99,4
2023-03-02,Central,Electronics,888.49,5
2023-12-22,West,Home & Garden,125.78,3
2023-06-07,South,Electronics,431.8,2
2024-12-24,South,Toys,50.83,4
2024-07-07,central,Home & Garden,213.28,3
2023-11-19,Central,Toys,32.1,3
2024-10-26,South,Electronics,643.25,4
2023-03-03,West,Groceries,37.01,5
2024-12-19,Central,Groceries,40.89,1
2023-01-16,South,Toys,69.24,5
2024-09-12,West,Home & Garden,155.37,4
2023-07-30,West,Electronics,228.89,1
2023-11-05,North,Home & Garden,219.71,2
2023-10-29,Central,Toys,46.69,5
2024-03-02,West,Toys,,5
2023-04-11,north,Electronics,266.11,1
2023-04-19,West,Home & Garden,27.39,1
2023-12-27,West,Groceries,29.79,4
2023-01-15,East,Home & Garden,243.03,1
2023-01-13,Central,Electronics,329.08,3
2024-01-15,West,Electronics,557.25,2
2023-04-01,East,Home & Garden,192.17,3
2023-06-29,East,Toys,20.03,3
2024-07-12,North,Groceries,56.83,3
2024-07-13,East,Groceries,41.07,3
2023-08-11,Central,Electronics,264.2,1
2024-03-28,East,Groceries,10.9,5
2024-03-02,West,Electronics,584.49,3
2024-09-14,East,Clothing,78.41,3
2023-03-16,East,Home & Garden,264.02,1
2023-06-19,East,Electronics,298.91,1
2023-09-06,Central,Toys,55.61,4
2023-01-24,North,Toys,17.99,2
2024-10-11,West,Clothing,68.02,4
2024-12-15,South,Groceries,53.84,3
2023-12-08,West,Home & Garden,92.42,4
2024-12-13,North,Toys,52.94,1
2024-07-12,South,Home & Garden,96.37,2
2024-09-03,North,Clothing,64.12,5
2023-12-08,West,Home & Garden,229.12,5
2023-01-26,North,Clothing,117.14,3
2024-02-14,South,Groceries,25.19,5
2024-12-07,East,Electronics,667.3,3
2023-11-14,East,Groceries,8.27,3
2024-06-04,West,Toys,35.92,2
2023-02-20,West,Toys,,2
2024-12-23,East,Clothing,99.91,3
2023-07-06,West,Clothing,85.59,1
2023-04-18,South,Electronics,653.96,1
2024-12-24,Central,Toys,54.11,4
2023-08-09,South,Clothing,20.84,2
2023-05-01,East,Home & Garden,33.6,5
2024-09-30,West,Groceries,10.28,2
2023-02-05,South,Home & Garden,173.89,2
2024-03-26,Central,Clothing,99.99,1
2024-08-22,North,Clothing,44.02,1
2023-01-05,North,Toys,26.7,5
2023-06-24,Central,Clothing,56.38,1
2023-01-11,East,Electronics,349.87,3
2024-03-15,West,Home & Garden,220.7,3
2023-03-03,South,Groceries,37.88,4
2023-02-23,Central,Clothing,38.17,5
2024-02-25,Central,Toys,53.34,2
2023-05-18,West,Clothing,31.6,4
2024-09-18,South,Groceries,29.53,1
2024-07-08,South,Home & Garden,243.12,4
2024-10-02,East,Home & Garden,144.93,4
2024-03-05,West,Groceries,35.38,2
2024-09-20,Central,Clothing,105.37,2
2023-08-23,West,Toys,41.68,4
2023-09-29,West,Toys,78.25,3
2024-08-11,West,Home & Garden,181.23,4
2024-08-04,Central,Clothing,36.44,4
2023-04-15,South,Toys,25.0,2
2024-09-03,East,Clothing,118.56,5
2024-12-19,South,Electronics,1183.81,1
2023-05-19,West,Electronics,532.31,3
2023-02-02,Central,Clothing,46.81,3
2023-05-11,North,Groceries,56.98,4
2023-04-15,South,Toys,71.26,2
2024-03-13,Central,Electronics,746.77,1
2023-01-25,North,Home & Garden,,2
2023-08-08,west,Home & Garden,144.48,3
2024-03-01,West,Clothing,50.69,1
2023-09-01,South,Home & Garden,178.28,5
2024-05-28,north,Electronics,555.04,1
2024-09-03,East,Electronics,812.16,4
2023-06-02,North,Toys,72.55,5
2024-07-01,West,Clothing,95.42,4
2023-03-11,North,Groceries,47.79,3
2024-05-04,West,Electronics,230.24,1
2024-10-18,South,Clothing,119.77,4
2023-09-17,East,Clothing,40.64,2
2023-09-13,Central,Toys,18.97,5
2024-12-15,Central,Toys,55.11,4
2024-08-11,South,Groceries,43.02,5
2024-04-19,East,Electronics,344.98,5
2023-11-17,East,Clothing,32.48,5
2024-04-24,Central,Electronics,525.55,5
2024-01-31,South,Clothing,80.45,1
2023-03-26,East,Home & Garden,116.95,5
2023-07-11,West,Groceries,17.79,2
2024-11-03,West,Home & Garden,176.26,2
2024-02-18,West,Toys,72.77,5
2024-05-10,East,Electronics,613.76,2
2024-11-19,East,Groceries,54.98,5
2024-09-18,East,Toys,42.33,1
2023-05-10,Central,Clothing,90.86,1
2023-03-09,North,Toys,12.34,1
2023-02-24,South,Clothing,47.13,4
2024-02-19,North,Groceries,37.11,1
2023-09-05,Central,Electronics,888.04,4
2024-08-01,West,Groceries,59.39,4
2024-10-17,Central,Electronics,232.73,3
2023-06-30,West,Clothing,27.29,1
2023-10-29,North,Electronics,554.16,2
2023-01-12,Central,Electronics,206.35,1
2023-02-20,South,Clothing,84.98,5
2024-05-04,Central,Electronics,858.91,5
2023-08-16,South,Groceries,32.59,2
2024-07-17,West,Clothing,41.36,2
2024-10-04,North,Groceries,17.05,2
2024-08-17,West,Electronics,740.09,4
2024-05-18,South,Electronics,345.14,2
2023-05-23,West,Home & Garden,112.87,2
2024-12-07,South,Groceries,22.31,5
2024-11-29,South,Clothing,81.18,3
2023-12-17,South,Clothing,49.97,3
2024-06-02,North,Clothing,93.96,4
2024-10-24,North,Groceries,54.12,5
2023-04-08,South,Home & Garden,142.16,3
2024-05-04,South,Toys,26.64,4
2023-12-09,North,Home & Garden,68.78,3
2023-09-27,East,Home & Garden,171.84,3
2023-02-21,Central,Toys,21.87,4
2023-08-22,North,Home & Garden,241.21,5
2023-11-25,East,Toys,57.27,2
2024-08-29,South,Clothing,104.27,1
2024-04-18,East,Groceries,5.41,1
2023-02-20,East,Clothing,,4
2023-02-12,north,Toys,16.56,2
2023-07-17,East,Groceries,19.0,5
2024-03-18,South,Clothing,45.56,3
2024-03-09,East,Home & Garden,97.93,3
2023-05-14,North,Clothing,20.75,3
2023-06-01,south,Home & Garden,254.08,2
2024-07-27,West,Electronics,,3
2024-09-11,North,Electronics,497.98,4
2023-07-11,Central,Toys,78.08,5
2023-09-10,South,Toys,73.9,5
2024-09-28,south,Electronics,633.7,3
2024-06-30,North,Electronics,881.08,1
2023-12-13,East,Clothing,84.32,1
2023-09-28,West,Clothing,42.03,3
2023-05-23,South,Home & Garden,162.2,4
2024-04-22,East,Toys,23.9,2
2023-09-26,Central,Clothing,117.82,2
2023-09-02,Central,Electronics,204.08,2
2024-04-25,West,Home & Garden,92.77,1
2024-04-07,East,Groceries,56.63,5
2023-09-30,East,Clothing,27.43,2
2024-04-29,East,Toys,45.0,1
2023-10-27,North,Groceries,48.86,5
2024-01-06,North,Groceries,14.39,3
2023-12-01,West,Clothing,59.0,3
2023-02-01,East,Home & Garden,299.85,1
2023-02-17,North,Groceries,18.81,5
2024-11-24,Central,Electronics,867.46,4
2024-12-18,West,Clothing,93.32,3
2024-09-20,South,Home & Garden,172.36,5
2024-07-26,East,Home & Garden,165.58,1
2024-02-04,west,Groceries,55.28,4
2023-01-11,East,Home & Garden,57.04,5
2023-02-10,South,Home & Garden,67.07,3
2023-07-22,South,Toys,71.47,4
2023-11-01,Central,Clothing,105.47,5
2023-06-05,West,Electronics,417.31,5
2024-05-28,South,Groceries,10.67,2
2024-01-02,Central,Toys,43.26,5
2023-10-19,East,Home & Garden,40.72,1
2023-01-30,North,Clothing,92.48,1
2024-12-12,West,Clothing,22.73,2
2024-07-27,West,Home & Garden,68.35,2
2023-06-13,West,Clothing,17.91,1
2024-08-05,East,Toys,73.64,1
2023-10-29,Central,Clothing,78.82,1
2024-05-16,South,Home & Garden,56.44,3
2023-06-05,South,Clothing,108.36,2
2024-12-19,North,Toys,41.14,1
2024-07-01,South,Groceries,,5
2024-03-18,West,Home & Garden,102.62,5
2023-05-03,East,Electronics,311.42,1
2023-07-07,Central,Home & Garden,147.07,3
2024-07-15,East,Groceries,14.94,4
2024-12-24,East,Groceries,53.85,1
2024-03-16,South,Electronics,476.01,3
2024-09-17,South,Clothing,70.19,5
2023-07-02,North,Toys,26.82,5
2024-07-18,Central,Groceries,44.92,1
2023-08-01,West,Toys,55.66,3
2023-07-10,West,Clothing,97.18,1
2024-10-14,East,Home & Garden,273.43,3
2024-03-25,East,Electronics,554.3,5
2024-01-22,North,Groceries,41.46,4
2023-07-08,East,Clothing,107.83,4
2024-09-16,North,Clothing,48.94,1
2023-03-03,North,Groceries,31.43,1
2024-08-20,South,Electronics,588.0,3
2023-11-08,Central,Clothing,113.36,3
2023-10-19,West,Groceries,40.23,5
2024-10-17,East,Clothing,73.85,5
2024-06-07,North,Electronics,228.17,3
2023-11-11,East,Clothing,73.09,2
2023-05-11,North,Electronics,680.15,3
2024-10-28,South,Electronics,443.64,2
2024-05-18,East,Toys,27.77,5
2023-08-28,West,Electronics,401.89,4
2023-06-20,South,Clothing,33.36,3
2023-09-22,East,Toys,75.42,2
2023-01-18,East,Groceries,5.96,2
2024-04-04,South,Toys,32.06,4
2024-05-22,East,Home & Garden,282.94,4
2024-01-18,East,Home & Garden,123.83,5
2024-07-04,West,Groceries,31.74,3
2024-08-13,North,Clothing,72.37,3
2023-01-21,West,Clothing,115.04,1
2023-08-14,central,Electronics,210.53,5
2023-11-06,West,Clothing,88.2,5
2024-08-18,West,Electronics,486.59,5
2023-11-01,Central,Groceries,6.96,1
2023-04-05,South,Groceries,44.76,2
2024-11-09,West,Toys,46.17,5
2024-09-21,Central,Clothing,107.54,4
2023-11-06,Central,Home & Garden,231.27,1
2024-09-26,West,Toys,33.84,1
2024-06-08,east,Home & Garden,64.4,2
2023-04-13,South,Electronics,240.58,5
2023-01-07,South,Groceries,31.19,3
2024-04-07,West,Clothing,87.81,1
2023-07-03,Central,Home & Garden,299.08,2
2023-07-06,South,Electronics,465.17,2
2023-11-09,North,Electronics,249.99,5
2023-04-16,west,Toys,21.58,1
2024-03-02,West,Clothing,42.65,2
2023-01-28,Central,Toys,37.62,4
2023-02-10,north,Home & Garden,97.94,3
2023-07-05,South,Clothing,18.76,1
2024-08-04,East,Toys,66.79,3
2024-06-15,North,Electronics,661.14,3
2024-02-14,West,Toys,21.84,2
2023-04-06,South,Home & Garden,87.12,5
2024-07-23,South,Groceries,6.4,3
2024-06-08,East,Groceries,24.34,5
2023-03-09,West,Toys,40.11,4
2023-02-05,Central,Home & Garden,133.01,5
2023-01-02,West,Home & Garden,136.62,3
2023-11-07,North,Clothing,57.25,3
2023-06-14,central,Clothing,103.54,1
2024-08-06,South,Toys,56.75,4
2023-01-28,Central,Clothing,19.71,3
2024-03-08,West,Electronics,714.48,2
2024-03-05,East,Home & Garden,27.25,4
2024-09-24,North,Clothing,75.53,1
2024-02-05,North,Home & Garden,25.03,2
2024-06-14,North,Electronics,569.22,1
2024-10-25,Central,Groceries,18.01,3
2023-08-28,East,Groceries,59.62,5
2024-11-08,West,Groceries,58.11,3
2023-11-04,north,Toys,15.4,5
2023-01-09,Central,Groceries,5.67,3
2023-09-19,South,Home & Garden,52.33,4
2023-09-17,West,Toys,50.47,4
2024-12-08,Central,Groceries,57.71,5
2024-09-14,West,Electronics,784.28,1
2024-05-04,East,Groceries,36.3,2
2024-02-28,North,Home & Garden,60.0,5
2023-05-05,North,Electronics,311.27,5
2024-11-24,West,Home & Garden,101.34,2
2024-04-12,North,Toys,19.25,1
2024-11-28,East,Home & Garden,269.93,3
2023-03-03,Central,Groceries,45.75,1
2023-08-11,Central,Clothing,34.74,4
2024-07-20,Central,Home & Garden,255.54,5
2023-08-13,West,Electronics,898.54,3
2024-11-21,South,Home & Garden,131.99,5
2023-11-13,Central,Groceries,20.83,5
2023-03-13,North,Clothing,114.78,5
2023-03-19,Central,Electronics,452.52,5
2023-01-25,North,Toys,21.53,4
2024-01-10,East,Electronics,572.77,2
2024-01-12,West,Home & Garden,152.32,4
2024-07-14,South,Clothing,56.18,2
2024-06-29,North,Clothing,93.44,3
2024-10-02,East,Clothing,94.81,5
2023-09-09,East,Toys,41.24,3
2023-05-13,North,Toys,76.15,2
2024-03-17,Central,Toys,62.5,1
2024-07-19,West,Clothing,25.95,5
2023-03-19,East,Toys,13.44,2
2024-10-08,north,Toys,44.34,5
2024-10-13,North,Groceries,47.27,3
2023-12-24,South,Home & Garden,169.81,4
2024-11-18,South,Toys,14.27,2
2023-04-28,West,Home & Garden,153.6,5
2024-12-03,West,Groceries,22.13,1
2024-05-28,North,Toys,,2
2023-12-04,Central,Groceries,59.39,3
2023-05-01,North,Groceries,58.56,2
2023-02-23,West,Toys,26.26,3
2024-07-04,Central,Home & Garden,145.35,4
2024-10-30,South,Groceries,54.47,3
2024-10-27,South,Home & Garden,247.56,3
2023-04-24,West,Toys,77.36,2
2024-10-09,East,Home & Garden,196.52,3
2024-04-25,East,Groceries,21.56,2
2024-06-23,South,Electronics,,2
2024-03-27,North,Clothing,66.0,2
2024-06-01,East,Groceries,43.11,4
2023-04-12,South,Clothing,114.45,2
2024-08-13,West,Electronics,784.71,1
2024-06-09,east,Clothing,82.73,1
2024-03-24,Central,Clothing,98.64,5
2024-04-22,Central,Groceries,42.4,4
2023-12-30,South,Groceries,24.47,3
2024-07-23,East,Toys,79.57,4
2024-08-10,Central,Groceries,34.83,1
2024-10-20,West,Electronics,669.16,5
2024-06-05,West,Clothing,48.18,3
2023-02-15,Central,Groceries,10.24,4
2023-08-31,Central,Clothing,40.44,4
2024-02-03,Central,Clothing,62.28,4
2024-10-16,South,Home & Garden,93.16,3
2023-11-16,East,Groceries,52.84,4
2023-11-23,South,Toys,56.58,4
2024-08-20,South,Toys,13.85,2
2024-09-03,South,Electronics,,2
2023-07-23,South,Clothing,52.24,4
2024-02-07,East,Home & Garden,118.22,5
2024-03-01,North,Electronics,371.35,1
2024-08-02,East,Toys,59.95,1
2023-12-17,East,Home & Garden,233.71,1
2024-06-23,South,Toys,51.45,2
2023-10-25,South,Groceries,43.78,3
2024-05-24,North,Toys,33.4,4
2024-11-14,South,Home & Garden,165.88,4
2023-09-16,West,Clothing,92.9,2
2023-04-26,North,Groceries,35.95,5
2024-10-19,South,Clothing,114.5,1
2023-05-19,West,Electronics,327.36,2
2024-10-14,South,Clothing,72.16,5
2023-12-21,East,Electronics,316.27,1
2023-05-17,East,Toys,79.84,4
2024-05-12,South,Electronics,433.02,3
2023-04-16,South,Electronics,676.81,4
2024-08-18,East,Electronics,577.08,4
2023-10-09,South,Home & Garden,195.62,2
2023-07-05,West,Electronics,400.34,4
2024-12-19,Central,Electronics,738.36,2
2024-03-05,North,Clothing,99.02,4
2023-12-16,West,Home & Garden,243.28,2
2024-12-22,East,Home & Garden,42.66,2
2024-11-05,East,Groceries,48.22,1
2024-03-19,North,Clothing,77.17,1
2024-04-09,Central,Groceries,15.19,3
2023-03-30,East,Groceries,7.98,1
2023-01-24,Central,Home & Garden,137.04,1
2024-08-07,South,Electronics,514.42,2
2024-08-15,East,Home & Garden,158.27,2
2023-12-27,Central,Electronics,519.08,1
2023-05-28,South,Electronics,586.49,4
2024-05-01,West,Electronics,249.26,1
2023-09-10,South,Groceries,14.0,1
2023-10-20,West,Home & Garden,285.92,3
2024-11-11,East,Groceries,19.12,2
2024-04-29,North,Electronics,688.73,3
2023-07-03,East,Home & Garden,179.26,1
2024-03-22,East,Home & Garden,114.14,1
2024-08-19,Central,Clothing,99.63,4
2023-01-15,West,Electronics,179.71,3
2023-03-25,North,Home & Garden,25.44,5
2023-12-13,North,Electronics,695.04,1
2023-07-30,South,Groceries,25.81,4
2023-02-03,North,Groceries,59.58,5
2024-03-06,South,Clothing,64.78,3
2023-10-15,Central,Electronics,863.45,5
2023-01-27,East,Electronics,374.94,1
2023-10-14,North,Home & Garden,105.94,4
2023-05-13,South,Home & Garden,218.44,2
2024-09-15,Central,Clothing,110.2,2
2023-05-25,West,Home & Garden,271.97,5
2024-01-02,East,Toys,54.52,2
2023-12-17,South,Electronics,398.49,5
2024-06-11,East,Groceries,35.35,4
2024-05-28,West,Toys,42.8,2
2023-03-27,East,Electronics,652.47,5
2024-02-16,West,Electronics,347.53,2
2024-12-14,East,Electronics,1178.27,4
2023-11-25,north,Clothing,85.64,1
2023-01-05,Central,Clothing,108.21,3
2023-07-28,Central,Home & Garden,125.78,3
2023-11-20,Central,Electronics,313.35,2
2024-10-15,West,Clothing,28.34,1
2024-11-10,North,Home & Garden,287.43,3
2023-04-18,West,Clothing,101.15,1
2024-09-14,West,Electronics,503.46,4
2024-02-12,South,Electronics,675.2,1
2024-07-06,South,Toys,29.56,2
2023-10-15,East,Toys,38.4,2
2023-10-23,North,Toys,30.19,5
2024-11-22,South,Clothing,71.7,5
2024-03-28,East,Groceries,39.85,1
2024-06-21,West,Toys,20.52,2
2023-04-09,Central,Electronics,502.78,5
2024-12-12,North,Groceries,22.37,4
2024-03-08,North,Groceries,15.64,2
2023-04-01,West,Toys,19.34,3
2024-10-27,Central,Home & Garden,228.29,2
2023-11-25,East,Groceries,13.39,1
2024-04-26,West,Home & Garden,279.29,1
2023-09-12,Central,Electronics,838.1,1
2024-12-28,North,Home & Garden,216.88,1
2023-07-21,East,Groceries,38.49,2
2023-08-25,West,Electronics,425.35,1
2023-08-30,Central,Clothing,96.06,5
2024-03-04,West,Toys,77.8,5
2023-07-25,South,Groceries,33.42,2
2024-10-04,South,Home & Garden,84.34,1
2024-08-22,East,Clothing,17.37,3
2024-04-30,West,Clothing,18.25,5
2024-02-24,South,Toys,26.01,1
2023-08-28,South,Toys,44.5,2
2023-12-10,East,Toys,59.35,1
2024-03-07,South,Clothing,17.36,4
2024-12-28,Central,Groceries,22.97,4
2023-09-19,East,Groceries,,3
2023-05-17,East,Toys,65.46,2
2023-02-04,North,Groceries,45.09,1
2023-11-23,West,Toys,13.9,4
2024-03-16,Central,Electronics,483.12,2
2024-09-27,South,Clothing,34.22,4
2023-04-10,Central,Clothing,83.06,5
2023-11-20,Central,Home & Garden,227.48,4
2024-12-16,West,Electronics,940.64,2
2023-08-12,West,Clothing,15.03,3
2024-10-20,South,Toys,65.91,2
2024-03-23,East,Clothing,43.78,4
2024-09-15,East,Toys,19.24,1
2023-08-10,North,Electronics,509.04,1
2023-03-22,North,Clothing,89.53,4
2024-01-16,East,Toys,11.21,5
2023-05-08,South,Home & Garden,74.49,1
2023-03-02,North,Toys,47.61,3
2024-12-30,South,Electronics,914.05,2
2023-03-05,East,Clothing,16.43,1
2024-12-28,North,Electronics,265.54,1
2024-05-07,Central,Home & Garden,63.42,5
2024-11-02,Central,Clothing,47.13,5
2023-04-22,Central,Toys,69.13,1
2023-04-29,Central,Toys,37.83,5
2024-11-24,East,Toys,37.88,2
2023-06-15,East,Groceries,26.54,4
2023-05-20,Central,Home & Garden,191.93,5
2023-12-04,East,Home & Garden,238.35,1
2024-04-05,North,Home & Garden,164.31,5
2024-02-10,North,Electronics,539.54,4
2023-02-03,West,Groceries,49.26,5
2024-12-24,West,Clothing,117.71,4
2024-09-15,East,Home & Garden,33.54,4
2023-06-05,South,Home & Garden,283.15,4
2024-09-09,Central,Electronics,244.75,1
2023-05-11,East,Home & Garden,158.18,3
2023-12-12,Central,Groceries,31.68,4
2023-08-28,Central,Home & Garden,219.69,1
2023-12-27,South,Electronics,728.05,3
2024-04-12,Central,Groceries,40.52,1
2024-05-14,Central,Home & Garden,154.16,5
2024-05-25,Central,Toys,54.58,2
2024-09-20,West,Toys,17.25,1
2024-11-02,North,Toys,54.6,2
2024-12-12,West,Groceries,49.41,1
2023-11-13,Central,Electronics,277.39,3
2024-07-25,North,Clothing,118.91,1
2024-03-18,West,Toys,58.28,4
2023-09-13,Central,Clothing,37.52,4
2023-01-21,North,Home & Garden,197.29,1
2023-10-23,North,Home & Garden,168.8,4
2023-04-14,East,Groceries,55.32,5
2024-03-11,South,Groceries,37.75,3
2023-09-17,East,Home & Garden,258.62,1
2024-06-10,South,Groceries,44.28,1
2024-10-10,East,Home & Garden,56.3,1
2024-05-07,North,Home & Garden,46.32,3
2023-12-07,West,Groceries,38.85,1
2023-10-13,West,Toys,38.7,1
2023-04-16,south,Electronics,549.1,1
2023-07-28,East,Home & Garden,127.44,4
2024-05-31,Central,Toys,21.3,4
2023-10-27,South,Toys,25.71,4
2024-11-26,West,Toys,26.7,2
2024-12-11,West,Groceries,25.45,2
2024-04-30,West,Home & Garden,59.22,5
2023-01-08,Central,Home & Garden,299.23,2
2024-09-07,East,Groceries,36.47,5
2023-09-16,Central,Toys,76.81,3
2024-01-29,North,Groceries,17.94,2
2024-07-04,Central,Electronics,272.53,4
2024-09-10,North,Groceries,40.12,1
2023-11-23,South,Groceries,35.68,3
2024-10-22,North,Toys,76.44,4
2023-05-25,East,Clothing,42.68,3
2024-07-18,North,Home & Garden,21.02,5
2023-09-22,East,Clothing,91.74,2
2023-06-05,Central,Clothing,40.92,3
2024-03-14,Central,Home & Garden,32.56,1
2024-07-28,North,Toys,25.52,3
2023-03-26,North,Toys,64.23,4
2024-02-29,West,Home & Garden,264.36,5
2024-12-01,East,Toys,103.06,4
2024-11-04,West,Clothing,93.36,2
2024-06-11,West,Clothing,55.6,3
2023-02-06,West,Groceries,40.71,5
2023-03-31,Central,Toys,16.46,3
2023-03-09,North,Clothing,39.45,1
2024-05-10,East,Groceries,5.62,1
2023-06-21,Central,Electronics,458.49,5
2024-08-23,East,Electronics,540.66,4
2023-11-29,Central,Groceries,46.76,3
2024-12-08,Central,Clothing,119.64,5
2024-06-02,north,Home & Garden,105.81,4
2023-01-06,South,Electronics,461.11,1
2024-04-28,North,Groceries,47.21,4
2023-01-01,East,Electronics,604.47,2
2024-02-08,East,Clothing,25.57,5
2023-12-01,Central,Clothing,91.12,2
2024-06-03,South,Groceries,26.41,1
2024-06-22,Central,Clothing,87.84,2
2024-09-03,South,Clothing,28.04,4
2023-11-11,North,Home & Garden,163.85,3
2023-07-01,West,Electronics,614.69,5
2023-07-10,West,Clothing,18.18,3
2023-04-07,South,Toys,,1
2023-01-03,Central,Electronics,387.69,2
2024-12-10,South,Home & Garden,83.68,1
2023-02-26,West,Groceries,32.64,1
2024-02-02,South,Clothing,65.91,4
2024-06-21,West,Home & Garden,73.29,3
2023-10-26,Central,Toys,40.55,1
2023-04-25,South,Clothing,37.53,5
2023-11-15,Central,Groceries,25.2,1
2024-07-17,Central,Toys,34.6,2
2024-11-21,West,Groceries,9.54,1
2023-09-26,West,Electronics,221.68,2
2024-12-05,Central,Toys,101.94,2
2023-01-23,South,Groceries,6.94,1
2024-10-01,North,Home & Garden,79.27,2
2024-07-21,West,Clothing,38.04,4
2024-03-08,North,Electronics,734.99,5
2023-04-06,north,Home & Garden,205.0,1
2024-11-11,East,Groceries,27.37,4
2024-06-17,North,Toys,24.98,2
2024-03-28,South,Groceries,56.06,5
2023-07-22,North,Home & Garden,42.7,2
2024-08-05,Central,Toys,14.48,5
2024-04-04,North,Electronics,630.99,1
2023-04-26,North,Groceries,27.51,4
2024-02-24,East,Home & Garden,40.53,4
2024-10-27,North,Clothing,67.74,2
2023-01-10,East,Clothing,98.98,5
2024-08-11,Central,Clothing,58.55,4
2024-12-23,North,Toys,105.99,4
2024-12-12,South,Groceries,37.66,5
2023-03-28,Central,Toys,26.38,4
2023-08-14,West,Clothing,105.73,5
2024-05-15,Central,Home & Garden,120.97,1
2023-04-09,West,Toys,,4
2024-06-07,North,Groceries,58.5,4
2023-04-26,Central,Clothing,45.04,2
2024-11-22,North,Clothing,106.0,1
2024-05-18,West,Toys,48.37,4
2023-07-14,North,Groceries,51.96,4
2024-04-09,Central,Electronics,561.72,4
2024-02-26,South,Groceries,7.21,5
2024-09-12,South,Clothing,46.78,4
2023-12-10,North,Groceries,43.97,3
2023-02-04,North,Clothing,65.66,4
2024-02-04,North,Home & Garden,244.78,2
2023-09-16,South,Groceries,,5
2023-06-14,West,Clothing,19.23,2
2023-12-12,East,Electronics,1189.43,2
2023-05-18,South,Toys,42.07,3
2023-08-16,West,Clothing,33.99,3
2024-11-10,East,Groceries,26.73,5
2023-06-02,East,Clothing,46.08,2
2023-12-23,North,Groceries,38.13,2
2023-12-27,East,Electronics,869.63,3
2023-08-16,East,Toys,31.42,2
2024-10-16,East,Toys,32.4,1
2023-03-24,East,Home & Garden,182.33,1
2024-04-05,East,Groceries,28.04,3
2024-04-08,North,Clothing,68.26,2
2024-03-01,Central,Electronics,407.8,2
2024-11-19,North,Home & Garden,32.2,3
2023-04-10,North,Toys,,5
2024-04-29,West,Home & Garden,133.7,1
2023-02-22,Central,Electronics,299.11,3
2023-01-09,North,Home & Garden,124.84,1
2023-08-04,South,Groceries,17.12,5
2023-10-10,Central,Clothing,89.98,1
2024-04-12,Central,Home & Garden,75.74,2
2023-12-20,North,Groceries,26.92,2
2024-02-24,East,Clothing,81.9,2
2023-03-18,East,Groceries,17.41,3
2023-11-26,East,Clothing,73.93,3
2023-11-01,Central,Home & Garden,,1
2023-07-20,South,Home & Garden,35.23,3
2023-10-27,Central,Groceries,14.87,4
2023-11-18,West,Groceries,25.47,2
2023-10-20,Central,Home & Garden,,3
2024-01-17,Central,Electronics,816.37,2
2023-03-23,West,Electronics,750.87,1
2024-11-17,Central,Home & Garden,269.87,4
2024-11-20,Central,Home & Garden,291.54,1
2024-07-12,Central,Home & Garden,107.78,2
2024-06-12,East,Electronics,789.21,5
2023-06-24,West,Clothing,57.98,4
2023-07-16,East,Home & Garden,299.21,2
2024-03-04,South,Toys,28.53,1
2024-06-09,East,Toys,54.53,5
2024-06-13,South,Toys,13.07,4
2023-10-24,East,Clothing,115.61,2
2023-09-04,North,Clothing,89.33,4
2023-10-22,West,Toys,51.49,4
2024-01-11,Central,Electronics,343.16,4
2023-07-06,Central,Groceries,57.19,2
2023-03-02,West,Electronics,600.59,1
2024-02-11,North,Groceries,7.5,3
2024-05-17,Central,Electronics,812.31,1
2023-09-01,Central,Home & Garden,184.01,5
2024-07-04,West,Toys,63.48,3
2024-01-17,North,Toys,47.92,5
2023-07-11,south,Home & Garden,183.93,5
2024-06-20,North,Home & Garden,237.97,5
2024-06-26,West,Home & Garden,48.41,1
2023-04-23,East,Electronics,650.94,2
2024-08-29,East,Home & Garden,289.53,4
2024-11-16,west,Toys,22.39,5
2023-06-24,South,Electronics,366.74,4
2023-03-25,Central,Electronics,847.4,1
2024-01-09,Central,Clothing,83.46,2
2024-05-18,West,Electronics,265.14,5
2024-01-06,West,Electronics,586.39,1
2024-02-22,East,Clothing,33.73,1
2024-01-20,North,Home & Garden,138.6,3
2023-08-16,East,Electronics,397.03,5
2024-06-04,West,Electronics,392.99,5
2023-10-30,East,Electronics,588.53,3
2023-11-08,East,Groceries,40.36,5
2024-09-20,East,Groceries,29.73,2
2024-06-21,East,Electronics,397.19,1
2023-05-19,East,Electronics,453.23,4
2024-10-14,West,Toys,26.27,5
2024-01-02,North,Electronics,305.7,1
2023-10-06,Central,Clothing,35.6,3
2024-03-06,South,Toys,51.06,4
2024-04-01,East,Groceries,18.76,1
2024-11-09,North,Home & Garden,254.57,2
2024-10-07,West,Electronics,666.78,2
2023-02-20,North,Groceries,30.85,1
2023-11-08,North,Electronics,634.69,1
2024-10-31,West,Home & Garden,141.15,2
2023-08-22,South,Electronics,283.99,2
2023-03-10,Central,Toys,41.21,4
2024-06-07,South,Toys,49.94,4
2023-04-07,North,Toys,11.85,5
2024-10-05,West,Groceries,54.93,5
2024-10-21,North,Clothing,56.35,1
2024-04-06,West,Groceries,6.05,1
2023-06-22,East,Home & Garden,68.26,4
2024-07-08,south,Electronics,274.04,2
2023-05-27,Central,Clothing,65.54,5
2024-09-18,East,Toys,66.78,4
2024-08-12,North,Groceries,38.57,3
2024-02-03,Central,Clothing,28.67,2
2024-07-29,East,Groceries,47.5,4
2023-01-30,West,Groceries,23.34,3
2023-01-20,North,Home & Garden,38.93,5
2023-04-22,Central,Clothing,50.73,1
2024-01-10,North,Groceries,15.36,3
2024-09-18,South,Clothing,2159.75,4
2024-02-23,East,Groceries,9.52,4
2023-11-06,Central,Electronics,203.73,4
2023-05-05,East,Groceries,45.03,2
2023-12-15,East,Electronics,1001.56,5
2024-01-15,East,Clothing,24.23,2
2024-04-03,South,Clothing,18.41,1
2024-03-24,central,Clothing,62.29,4
2023-05-22,Central,Electronics,546.04,1
2023-01-17,West,Electronics,604.15,5
2024-04-02,North,Groceries,38.01,3
2023-07-16,East,Home & Garden,198.16,4
2023-03-15,Central,Groceries,59.99,3
2024-01-11,West,Clothing,110.92,2
2023-12-12,West,Groceries,20.7,3
2024-11-21,South,Clothing,54.29,2
2024-08-05,North,Toys,47.92,2
2023-07-26,Central,Clothing,85.8,4
2023-04-14,East,Groceries,50.96,4
2024-12-13,West,Electronics,512.3,2
2023-11-14,North,Clothing,59.64,2
2023-04-14,East,Toys,25.7,2
2023-05-04,East,Home & Garden,21.82,2
2023-07-05,West,Groceries,53.34,3
2024-06-16,Central,Toys,13.82,4
2023-12-24,South,Electronics,558.4,3
2023-11-15,Central,Groceries,38.98,1
2024-02-12,North,Clothing,31.05,5
2023-05-17,West,Clothing,64.79,2
2023-04-01,Central,Groceries,46.1,1
2023-04-23,North,Toys,27.24,4
2024-06-06,South,Electronics,362.05,5
2023-04-21,West,Electronics,676.29,4
2024-11-29,West,Toys,55.5,5
2023-01-29,South,Toys,35.93,4
2023-02-03,West,Toys,35.1,4
2023-09-08,Central,Groceries,5.36,2
2024-09-28,East,Groceries,55.52,2
2023-02-11,South,Home & Garden,136.52,5
2023-01-23,Central,Toys,78.49,4
2023-11-30,North,Home & Garden,34.14,2
2024-07-28,Central,Toys,55.41,2
2024-11-28,Central,Groceries,35.26,4
2024-04-10,East,Electronics,638.73,4
2024-09-12,East,Electronics,340.02,5
2024-10-03,North,Electronics,737.22,2
2023-08-03,east,Clothing,108.06,3
2024-07-31,Central,Toys,19.42,1
2024-04-21,South,Groceries,59.43,4
2024-08-27,West,Toys,29.58,3
2023-06-20,South,Clothing,38.0,4
2024-12-03,Central,Home & Garden,25.37,3
2024-01-04,North,Groceries,21.77,4
2023-05-27,North,Home & Garden,244.54,5
2024-07-30,West,Home & Garden,81.86,1
2024-03-11,North,Electronics,894.01,4
2023-09-16,Central,Groceries,11.52,1
2023-02-03,South,Home & Garden,69.81,3
2023-07-05,North,Clothing,59.95,4
2024-03-07,South,Clothing,119.74,4
2023-08-13,North,Clothing,46.2,3
2024-04-29,North,Clothing,110.26,5
2023-08-09,West,Clothing,17.76,2
2023-01-22,Central,Home & Garden,198.42,2
2024-09-13,Central,Electronics,892.67,5
2023-09-08,East,Home & Garden,87.64,4
2023-11-06,West,Groceries,14.14,4
2023-03-26,Central,Electronics,379.65,3
2023-08-23,South,Toys,65.12,4
2024-10-21,South,Toys,58.38,2
2023-11-25,North,Toys,24.67,2
2024-10-19,East,Toys,23.37,4
2024-12-01,South,Electronics,874.89,4
2023-01-25,West,Clothing,114.4,2
2024-03-10,South,Electronics,650.53,1
2024-11-24,South,Groceries,32.12,3
2023-05-11,West,Home & Garden,146.03,3
2024-11-06,Central,Groceries,58.93,2
2024-10-05,South,Toys,17.29,2
2023-04-26,North,Clothing,58.18,2
2024-11-02,North,Home & Garden,299.57,5
2024-03-30,East,Home & Garden,146.2,5
2024-06-29,North,Toys,74.45,1
2024-11-30,North,Home & Garden,205.72,3
2024-04-22,South,Clothing,23.44,3
2023-05-09,West,Electronics,513.35,5
2024-10-01,Central,Toys,52.75,1
2023-12-20,Central,Toys,43.8,2
2023-05-04,Central,Groceries,27.21,2
2023-07-18,North,Clothing,22.9,5
2023-12-11,Central,Clothing,53.78,5
2023-07-19,Central,Toys,34.6,4
2023-10-31,East,Home & Garden,68.54,4
2023-09-10,Central,Toys,38.73,4
2023-12-15,North,Toys,44.01,1
2023-03-08,East,Home & Garden,220.41,5
2024-05-23,Central,Electronics,228.05,3
2024-12-30,East,Groceries,47.06,2
2024-07-08,North,Toys,59.69,5
2024-05-05,North,Electronics,780.73,2
2023-02-14,West,Electronics,669.01,5
2023-01-30,East,Electronics,421.7,1
2024-07-23,West,Groceries,21.49,5
2024-02-12,East,Clothing,45.25,5
2024-05-18,East,Groceries,39.01,5
2023-12-06,South,Clothing,111.53,1
2024-03-14,South,Toys,15.5,4
2023-07-14,East,Home & Garden,173.53,5
2024-04-04,Central,Groceries,56.2,4
2024-10-29,West,Clothing,108.9,2
2023-12-05,East,Home & Garden,142.23,4
2024-04-02,South,Electronics,216.49,1
2023-10-21,central,Toys,28.33,1
2023-05-08,West,Groceries,31.44,5
2023-01-11,east,Toys,71.35,5
2023-06-15,East,Electronics,633.81,1
2023-03-22,Central,Groceries,26.47,3
2024-05-10,North,Toys,44.69,2
2023-06-15,South,Electronics,332.51,5
2024-04-05,Central,Toys,56.81,3
2023-01-18,West,Clothing,54.91,4
2023-12-15,Central,Clothing,55.87,1
2024-04-29,East,Groceries,30.39,2
2024-07-17,East,Groceries,46.26,1
2023-05-07,West,Home & Garden,135.3,4
2024-09-19,Central,Home & Garden,155.64,5
2023-09-25,South,Clothing,21.76,3
2024-08-15,West,Clothing,53.65,1
2024-09-03,north,Home & Garden,281.71,4
2023-04-08,West,Groceries,38.97,2
2024-07-21,Central,Toys,47.71,2
2023-11-23,North,Clothing,23.22,4
2024-05-28,north,Home & Garden,,4
2024-11-05,Central,Toys,17.22,1
2023-06-02,Central,Groceries,41.25,3
2023-09-11,Central,Toys,79.97,5
2024-09-07,West,Home & Garden,225.77,4
2023-02-20,West,Home & Garden,22.05,3
2024-01-22,East,Toys,41.15,5
2024-05-23,North,Home & Garden,84.49,5
2023-05-12,East,Home & Garden,145.61,1
2024-09-02,South,Home & Garden,111.4,5
2024-12-06,West,Home & Garden,236.46,1
2024-06-08,East,Home & Garden,228.18,2
2023-05-24,East,Toys,29.08,5
2023-02-19,South,Electronics,196.53,3
2023-11-06,Central,Toys,68.56,1
2024-08-23,East,Clothing,94.31,5
2023-03-03,North,Toys,26.98,4
2023-07-04,North,Home & Garden,211.45,3
2024-08-12,South,Clothing,37.37,4
2024-02-25,South,Toys,51.28,1
2024-03-12,West,Toys,22.49,4
2024-04-05,Central,Toys,31.66,3
2023-06-14,East,Toys,46.62,2
2023-04-14,South,Home & Garden,136.16,5
2023-06-09,West,Groceries,46.84,3
2023-11-13,South,Groceries,48.07,2
2023-06-25,North,Groceries,28.29,2
2023-09-28,South,Home & Garden,275.99,2
2023-08-08,North,Home & Garden,287.18,4
2024-02-13,East,Home & Garden,75.71,5
2024-04-04,West,Groceries,13.51,2
2023-09-08,west,Groceries,30.23,2
2024-10-25,North,Home & Garden,119.88,1
2024-02-04,South,Electronics,,4
2024-03-26,North,Groceries,48.59,2
2023-11-06,Central,Toys,38.87,3
2024-01-21,South,Toys,73.32,5
2024-05-03,West,Groceries,51.8,3
2023-05-09,West,Toys,66.92,5
2024-07-29,East,Home & Garden,283.35,3
2024-07-17,East,Toys,72.09,3
2023-07-12,west,Home & Garden,211.76,2
2024-02-03,Central,Groceries,53.02,1
2024-11-07,East,Electronics,265.23,4
2024-10-22,East,Electronics,,3
2023-03-23,South,Electronics,322.29,3
2024-05-19,Central,Electronics,369.7,1
2023-07-28,South,Clothing,16.85,5
2023-10-26,West,Groceries,17.1,3
2023-03-29,Central,Groceries,42.81,3
2023-04-18,East,Clothing,54.41,5
2024-06-23,South,Clothing,75.94,5
2023-07-21,North,Home & Garden,226.59,1
2023-05-29,East,Groceries,52.72,5
2023-03-11,East,Groceries,16.23,2
2023-10-24,Central,Home & Garden,197.16,4
2024-12-06,Central,Toys,59.67,4
2023-07-25,South,Toys,16.86,4
2023-09-23,West,Electronics,209.64,3
2023-08-15,East,Toys,26.26,3
2023-12-28,Central,Toys,109.0,5
2024-01-06,Central,Toys,71.77,4
2024-11-28,North,Groceries,48.53,3
2023-02-14,South,Groceries,23.27,1
2023-07-19,West,Electronics,511.07,2
2024-03-22,South,Clothing,110.3,4
2023-10-13,East,Home & Garden,240.83,1
2023-10-31,East,Groceries,53.37,1
2024-09-10,North,Groceries,47.44,2
2024-07-17,Central,Groceries,46.65,5
2023-08-08,West,Groceries,44.39,2
2024-10-20,North,Clothing,19.74,5
2024-08-12,East,Electronics,532.08,2
2023-08-14,West,Electronics,683.41,1
2023-02-01,Central,Home & Garden,262.43,3
2024-05-31,Central,Electronics,277.72,4
2024-06-01,East,Groceries,43.79,3
2023-08-03,Central,Electronics,824.89,3
2023-12-16,South,Home & Garden,212.32,2
2024-07-15,Central,Clothing,64.47,4
2024-02-15,West,Clothing,87.83,5
2023-02-27,North,Electronics,323.7,1
2023-11-17,South,Clothing,75.63,4
2023-02-02,south,Home & Garden,288.18,1
2023-07-17,South,Clothing,52.25,4
2023-06-03,West,Groceries,16.27,1
2024-09-25,North,Groceries,41.71,5
2024-11-26,South,Electronics,304.2,3
2023-06-05,South,Home & Garden,133.3,1
2024-05-27,South,Toys,57.24,4
2023-10-04,west,Groceries,30.25,3
2024-02-25,South,Home & Garden,175.74,5
2024-05-17,Central,Toys,58.52,5
2023-06-04,Central,Clothing,91.6,5
2024-09-26,North,Electronics,393.23,1
2023-02-23,North,Clothing,115.41,3
2024-12-27,East,Toys,69.54,2
2024-09-27,Central,Clothing,29.12,3
2024-02-16,North,Groceries,55.46,5
2024-10-19,North,Electronics,657.68,1
2024-04-19,Central,Toys,71.22,5
2024-12-04,East,Electronics,1052.08,5
2023-02-13,East,Home & Garden,225.24,4
2023-06-13,East,Clothing,102.67,5
2023-11-17,North,Toys,31.89,1
2024-06-17,East,Groceries,47.85,3
2024-05-08,South,Clothing,46.96,2
2023-07-01,Central,Electronics,619.33,1
2024-12-20,north,Electronics,701.27,5
2024-09-13,West,Home & Garden,110.87,1
2024-10-14,Central,Groceries,34.27,4
2024-01-24,North,Groceries,14.16,1
2024-06-01,East,Groceries,40.25,1
2024-01-11,North,Electronics,872.33,4
2023-12-26,Central,Toys,39.01,5
2023-10-08,West,Groceries,40.55,3
2023-04-05,Central,Electronics,745.79,3
2023-07-04,South,Groceries,41.91,2
2024-01-25,Central,Groceries,16.36,3
2023-09-08,Central,Groceries,31.24,4
2023-03-21,Central,Clothing,93.3,5
2023-11-30,South,Toys,37.65,4
2023-12-14,West,Toys,79.92,2
2024-10-10,South,Clothing,37.04,4
2024-05-03,West,Clothing,84.4,4
2023-09-03,West,Toys,50.11,1
2024-06-05,North,Groceries,36.23,5
2024-08-01,Central,Toys,62.84,4
2023-03-04,West,Clothing,25.89,5
2024-07-25,Central,Clothing,53.1,5
2023-02-06,south,Clothing,63.19,3
2023-02-03,Central,Home & Garden,84.52,3
2023-10-12,East,Toys,25.98,1
2023-12-10,North,Home & Garden,145.89,2
2024-02-06,East,Home & Garden,213.37,3
2023-12-24,North,Groceries,49.89,1
2024-07-20,West,Clothing,55.06,5
2023-11-22,South,Clothing,95.31,1
2023-03-04,West,Groceries,33.03,1
2024-09-26,North,Toys,30.7,2
2024-07-11,North,Home & Garden,212.32,3
2024-01-03,West,Toys,78.41,2
2023-08-28,Central,Groceries,50.3,3
2024-06-01,South,Toys,,1
2023-04-01,East,Home & Garden,167.69,4
2024-02-01,South,Clothing,95.63,3
2024-08-02,East,Groceries,15.97,1
2024-11-06,West,Electronics,526.21,5
2024-04-23,Central,Electronics,368.37,3
2023-06-16,North,Electronics,228.97,5
2024-06-17,West,Clothing,101.35,5
2024-10-30,West,Toys,61.97,1
2023-09-16,North,Toys,23.93,5
2024-03-31,Central,Home & Garden,34.68,3
2024-02-15,West,Toys,71.94,5
2023-07-13,South,Clothing,48.07,4
2023-02-01,West,Toys,30.12,3
2024-11-02,East,Groceries,34.29,5
2023-06-07,West,Home & Garden,209.96,4
2024-10-19,Central,Home & Garden,36.04,3
2024-07-20,Central,Electronics,160.59,5
2024-09-24,West,Clothing,24.53,4
2023-07-11,South,Clothing,104.88,4
2023-05-25,Central,Clothing,39.54,3
2024-10-11,South,Electronics,322.35,5
2024-01-22,East,Home & Garden,287.01,2
2023-06-21,North,Groceries,47.52,4
2024-08-23,West,Groceries,31.15,1
2024-02-21,North,Electronics,292.44,4
2024-05-28,East,Home & Garden,120.26,4
2024-11-02,North,Home & Garden,,2
2024-06-02,Central,Home & Garden,48.79,4
2023-09-04,North,Clothing,89.33,4
2023-05-15,West,Electronics,223.59,4
2024-08-12,North,Electronics,648.71,4
2023-08-11,West,Home & Garden,144.85,5
2023-11-02,North,Home & Garden,106.48,1
2024-08-18,Central,Toys,42.12,2
2024-05-15,East,Clothing,17.92,5
2023-03-22,South,Toys,41.74,2
2024-06-07,Central,Home & Garden,202.38,1
2024-05-25,West,Electronics,257.78,4
2023-03-13,South,Groceries,11.97,4
2024-01-21,East,Electronics,258.04,3
2024-04-23,Central,Electronics,368.37,3
2024-07-31,South,Groceries,5.6,3
2024-03-18,West,Clothing,69.27,4
2024-05-06,Central,Home & Garden,223.08,3
2023-03-30,North,Groceries,47.45,4
2023-07-03,north,Home & Garden,89.41,5
2023-04-18,East,Clothing,51.59,5
2023-10-27,East,Toys,70.72,3
2023-02-03,Central,Groceries,48.14,4
2024-08-10,West,Toys,,3
2023-10-26,West,Clothing,22.07,4
2024-10-07,Central,Electronics,689.65,5
2024-03-17,South,Home & Garden,61.38,1
2024-06-10,North,Clothing,94.76,3
2024-12-05,South,Home & Garden,295.96,5
2024-11-27,Central,Electronics,196.85,4
2024-07-31,West,Clothing,71.07,5
2023-12-21,East,Toys,17.33,5
2023-11-24,South,Electronics,615.74,1
2023-03-02,West,Groceries,8.09,2
2023-06-10,Central,Groceries,39.48,3
2024-01-27,south,Toys,53.84,3
2024-10-18,west,Toys,69.13,1
2023-10-10,North,Clothing,38.46,3
2024-09-21,South,Toys,31.72,4
2024-01-20,Central,Electronics,722.14,5
2023-05-10,South,Toys,74.08,3
2023-08-27,South,Electronics,867.66,4
2024-01-10,South,Electronics,742.01,1
2024-04-01,South,Groceries,12.58,4
2024-06-04,West,Electronics,562.04,1
2024-04-11,East,Groceries,49.03,4
2024-04-21,Central,Groceries,22.63,3
2023-03-02,Central,Groceries,56.45,5
2023-04-20,North,Groceries,33.6,3
2024-11-13,West,Groceries,50.02,5
2023-11-14,South,Clothing,95.98,1
2024-06-08,South,Home & Garden,280.84,2
2023-02-04,West,Toys,69.96,1
2024-04-24,West,Groceries,46.72,4
2024-02-07,North,Electronics,629.38,1
2023-12-10,North,Home & Garden,116.29,3
2023-09-07,North,Clothing,74.59,3
2023-10-06,South,Electronics,191.68,3
2023-04-30,South,Clothing,58.15,2
2024-10-15,East,Toys,63.14,1
2024-01-06,East,Home & Garden,87.36,1
2024-02-05,West,Home & Garden,218.56,3
2023-08-25,South,Electronics,370.87,1
2024-02-01,East,Electronics,661.74,2
2023-06-27,North,Clothing,34.54,1
2023-11-20,West,Electronics,825.7,2
2024-12-30,South,Groceries,7.15,2
2023-04-28,South,Clothing,30.98,1
2023-05-22,South,Home & Garden,55.94,5
2024-10-10,Central,Toys,10.45,3
2023-07-02,South,Toys,56.73,5
2023-10-09,North,Toys,40.51,4
2023-02-24,South,Home & Garden,163.6,2
2024-07-27,South,Toys,62.61,4
2023-04-06,South,Toys,59.25,3
2024-03-12,North,Electronics,546.62,3
2023-01-18,South,Home & Garden,27.18,2
2024-07-05,East,Clothing,48.24,1
2024-03-26,East,Toys,70.7,3
2024-03-24,north,Toys,14.03,1
2023-11-16,South,Home & Garden,49.65,1
2024-10-25,west,Home & Garden,206.09,4
2024-10-16,West,Home & Garden,225.16,5
2024-12-22,South,Groceries,18.54,1
2024-10-15,South,Home & Garden,45.03,5
2023-03-26,East,Clothing,66.07,1
2023-08-28,West,Toys,20.49,2
2024-12-07,South,Electronics,,3
2023-12-08,Central,Electronics,866.32,5
2023-10-22,South,Home & Garden,198.27,3
2023-09-21,North,Groceries,56.66,4
2023-10-06,north,Electronics,718.81,3
2023-08-22,West,Electronics,502.31,2
2024-08-04,West,Toys,73.47,4
2023-09-04,West,Electronics,366.43,2
2023-11-27,East,Home & Garden,297.12,3
2023-11-07,South,Toys,57.01,5
2023-05-28,East,Home & Garden,131.99,5
2024-03-17,South,Toys,33.84,1
2023-04-22,South,Groceries,51.38,1
2023-11-01,West,Groceries,44.87,2
2024-12-08,Central,Home & Garden,184.33,1
2024-09-07,West,Toys,22.24,2
2023-05-29,West,Toys,50.75,2
2024-06-28,Central,Electronics,194.76,1
2023-12-12,South,Electronics,945.83,1
2023-07-16,East,Toys,28.96,3
2023-07-07,central,Toys,56.28,2
2024-09-08,East,Clothing,87.57,5
2024-02-29,West,Toys,45.49,2
2023-04-29,West,Groceries,17.78,1
2023-12-13,North,Groceries,28.79,4
2024-02-22,South,Electronics,154.58,3
2023-11-22,South,Home & Garden,267.17,1
2024-10-15,South,Groceries,12.29,2
2024-02-20,North,Home & Garden,138.8,2
2023-12-25,South,Toys,69.24,3
2024-08-27,South,Toys,68.73,3
2024-10-13,West,Clothing,31.56,4
2024-09-02,South,Home & Garden,234.55,2
2024-07-11,East,Home & Garden,293.47,1
2023-06-06,West,Electronics,431.0,4
2023-12-05,South,Home & Garden,128.09,1
2023-09-27,East,Toys,24.36,5
2023-07-05,west,Clothing,58.24,2
2023-11-15,East,Clothing,34.25,2
2024-07-05,West,Toys,32.86,2
2023-10-25,East,Home & Garden,193.29,1
2024-04-13,North,Groceries,12.64,4
2024-11-11,East,Groceries,28.02,5
2024-02-12,East,Groceries,37.77,1
2024-01-03,Central,Clothing,15.57,4
2024-08-21,North,Electronics,457.18,3
2024-09-15,North,Home & Garden,245.85,2
2023-11-24,north,Groceries,35.66,4
2024-10-13,North,Toys,57.67,3
2024-11-09,South,Groceries,15.99,5
2024-10-25,East,Toys,63.7,4
2024-05-31,South,Toys,42.57,3
2023-09-24,South,Electronics,186.56,5
2023-10-11,South,Electronics,350.17,2
2024-06-30,West,Home & Garden,216.22,4
2023-07-20,North,Electronics,864.08,1
2023-03-09,North,Groceries,8.05,3
2023-06-24,South,Toys,61.72,5
2023-03-20,South,Groceries,24.34,3
2024-06-16,South,Groceries,38.15,3
2023-10-16,South,Toys,35.2,2
2023-09-14,East,Groceries,27.98,3
2023-10-27,North,Toys,31.58,5
2024-07-29,East,Electronics,832.82,4
2024-07-29,East,Toys,12.1,4
2024-05-20,Central,Groceries,36.73,2
2024-09-15,East,Toys,25.81,1
2023-07-08,Central,Electronics,284.2,2
2024-04-15,East,Groceries,52.34,5
2024-08-12,West,Electronics,410.33,4
2024-09-17,South,Groceries,39.5,2
2024-09-08,East,Electronics,534.02,4
2023-11-07,West,Toys,76.77,5
2023-09-07,West,Electronics,848.85,2
2023-04-26,Central,Groceries,36.53,2
2024-04-19,Central,Home & Garden,110.36,2
2024-12-31,East,Clothing,82.18,2
2023-05-28,South,Home & Garden,288.34,5
2023-01-21,West,Clothing,33.67,4
2023-03-18,North,Home & Garden,144.24,4
2024-02-28,South,Groceries,54.27,2
2023-07-25,East,Home & Garden,126.62,3
2024-06-12,West,Groceries,42.82,5
2024-04-28,West,Home & Garden,281.6,3
2023-01-07,central,Groceries,20.32,5
2024-03-23,West,Clothing,117.17,5
2023-09-07,Central,Clothing,20.75,1
2024-01-01,North,Home & Garden,217.18,2
2024-05-19,west,Groceries,31.74,4
2023-05-28,West,Electronics,235.45,2
2024-01-27,West,Toys,43.37,5
2024-04-17,Central,Groceries,37.21,1
2024-10-14,South,Clothing,116.06,3
2024-02-04,North,Electronics,618.41,5
2024-08-16,East,Clothing,71.56,1
2023-10-02,North,Clothing,87.77,3
2023-01-10,South,Clothing,92.44,1
2023-05-22,North,Clothing,26.09,2
2023-10-21,East,Groceries,21.8,2
2023-03-27,South,Toys,41.11,3
2023-06-19,Central,Groceries,28.51,4
2024-01-06,West,Clothing,70.07,1
2023-06-12,North,Home & Garden,45.92,2
2023-10-06,East,Groceries,34.18,1
2023-01-08,south,Toys,14.44,4
2024-02-02,West,Toys,22.47,3
2023-09-03,West,Clothing,78.36,1
2024-01-15,North,Groceries,59.66,2
2023-06-10,South,Toys,41.45,2
2023-05-27,Central,Clothing,54.2,4
2023-08-21,South,Toys,45.21,4
2023-08-27,east,Toys,33.06,1
2023-01-23,South,Toys,61.31,3
2024-02-15,East,Electronics,306.88,3
2024-04-30,Central,Clothing,58.92,1
2023-10-31,South,Clothing,99.89,5
2024-03-13,North,Groceries,55.39,5
2024-10-27,East,Electronics,799.82,2
2023-05-10,South,Groceries,50.89,4
2023-01-23,north,Electronics,216.45,4
2024-10-25,North,Toys,11.4,4
2023-10-01,Central,Electronics,473.53,4
2024-05-29,West,Groceries,59.15,2
2023-10-06,East,Toys,31.91,4
2023-08-14,East,Electronics,280.85,1
2024-08-22,West,Electronics,538.78,1
2023-08-03,East,Clothing,102.52,5
2024-11-14,South,Home & Garden,150.76,5
2024-03-27,Central,Electronics,155.77,2
2024-03-11,Central,Electronics,537.66,1
2023-10-02,south,Clothing,46.0,3
2023-11-16,North,Groceries,19.76,2
2023-09-27,Central,Clothing,76.89,5
2023-01-10,North,Toys,50.64,2
2024-01-03,West,Home & Garden,195.88,2
2024-06-05,North,Clothing,116.44,1
2023-07-12,East,Electronics,304.83,5
2023-09-29,East,Electronics,453.81,4
2023-06-07,East,Home & Garden,87.27,3
2023-08-06,South,Clothing,62.27,4
2023-05-17,South,Electronics,239.83,1
2023-09-18,North,Clothing,66.74,1
2023-03-20,East,Home & Garden,243.71,2
2023-06-04,West,Electronics,375.27,3
2023-10-31,North,Toys,36.07,5
2023-11-14,South,Electronics,204.72,1
2023-10-27,East,Groceries,10.44,5
2023-12-04,West,Home & Garden,188.33,1
2024-04-10,East,Clothing,19.15,2
2024-01-06,East,Electronics,679.38,3
2024-12-15,Central,Electronics,1069.43,4
2024-02-01,East,Clothing,33.86,2
2023-09-22,West,Groceries,7.91,1
2024-03-22,Central,Toys,,3
2024-01-19,West,Groceries,34.59,1
2023-08-18,Central,Groceries,22.96,2
2024-03-19,East,Toys,78.03,3
2023-06-23,North,Electronics,818.69,5
2023-05-03,South,Groceries,39.27,1
2023-07-30,South,Home & Garden,43.42,1
2024-01-15,South,Clothing,93.97,4
2023-01-19,Central,Electronics,522.58,2
2024-06-27,North,Electronics,461.71,5
2024-11-27,Central,Toys,26.67,2
2023-09-14,East,Electronics,618.84,1
2024-09-20,East,Electronics,257.11,1
2024-01-20,East,Groceries,6.87,3
2023-01-04,South,Clothing,35.56,5
2023-03-19,South,Clothing,100.95,4
2023-07-13,Central,Clothing,62.15,2
2023-10-31,West,Clothing,25.49,2
2024-06-26,South,Home & Garden,273.85,2
2024-07-12,West,Electronics,368.26,2
2024-04-04,West,Groceries,28.03,1
2024-10-08,West,Groceries,49.2,4
2024-08-10,Central,Electronics,813.04,1
2024-03-19,Central,Electronics,220.6,2
2024-10-20,Central,Home & Garden,89.66,5
2023-02-03,Central,Clothing,18.06,3
2023-09-13,East,Home & Garden,83.71,4
2023-08-18,South,Home & Garden,182.3,3
2023-10-30,Central,Home & Garden,185.83,4
2024-01-01,South,Electronics,469.04,2
2023-06-21,North,Electronics,461.14,2
2023-12-24,East,Clothing,35.64,3
2023-04-19,Central,Clothing,94.53,3
2024-02-17,Central,Electronics,538.32,1
2024-11-02,Central,Home & Garden,76.62,5
2024-10-27,West,Home & Garden,195.44,3
2024-10-17,East,Toys,27.46,4
2024-08-07,Central,Electronics,582.92,3
2024-01-18,Central,Groceries,50.31,4
2023-09-02,South,Electronics,690.18,5
2023-09-10,Central,Groceries,48.65,1
2023-03-27,South,Home & Garden,179.45,2
2023-10-01,East,Home & Garden,82.78,2
2023-12-16,Central,Electronics,,5
2023-11-20,North,Electronics,790.64,1
2023-09-12,East,Home & Garden,126.79,3
2024-01-16,West,Clothing,59.48,2
2023-09-19,West,Groceries,22.81,4
2024-04-22,South,Electronics,752.49,3
2024-07-29,West,Home & Garden,63.04,3
2023-11-23,East,Electronics,272.18,2
2024-12-12,North,Toys,94.58,4
2024-07-25,West,Clothing,24.8,4
2024-02-06,East,Groceries,41.17,4
2023-06-02,east,Groceries,11.94,1
2023-07-01,East,Electronics,436.21,1
2023-12-20,North,Electronics,883.04,2
2023-04-27,South,Toys,70.89,1
2024-10-13,east,Electronics,292.74,4
2024-11-18,South,Toys,73.59,2
2023-08-21,Central,Toys,70.31,4
2024-08-05,North,Electronics,174.01,2
2024-11-03,Central,Electronics,776.9,1
2023-09-13,West,Electronics,808.86,2
2024-07-28,North,Electronics,680.49,3
2023-04-28,South,Clothing,80.03,5
2023-08-05,North,Groceries,6.58,1
2023-06-17,West,Clothing,65.9,4
2023-06-06,South,Clothing,71.1,5
2023-11-08,North,Toys,55.46,2
2023-02-18,West,Clothing,102.4,3
2023-09-06,West,Clothing,77.7,5
2023-01-07,East,Clothing,109.0,3
2024-12-02,South,Clothing,111.24,3
2024-07-30,West,Clothing,90.28,1
2023-01-25,central,Electronics,764.3,2
2024-09-29,South,Electronics,276.8,5
2024-01-22,Central,Clothing,80.11,1
2023-04-18,East,Toys,75.29,5
2023-04-15,South,Groceries,40.4,5
2023-03-05,West,Clothing,58.93,4
2024-10-25,East,Home & Garden,71.34,2
2024-11-15,East,Home & Garden,125.75,3
2023-06-18,West,Home & Garden,195.43,2
2023-01-13,East,Groceries,26.12,1
2024-09-23,East,Clothing,87.07,4
2023-06-20,Central,Clothing,77.35,3
2024-12-12,South,Clothing,83.05,2
2023-12-24,Central,Home & Garden,232.24,5
2024-09-08,west,Toys,67.99,5
2024-04-19,Central,Toys,43.79,3
2023-03-21,North,Groceries,11.23,4
2023-05-04,South,Groceries,57.19,1
2023-08-18,South,Home & Garden,254.64,3
2024-06-21,North,Electronics,817.26,4
2023-05-29,West,Home & Garden,144.25,2
2024-12-09,North,Toys,58.87,4
2023-09-21,Central,Home & Garden,120.65,5
2024-10-27,Central,Groceries,19.43,5
2023-12-16,East,Clothing,75.36,4
2023-11-24,East,Toys,49.49,2
2023-08-28,Central,Groceries,44.11,5
2024-12-22,North,Clothing,34.86,2
2023-11-02,North,Electronics,639.94,5
2023-11-12,East,Home & Garden,82.32,1
2023-07-12,South,Electronics,532.24,2
2024-07-16,East,Groceries,55.83,1
2024-03-25,East,Electronics,774.45,5
2024-11-09,Central,Clothing,108.94,4
2024-03-25,South,Electronics,291.06,3
2024-11-17,east,Groceries,6.42,2
2024-11-12,north,Clothing,86.55,2
2023-04-30,East,Toys,68.73,2
2024-08-26,South,Groceries,43.01,2
2024-08-21,Central,Groceries,56.03,5
2024-01-07,South,Home & Garden,65.85,3
2023-10-25,South,Home & Garden,268.42,2
2023-10-31,East,Home & Garden,205.45,4
2024-04-27,East,Clothing,15.23,5
2023-12-12,West,Groceries,25.8,4
2023-05-20,North,Toys,75.37,3
2023-09-03,North,Home & Garden,252.72,2
2023-05-13,South,Groceries,52.02,3
2023-08-20,South,Clothing,35.34,5
2023-04-06,North,Home & Garden,79.86,4
2023-08-30,North,Clothing,73.98,4
2023-04-21,Central,Toys,50.6,1
2024-07-25,West,Groceries,44.24,3
2023-06-28,South,Toys,57.67,4
2023-10-01,West,Home & Garden,80.1,2
2024-10-16,north,Electronics,772.01,4
2024-12-07,West,Clothing,57.67,1
2024-05-21,East,Groceries,15.04,4
2023-07-04,East,Electronics,411.48,3
2023-06-09,West,Toys,66.95,5
2024-12-10,West,Clothing,39.63,4
2023-02-06,South,Groceries,49.28,3
2023-11-20,Central,Groceries,42.2,4
2024-03-02,North,Home & Garden,271.44,3
2024-02-09,East,Electronics,497.01,5
2023-07-04,South,Groceries,40.86,1
2023-01-23,Central,Clothing,21.81,2
2023-01-05,South,Groceries,39.0,5
2024-08-25,North,Clothing,78.81,4
2024-01-20,West,Toys,56.43,1
2023-08-15,North,Electronics,660.31,4
2023-08-04,West,Clothing,85.89,2
2024-10-13,East,Clothing,27.44,1
2024-04-07,North,Electronics,424.09,4
2024-08-15,Central,Toys,71.71,5
2024-06-14,West,Home & Garden,262.0,1
2024-11-24,East,Groceries,46.63,5
2024-01-31,West,Home & Garden,81.59,4
2024-01-10,Central,Electronics,524.46,5
2023-02-17,Central,Groceries,35.07,5
2023-01-09,East,Home & Garden,48.62,4
2024-10-10,Central,Home & Garden,269.28,3
2023-06-25,Central,Toys,20.11,2
2023-03-22,South,Clothing,71.22,1
2024-10-07,South,Home & Garden,38.93,3
2024-06-12,West,Clothing,80.64,1
2023-01-18,East,Clothing,32.69,2
2023-01-30,East,Toys,78.65,2
2023-02-25,East,Clothing,16.92,4
2024-12-01,West,Electronics,683.86,4
2023-07-11,East,Clothing,35.29,2
2024-04-26,East,Electronics,503.75,1
2024-03-31,North,Clothing,55.78,3
2023-12-25,North,Clothing,96.77,2
2023-05-13,South,Home & Garden,51.07,2
2024-09-04,East,Groceries,31.55,4
2024-09-23,Central,Clothing,94.68,1
2024-05-27,North,Toys,68.27,1
2024-11-26,North,Toys,79.46,3
2023-05-31,East,Clothing,116.8,5
2024-08-28,East,Groceries,52.11,5
2023-10-25,North,Electronics,479.5,5
2023-08-29,Central,Home & Garden,180.34,3
2023-08-02,south,Electronics,419.82,4
2024-03-01,South,Toys,39.68,2
2024-01-28,South,Toys,69.82,2
2023-08-11,South,Clothing,46.36,1
2023-08-08,East,Electronics,452.31,1
2024-12-17,East,Electronics,1185.4,1
2024-03-14,north,Clothing,83.52,5
2023-02-21,South,Home & Garden,224.64,4
2024-07-29,Central,Toys,70.56,1
2023-01-31,South,Clothing,99.37,3
2024-09-01,Central,Groceries,30.64,4
2024-07-09,north,Clothing,79.09,4
2024-05-08,South,Groceries,35.38,3
2023-07-07,West,Home & Garden,116.91,3
2023-01-06,West,Clothing,88.31,1
2024-11-21,west,Clothing,19.07,3
2024-06-02,West,Clothing,114.54,5
2024-07-19,South,Groceries,24.87,5
2024-06-18,North,Electronics,627.27,3
2024-03-03,South,Groceries,5.19,5
2024-11-27,Central,Groceries,35.44,5
2023-04-02,North,Home & Garden,135.77,4
2023-01-19,east,Groceries,19.13,5
2023-07-15,East,Electronics,868.36,4
2024-05-15,West,Home & Garden,237.09,1
2023-12-12,North,Home & Garden,127.65,1
2023-07-21,Central,Groceries,13.74,1
2024-12-12,West,Home & Garden,38.16,3
2023-12-09,South,Electronics,1259.08,3
2024-03-31,East,Groceries,27.83,5
2024-11-18,West,Electronics,283.88,3
2023-09-25,South,Toys,13.94,3
2024-08-06,Central,Toys,10.03,5
2024-12-04,North,Groceries,42.57,4
2023-03-17,East,Electronics,179.56,5
2023-11-01,West,Toys,56.82,3
2023-11-26,South,Toys,24.48,4
2023-12-31,North,Clothing,73.23,5
2024-08-22,East,Home & Garden,153.88,4
2023-05-03,East,Electronics,227.44,3
2024-11-27,East,Home & Garden,143.29,4
2024-11-01,West,Clothing,42.53,1
2024-12-05,South,Toys,102.36,5
2023-12-31,North,Toys,26.18,1
2024-11-26,West,Toys,77.94,2
2023-03-13,East,Electronics,654.27,3
2023-08-22,Central,Electronics,601.36,2
2024-08-22,Central,Toys,31.53,3
2024-08-19,West,Electronics,400.31,1
2024-01-24,West,Clothing,92.21,3
2024-06-10,East,Groceries,45.96,4
2023-04-10,North,Toys,37.3,3
2023-08-27,Central,Clothing,76.83,3
2023-10-06,North,Home & Garden,275.6,1
2024-09-30,Central,Home & Garden,160.69,3
2024-10-31,West,Toys,23.2,1
2024-03-24,South,Clothing,66.14,2
2024-11-13,West,Groceries,5.58,1
2023-01-16,South,Clothing,117.47,4
2024-12-26,Central,Electronics,927.48,5
2023-11-30,East,Home & Garden,216.46,1
2024-09-11,South,Groceries,19.35,5
2024-09-05,East,Home & Garden,130.46,1
2023-09-09,Central,Electronics,270.52,5
2024-09-13,South,Clothing,57.41,5
2024-02-18,West,Clothing,62.7,5
2023-08-08,South,Toys,50.16,1
2024-12-17,South,Clothing,15.07,5
2024-01-12,West,Groceries,27.3,1
2023-04-19,North,Groceries,51.25,5
2024-04-05,South,Toys,63.05,1
2023-03-31,West,Electronics,437.2,2
2023-11-22,Central,Home & Garden,251.86,2
2023-08-30,West,Clothing,74.06,1
2023-05-29,West,Toys,71.91,3
2023-08-18,East,Clothing,69.97,4
2024-08-03,North,Toys,56.73,3
2024-04-10,south,Toys,14.82,4
2023-01-18,Central,Electronics,229.94,4
2023-12-04,south,Electronics,811.07,2
2023-11-12,East,Groceries,37.39,5
2023-05-23,South,Toys,48.26,5
2024-05-01,South,Groceries,35.77,2
2023-02-04,East,Clothing,56.64,3
2023-03-30,South,Electronics,803.66,3
2023-03-19,West,Home & Garden,277.81,1
2023-01-15,South,Home & Garden,25.0,5
2024-11-13,South,Home & Garden,264.9,1
2024-08-09,south,Toys,19.33,4
2024-02-25,East,Toys,22.11,3
2024-09-16,North,Electronics,201.35,4
2024-04-02,Central,Clothing,119.15,2
2024-09-19,South,Clothing,94.58,5
2024-03-27,West,Clothing,40.62,2
2024-06-16,South,Home & Garden,157.36,4
2024-07-05,North,Toys,54.24,4
2024-01-07,West,Electronics,482.37,4
2023-08-17,Central,Toys,74.41,3
2024-09-18,East,Toys,77.43,2
2023-08-11,Central,Groceries,44.56,1
2024-01-30,South,Groceries,39.68,2
2023-08-17,West,Groceries,23.68,1
2023-06-18,West,Toys,44.3,2
2024-08-05,West,Home & Garden,90.91,3
2024-11-07,South,Home & Garden,230.28,2
2023-07-02,East,Groceries,37.13,2
2024-02-10,East,Clothing,17.83,3
2024-01-26,North,Toys,79.72,5
2024-01-26,West,Home & Garden,42.26,3
2023-12-23,North,Home & Garden,98.05,2
2023-08-31,east,Toys,64.36,2
2024-05-18,South,Groceries,18.47,4
2023-05-30,Central,Groceries,19.87,3
2023-01-16,West,Toys,43.55,3
2024-02-27,South,Groceries,7.58,2
2024-06-06,East,Home & Garden,253.65,2
2024-07-02,West,Clothing,78.09,5
2024-05-29,North,Toys,26.17,4
2023-05-26,South,Electronics,691.22,2
2024-02-11,East,Electronics,599.97,1
2024-07-16,West,Groceries,52.34,4
2024-08-17,West,Clothing,65.23,2
2024-10-22,West,Clothing,96.24,4
2023-10-09,Central,Groceries,58.4,5
2024-04-27,West,Clothing,50.39,4
2023-11-22,North,Groceries,52.02,5
2023-08-31,West,Groceries,50.09,2
2024-05-14,South,Groceries,52.33,5
2024-04-03,South,Toys,34.61,3
2023-02-17,East,Groceries,20.83,2
2023-02-25,North,Home & Garden,297.8,4
2023-03-20,Central,Electronics,455.31,2
2023-01-26,West,Groceries,33.2,5
2023-07-04,North,Electronics,416.0,2
2024-05-11,Central,Toys,40.18,3
2024-12-20,South,Electronics,744.84,1
2024-03-29,South,Electronics,850.06,2
2023-04-17,North,Toys,70.14,3
2023-11-12,Central,Toys,,5
2023-01-07,East,Toys,79.04,2
2024-04-14,South,Clothing,19.32,4
2023-10-31,North,Electronics,524.38,4
2023-06-06,Central,Toys,43.3,3
2024-01-10,East,Groceries,42.48,5
2024-09-20,Central,Home & Garden,100.01,3
2023-10-24,East,Clothing,32.97,4
2024-07-15,North,Home & Garden,297.63,3
2023-01-21,East,Electronics,256.69,1
2024-05-31,Central,Home & Garden,69.92,4
2024-06-01,North,Electronics,787.58,2
2023-06-01,East,Groceries,44.43,3
2023-06-07,Central,Electronics,760.66,2
2023-03-05,East,Groceries,18.62,4
2023-03-29,East,Toys,70.26,1
2024-04-20,West,Toys,17.77,3
2023-11-27,West,Clothing,66.24,2
2024-09-21,South,Electronics,618.7,4
2024-04-20,Central,Electronics,511.7,1
2024-07-25,South,Groceries,41.79,4
2023-05-16,East,Electronics,680.01,3
2024-05-31,South,Groceries,44.31,2
2023-03-07,East,Electronics,535.67,3
2024-01-21,West,Clothing,50.28,3
2024-05-04,North,Groceries,47.21,2
2023-08-20,East,Groceries,26.8,1
2023-11-12,Central,Electronics,656.48,5
2023-11-10,Central,Groceries,32.69,4
2024-02-09,Central,Groceries,26.0,5
2023-05-10,Central,Electronics,291.5,4
2023-04-13,Central,Home & Garden,64.89,2
2024-10-13,North,Clothing,37.29,1
2023-04-10,Central,Clothing,92.0,5
2023-07-01,Central,Toys,61.61,2
2024-12-18,West,Home & Garden,28.08,5
2024-08-14,West,Toys,43.71,1
2023-02-27,West,Electronics,483.64,5
2023-07-31,Central,Electronics,489.56,3
2024-06-21,South,Toys,64.43,2
2024-08-09,West,Clothing,70.24,4
2024-10-07,South,Home & Garden,80.08,2
2024-07-29,East,Home & Garden,107.33,4
2024-06-17,South,Home & Garden,122.53,4
2023-02-27,West,Groceries,28.31,2
2024-12-17,South,Clothing,84.9,5
2023-06-23,South,Clothing,45.4,4
2024-08-31,East,Home & Garden,79.65,3
2024-08-27,Central,Clothing,49.04,3
2023-06-26,South,Toys,16.43,4
2024-03-09,East,Toys,21.6,5
2023-12-06,East,Clothing,92.23,3
2024-04-19,West,Clothing,64.58,3
2023-08-26,West,Electronics,373.06,2
2024-05-19,South,Electronics,798.65,4
2024-12-28,Central,Clothing,18.94,1
2024-10-26,Central,Home & Garden,234.32,1
2024-05-21,Central,Clothing,24.52,5
2023-09-21,Central,Toys,75.02,2
2023-04-11,South,Clothing,,3
2024-04-19,East,Clothing,47.94,5
2023-07-18,East,Home & Garden,231.01,2
2024-12-08,Central,Electronics,552.61,1
2024-12-31,West,Clothing,88.04,3
2024-12-23,Central,Electronics,266.18,1
2023-07-30,East,Toys,33.63,2
2023-02-05,South,Clothing,67.66,3
2023-02-07,Central,Electronics,705.47,5
2023-09-15,East,Clothing,39.27,5
2024-10-07,East,Home & Garden,74.0,3
2023-04-03,East,Groceries,22.41,1
2024-03-10,East,Groceries,,1
2024-05-03,west,Electronics,428.05,1
2023-03-21,East,Electronics,790.1,2
2024-09-19,South,Groceries,23.04,2
2024-07-03,West,Groceries,32.23,5
2024-10-11,West,Toys,11.72,2
2024-08-02,East,Electronics,558.86,5
2024-01-21,Central,Clothing,27.05,5
2023-04-10,Central,Toys,41.66,5
2023-02-07,central,Toys,32.87,2
2024-11-30,Central,Groceries,54.62,1
2023-08-29,Central,Electronics,195.83,1
2024-04-23,North,Electronics,634.9,4
2023-06-25,South,Toys,19.65,1
2023-06-10,Central,Clothing,,2
2024-03-20,North,Home & Garden,290.39,2
2024-07-09,East,Home & Garden,63.58,4
2024-07-13,East,Toys,23.05,4
2024-12-04,East,Electronics,998.14,2
2024-12-20,North,Groceries,40.98,3
2024-01-24,East,Home & Garden,48.25,5
2023-06-27,Central,Electronics,350.41,2
2023-10-27,West,Toys,62.37,3
2024-03-01,West,Groceries,47.81,2
2023-02-05,South,Electronics,187.87,1
2024-10-20,South,Clothing,45.2,1
2023-06-08,North,Toys,50.84,2
2024-05-17,South,Toys,66.53,1
2024-05-08,East,Toys,55.02,5
2024-11-18,North,Home & Garden,176.75,4
2023-01-30,West,Clothing,36.34,3
2023-05-03,East,Home & Garden,67.84,1
2024-06-13,West,Home & Garden,157.85,3
2023-12-24,North,Groceries,17.3,2
2024-02-05,Central,Electronics,391.86,5
2024-10-19,East,Electronics,282.23,2
2023-07-30,West,Clothing,47.26,3
2023-01-24,South,Toys,22.91,5
2023-11-30,East,Toys,59.75,4
2023-05-06,South,Electronics,169.22,3
2023-07-02,Central,Toys,76.38,4
2024-09-10,West,Clothing,15.15,4
2024-12-05,East,Clothing,67.26,3
2024-03-20,South,Home & Garden,26.82,5
2023-11-25,North,Groceries,50.82,3
2024-02-26,Central,Toys,57.32,2
2024-02-27,South,Clothing,33.69,3
2023-03-06,West,Home & Garden,214.15,2
2023-02-10,West,Clothing,15.56,3
2024-04-02,West,Clothing,71.86,5
2023-05-16,North,Toys,69.24,4
2024-07-19,South,Groceries,34.3,3
2024-04-15,West,Clothing,80.86,5
2024-07-16,West,Home & Garden,41.29,2
2024-08-12,West,Home & Garden,88.73,3
2023-03-30,South,Electronics,275.12,1
2024-12-01,East,Home & Garden,187.34,2
2023-10-06,east,Toys,40.69,1
2023-08-01,South,Home & Garden,194.73,3
2024-10-15,Central,Groceries,28.45,4
2023-06-11,South,Home & Garden,63.77,2
2023-12-26,South,Toys,67.71,2
2023-12-10,North,Toys,78.68,1
2024-05-28,North,Clothing,95.44,4
2023-11-16,South,Groceries,24.03,5
2023-09-02,Central,Electronics,669.91,3
2023-11-14,North,Toys,49.62,1
2023-12-04,West,Electronics,953.94,1
2024-07-02,East,Electronics,162.97,3
2024-12-02,Central,Home & Garden,131.24,2
2024-01-16,West,Toys,23.87,4
2024-11-04,South,Groceries,11.72,1
2024-07-24,East,Toys,76.52,1
2023-07-24,north,Groceries,20.36,3
2023-11-05,East,Electronics,516.68,2
2024-09-22,West,Toys,41.81,4
2024-10-18,West,Home & Garden,195.49,1
2024-08-26,East,Groceries,41.25,4
2023-07-06,East,Groceries,45.4,4
2023-10-22,West,Clothing,73.74,5
2023-12-24,Central,Home & Garden,217.54,4
2024-07-27,Central,Toys,51.63,5
2024-03-03,North,Groceries,,3
2023-06-06,East,Clothing,38.11,5
2024-03-02,West,Clothing,102.09,5
2023-01-25,North,Home & Garden,227.12,1
2023-03-28,North,Electronics,632.08,2
2024-07-03,East,Electronics,373.46,5
2023-01-30,Central,Home & Garden,30.63,3
2024-09-03,Central,Electronics,157.9,2
2024-01-12,north,Toys,27.21,2
2024-02-15,North,Home & Garden,271.92,2
2024-01-13,Central,Clothing,110.5,2
2023-10-25,West,Clothing,104.85,2
2024-03-15,South,Home & Garden,299.0,3
2024-02-05,West,Groceries,18.71,4
2023-09-14,West,Groceries,20.12,1
2023-09-13,east,Electronics,817.75,2
2024-01-22,South,Home & Garden,53.97,3
2023-03-31,East,Groceries,48.26,1
2024-03-21,Central,Toys,72.73,5
2023-07-25,Central,Electronics,759.94,4
2024-05-27,South,Electronics,788.87,4
2023-10-25,North,Toys,78.53,5
2023-09-27,West,Electronics,879.14,5
2024-07-11,Central,Home & Garden,41.84,1
2023-05-03,West,Home & Garden,82.69,4
2023-12-14,West,Electronics,300.62,5
2024-06-25,North,Electronics,691.12,1
2023-11-28,North,Toys,12.38,1
2023-11-12,South,Clothing,100.82,4
2023-06-12,East,Toys,22.28,1
2024-10-05,South,Toys,34.67,5
2023-06-29,East,Clothing,63.46,5
2023-04-25,Central,Home & Garden,,1
2024-12-24,Central,Toys,45.07,4
2023-06-06,West,Toys,62.63,2
2024-10-03,West,Toys,76.22,3
2023-12-25,Central,Home & Garden,146.77,5
2024-07-09,South,Groceries,43.03,3
2023-10-14,West,Clothing,115.96,2
2024-08-29,south,Toys,17.1,1
2024-08-26,West,Home & Garden,100.65,4
2023-08-08,East,Toys,47.93,4
2023-01-23,West,Toys,71.7,4
2024-05-22,North,Electronics,251.94,3
2024-02-27,central,Groceries,26.49,2
2023-05-10,North,Toys,11.74,5
2023-09-30,East,Electronics,505.96,4
2023-01-03,North,Clothing,88.54,3
2023-01-18,South,Electronics,434.84,2
2024-06-02,central,Toys,53.25,5
2024-06-20,East,Electronics,332.28,2
2024-10-10,North,Home & Garden,28.83,5
2023-01-02,Central,Home & Garden,,4
2023-03-23,North,Groceries,11.35,2
2024-11-04,south,Toys,78.42,5
2024-10-22,North,Home & Garden,146.49,4
2023-04-01,South,Home & Garden,280.63,5
2023-01-11,South,Home & Garden,197.27,5
2024-04-26,West,Toys,21.21,2
2023-04-03,West,Clothing,25.99,3
2023-01-01,Central,Groceries,34.68,2
2023-09-25,West,Home & Garden,237.31,4
2024-01-07,South,Home & Garden,209.83,2
2024-08-26,central,Groceries,52.52,1
2023-07-15,Central,Electronics,162.95,1
2024-06-25,West,Toys,45.01,3
2024-07-28,North,Toys,74.95,1
2023-12-02,South,Groceries,11.88,5
2023-07-09,North,Electronics,583.57,3
2023-03-03,West,Clothing,88.2,2
2023-05-19,East,Clothing,39.12,4
2024-05-05,North,Home & Garden,244.36,2
2024-07-20,East,Clothing,75.49,4
2024-12-14,West,Toys,104.69,2
2023-10-24,Central,Clothing,113.31,4
2023-09-11,South,Home & Garden,259.37,5
2023-05-06,East,Clothing,31.37,5
2024-06-18,Central,Home & Garden,42.14,5
2023-05-22,Central,Toys,37.76,5
2023-03-30,Central,Clothing,90.96,2
2023-11-25,Central,Electronics,168.68,3
2024-07-20,East,Home & Garden,233.83,5
2023-08-13,East,Groceries,52.82,4
2024-08-27,west,Clothing,99.62,1
2024-08-16,South,Groceries,37.29,2
2024-12-26,North,Electronics,688.21,2
2023-03-05,West,Groceries,33.94,4
2023-01-04,South,Groceries,49.56,1
2023-11-22,North,Home & Garden,106.49,1
2023-12-22,West,Home & Garden,197.22,2
2024-06-06,West,Home & Garden,217.98,4
2023-07-20,North,Electronics,829.7,4
2024-11-05,Central,Clothing,28.29,3
2024-09-09,West,Home & Garden,43.66,3
2024-08-16,West,Home & Garden,200.57,3
2024-08-10,West,Electronics,787.23,1
2024-03-24,East,Clothing,111.42,4
2023-06-08,North,Toys,52.06,1
2024-07-23,South,Electronics,486.82,5
2024-11-17,West,Electronics,227.09,5
2024-06-24,North,Groceries,41.39,1
2023-05-21,South,Home & Garden,46.62,1
2023-02-13,East,Home & Garden,262.19,4
2023-10-18,West,Groceries,28.25,1
2023-06-06,East,Toys,70.56,3
2023-07-18,North,Electronics,613.43,5
2023-12-23,South,Electronics,702.96,1
2024-08-10,East,Groceries,,3
2024-12-16,South,Clothing,91.27,1
2024-12-12,East,Toys,99.85,1
2024-11-30,North,Toys,15.19,1
2023-08-06,West,Clothing,32.34,3
2024-01-20,South,Home & Garden,32.18,4
2023-05-21,North,Clothing,57.44,5
2023-06-15,East,Groceries,11.71,4
2024-05-19,South,Clothing,83.91,3
2024-02-14,east,Toys,41.08,5
2024-08-25,East,Home & Garden,100.09,4
2023-10-09,North,Toys,,5
2023-11-20,East,Toys,18.4,5
2023-09-28,Central,Home & Garden,230.44,3
2023-10-20,West,Clothing,47.47,4
2024-11-14,Central,Clothing,96.61,5
2024-05-04,Central,Toys,53.3,3
2023-03-10,East,Electronics,163.9,1
2023-12-28,West,Electronics,765.5,1
2024-02-08,South,Home & Garden,176.65,2
2023-06-03,South,Groceries,25.13,1
2023-11-12,West,Groceries,10.66,5
2023-06-23,West,Home & Garden,229.8,2
2023-03-31,South,Toys,72.33,3
2024-12-25,North,Electronics,1047.56,5
2023-06-09,North,Electronics,303.47,2
2024-02-19,west,Home & Garden,166.44,4
2024-05-05,West,Groceries,12.3,2
2024-08-25,West,Electronics,850.36,5
2023-11-12,North,Home & Garden,118.12,2
2023-09-14,North,Home & Garden,84.0,3
2023-03-11,South,Clothing,112.92,3
2024-08-27,West,Clothing,25.88,3
2023-05-12,West,Home & Garden,106.0,2
2024-11-19,West,Electronics,867.26,4
2023-09-04,North,Electronics,655.69,5
2023-12-18,South,Groceries,35.11,2
2024-08-12,east,Toys,30.41,4
2024-04-23,South,Electronics,232.72,1
2023-11-10,South,Toys,12.51,1
2024-11-20,South,Home & Garden,268.44,1
2024-10-01,Central,Groceries,38.21,1
2024-12-10,Central,Toys,48.86,1
2024-12-25,Central,Groceries,13.87,2
2024-10-18,South,Toys,29.51,5
2024-11-24,north,Home & Garden,175.63,4
2024-12-30,South,Electronics,316.83,3
2024-01-26,East,Toys,36.37,5
2024-02-12,North,Electronics,313.93,3
2024-11-07,East,Toys,44.87,4
2023-06-16,North,Clothing,30.87,2
2024-04-19,South,Toys,68.99,5
2023-06-14,North,Clothing,38.63,1
2024-02-18,Central,Toys,50.42,1
2023-03-02,East,Home & Garden,289.83,5
2024-11-21,West,Home & Garden,163.66,2
2023-02-18,west,Home & Garden,180.34,4
2023-03-01,North,Clothing,92.77,3
2024-12-07,East,Home & Garden,43.46,1
2023-05-21,North,Clothing,116.86,1
2023-10-24,North,Toys,22.59,4
2023-10-03,Central,Clothing,108.56,4
2023-10-31,West,Electronics,873.26,5
2024-06-28,West,Groceries,59.33,1
2023-08-16,North,Groceries,44.09,2
2024-03-23,West,Clothing,55.76,2
2023-07-02,North,Clothing,108.48,3
2024-03-23,West,Clothing,101.43,3
2024-07-02,North,Home & Garden,292.42,3
2023-05-25,West,Home & Garden,249.79,3
2023-07-25,South,Toys,75.18,1
2023-12-24,Central,Clothing,73.0,3
2024-01-24,North,Electronics,333.17,3
2023-02-22,Central,Groceries,8.71,1
2023-09-22,Central,Toys,39.55,4
2023-08-04,South,Electronics,535.26,1
2023-12-06,south,Groceries,31.13,5
2024-05-22,Central,Toys,59.67,1
2023-08-02,South,Electronics,272.73,2
2023-03-09,West,Home & Garden,44.3,4
2024-03-20,North,Home & Garden,159.03,4
2023-12-25,East,Clothing,57.7,2
2023-07-26,North,Home & Garden,265.37,2
2023-09-06,East,Toys,69.81,5
2024-10-21,west,Clothing,103.47,2
2024-11-26,North,Groceries,47.68,2
2023-02-16,Central,Clothing,44.29,3
2023-10-16,Central,Home & Garden,98.46,4
2024-07-09,North,Groceries,24.18,2
2024-12-03,West,Clothing,37.16,1
2023-02-22,Central,Home & Garden,187.8,1
2024-06-26,South,Electronics,583.7,3
2023-07-05,North,Clothing,48.03,4
2024-01-21,West,Groceries,25.19,5
2023-07-03,North,Clothing,109.85,4
2024-09-29,North,Groceries,,3
2024-11-28,Central,Clothing,88.99,1
2024-11-12,West,Toys,74.42,4
2024-10-17,North,Toys,44.42,2
2023-05-04,South,Electronics,576.86,5
2024-03-22,Central,Groceries,26.99,5
2023-09-15,Central,Toys,12.68,4
2024-09-25,East,Groceries,54.71,1
2023-07-06,East,Electronics,615.85,4
2023-01-11,Central,Groceries,19.98,3
2024-06-01,West,Home & Garden,110.54,3
2023-08-06,Central,Electronics,793.98,2
2023-12-07,South,Electronics,268.78,1
2024-05-17,East,Clothing,64.88,3
2023-12-16,South,Groceries,55.3,4
2024-05-03,North,Home & Garden,150.72,4
2023-11-30,East,Toys,15.0,1
2023-08-31,North,Home & Garden,267.16,1
2024-04-11,North,Clothing,68.1,4
2023-07-28,Central,Groceries,25.04,1
2024-09-29,East,Clothing,66.46,2
2023-08-31,East,Electronics,274.18,1
2024-09-26,East,Clothing,66.6,1
2023-04-26,Central,Home & Garden,43.6,2
2023-05-18,East,Toys,40.04,3
2024-03-14,North,Groceries,29.73,3
2023-05-16,North,Electronics,886.53,3
2024-01-05,Central,Toys,19.06,4
2024-07-15,East,Toys,77.11,4
2024-11-07,South,Groceries,11.92,1
2023-05-17,Central,Home & Garden,132.56,3
2024-01-14,West,Electronics,688.13,2
2024-10-20,Central,Home & Garden,35.36,3
2023-03-11,South,Groceries,34.32,3
2023-08-18,North,Groceries,21.54,1
2023-11-16,East,Groceries,12.28,4
2024-12-25,East,Electronics,410.4,5
2023-09-08,West,Clothing,49.89,3
2023-05-05,North,Home & Garden,82.37,4
2023-01-02,north,Toys,71.0,4
2023-08-26,west,Home & Garden,256.63,4
2023-01-05,North,Clothing,25.83,1
2024-05-30,Central,Home & Garden,216.11,3
2024-11-03,East,Electronics,231.68,2
2023-09-12,North,Clothing,61.21,2
2024-06-03,East,Toys,62.85,1
2023-09-11,North,Groceries,43.82,5
2024-02-24,West,Clothing,71.04,2
2024-04-01,South,Home & Garden,82.42,2
2023-12-15,Central,Clothing,17.17,3
2023-02-24,West,Electronics,278.7,2
2023-06-01,South,Clothing,48.29,2
2024-01-05,east,Toys,48.17,1
2023-08-07,East,Home & Garden,,2
2023-12-08,East,Toys,29.8,3
2024-11-04,East,Electronics,320.43,2
2024-01-06,East,Groceries,44.48,5
2023-12-20,West,Groceries,13.5,1
2023-02-27,West,Electronics,385.53,3
2023-04-10,Central,Groceries,31.82,1
2023-08-27,South,Toys,79.86,4
2024-04-07,Central,Clothing,46.66,5
2023-11-18,East,Toys,67.6,3
2023-10-20,West,Home & Garden,75.1,5
2024-06-30,West,Electronics,223.63,2
2024-02-24,North,Home & Garden,131.3,4
2024-05-11,Central,Clothing,16.46,2
2024-11-11,West,Toys,68.52,3
2024-01-29,South,Electronics,351.35,1
2023-12-31,Central,Home & Garden,176.9,3
2024-05-09,North,Home & Garden,285.47,2
2023-08-12,West,Toys,55.6,5
2023-11-28,West,Groceries,53.93,4
2023-08-19,West,Toys,59.69,2
2023-12-13,West,Electronics,576.41,5
2023-12-13,North,Clothing,53.49,5
2024-11-02,West,Groceries,24.74,3
2023-05-13,central,Groceries,23.57,4
2023-02-27,South,Clothing,40.22,2
2024-06-24,West,Home & Garden,35.92,3
2023-11-08,West,Home & Garden,229.82,4
2023-09-22,South,Groceries,15.45,3
2024-11-11,North,Toys,77.42,2
2024-10-02,West,Home & Garden,297.78,2
2024-01-12,North,Electronics,420.81,2
2024-05-29,West,Toys,43.72,5
2024-09-21,North,Toys,72.35,4
2023-01-31,South,Groceries,50.18,4
2024-06-04,West,Clothing,72.62,2
2024-09-29,North,Groceries,35.73,5
2024-01-01,Central,Toys,52.84,5
2023-05-08,East,Home & Garden,261.81,3
2023-04-24,South,Home & Garden,249.89,1
2024-10-13,East,Groceries,23.53,3
2024-11-04,Central,Clothing,107.98,4
2024-12-12,West,Home & Garden,38.16,3
2023-08-25,West,Clothing,43.96,4
2023-01-28,North,Toys,29.92,1
2024-10-20,West,Clothing,67.02,2
2024-03-07,East,Home & Garden,34.51,1
2024-01-18,Central,Electronics,277.95,4
2024-10-03,Central,Home & Garden,290.48,2
2023-02-15,West,Groceries,9.22,3
2023-01-22,North,Electronics,547.73,2
2024-04-27,Central,Electronics,250.0,3
2024-12-14,East,Groceries,36.07,5
2023-08-01,Central,Home & Garden,74.61,4
2023-06-28,South,Clothing,54.94,5
2024-02-12,Central,Home & Garden,163.39,4
2023-12-11,East,Clothing,81.41,2
2023-05-25,Central,Toys,57.09,3
2024-07-20,Central,Groceries,,2
2024-11-19,South,Clothing,81.67,4
2023-10-24,West,Home & Garden,190.13,5
2024-09-17,West,Home & Garden,32.47,3
2023-09-07,Central,Home & Garden,288.22,4
2024-12-03,Central,Clothing,115.94,3
2024-11-16,West,Home & Garden,20.37,3
2024-12-11,West,Electronics,1238.06,2
2023-02-04,North,Toys,24.94,4
2024-08-14,West,Electronics,679.54,4
2023-04-24,North,Groceries,32.5,2
2023-06-18,North,Clothing,43.23,3
2024-04-23,North,Electronics,732.21,2
2024-03-17,Central,Electronics,366.98,2
2023-12-15,North,Home & Garden,,4
2023-05-08,South,Groceries,,4
2023-08-26,Central,Toys,30.83,5
2023-03-05,West,Groceries,12.23,3
2023-09-08,West,Electronics,267.95,4
2023-03-07,East,Clothing,38.42,2
2023-10-13,south,Clothing,24.7,1
2024-05-26,West,Electronics,387.47,3
2024-05-08,South,Groceries,25.4,1
2024-06-24,South,Toys,64.73,4
2023-03-02,East,Groceries,46.68,1
2024-12-28,North,Home & Garden,159.81,5
2023-05-13,Central,Groceries,56.72,1
2023-10-23,South,Electronics,759.93,4
2023-08-12,east,Toys,25.33,4
2023-10-12,South,Groceries,57.23,5
2023-10-29,South,Toys,,4
2024-10-18,East,Clothing,115.49,2
2023-03-04,West,Toys,20.0,2
2024-08-02,North,Toys,10.5,1
2024-05-23,South,Clothing,86.44,4
2023-02-15,Central,Groceries,51.43,2
2024-09-06,Central,Groceries,19.24,4
2024-12-17,North,Clothing,19.6,2
2023-11-04,West,Toys,63.62,1
2023-12-01,West,Groceries,49.19,5
2023-09-16,Central,Home & Garden,249.4,2
2024-01-02,Central,Electronics,441.54,2
2023-05-27,West,Clothing,37.39,2
2024-04-25,Central,Electronics,888.63,5
2024-12-30,North,Groceries,58.25,1
2024-04-24,North,Electronics,213.13,4
2023-12-13,South,Groceries,26.63,1
2023-03-29,Central,Electronics,342.02,5
2023-11-17,West,Clothing,117.36,2
2023-10-27,North,Clothing,15.12,1
2024-10-19,South,Groceries,35.54,3
2023-02-24,North,Clothing,78.45,3
2024-08-29,Central,Groceries,23.15,4
2024-08-19,East,Home & Garden,247.16,5
2024-04-01,North,Groceries,37.05,2
2024-08-22,North,Toys,49.54,5
2023-05-28,west,Home & Garden,139.09,4
2024-08-17,North,Home & Garden,86.53,5
2023-04-28,Central,Home & Garden,215.87,5
2023-09-15,North,Toys,75.83,5
2024-07-22,North,Home & Garden,111.41,1
2024-07-11,south,Clothing,110.49,1
2023-03-17,South,Groceries,53.81,4
2023-01-29,North,Toys,77.95,4
2023-03-16,East,Home & Garden,,1
2023-04-28,Central,Electronics,869.53,3
2023-01-21,South,Home & Garden,57.85,4
2023-05-30,South,Toys,74.93,3
2024-05-14,Central,Groceries,56.32,3
2024-04-15,North,Clothing,53.8,2
2023-01-13,North,Clothing,73.87,5
2024-11-06,Central,Electronics,724.68,1
2023-06-03,Central,Toys,42.16,5
2024-01-08,North,Electronics,610.46,5
2024-04-01,South,Electronics,186.64,3
2024-10-03,North,Home & Garden,62.86,5
2024-06-27,Central,Home & Garden,299.59,5
2024-10-21,Central,Home & Garden,279.32,1
2024-03-11,North,Groceries,32.52,1
2024-03-26,central,Clothing,66.43,4
2023-03-10,North,Home & Garden,38.84,1
2023-08-09,North,Toys,40.69,1
2024-03-07,South,Clothing,118.39,2
2024-04-07,West,Electronics,534.19,1
2023-11-23,Central,Toys,28.29,4
2023-06-27,West,Groceries,25.59,4
2023-01-02,East,Home & Garden,280.32,5
2023-12-11,Central,Home & Garden,165.69,2
2023-03-17,East,Groceries,19.43,1
2023-03-26,East,Groceries,53.12,1
2023-08-22,West,Clothing,51.22,3
2024-06-25,South,Groceries,41.25,5
2024-12-27,East,Groceries,10.38,5
2024-05-23,West,Toys,43.78,5
2024-06-11,South,Electronics,605.45,5
2024-12-28,South,Electronics,1114.2,1
2023-11-25,South,Home & Garden,200.97,4
2024-01-08,North,Toys,33.31,2
2024-10-29,East,Clothing,92.63,3
2024-04-25,West,Clothing,83.12,4
2023-03-21,South,Electronics,558.02,2
2024-01-17,West,Electronics,613.22,1
2023-12-22,West,Toys,29.01,5
2024-12-31,North,Toys,94.21,2
2024-11-19,west,Toys,,3
2023-06-13,East,Groceries,5.48,1
2023-03-28,central,Clothing,43.12,1
2024-08-16,North,Toys,70.28,2
2023-09-11,West,Electronics,282.11,2
2024-02-09,Central,Toys,22.65,1
2023-09-11,Central,Home & Garden,227.81,4
2024-05-14,Central,Home & Garden,58.45,4
2024-04-10,West,Toys,53.62,1
2023-08-22,East,Toys,40.32,2
2023-01-01,South,Electronics,161.97,2
2023-03-28,North,Clothing,53.07,5
2023-07-23,West,Clothing,17.63,4
2024-02-21,Central,Electronics,765.84,3
2024-08-28,Central,Home & Garden,179.92,4
2023-07-22,West,Electronics,208.87,4
2024-01-27,West,Home & Garden,196.48,1
2024-03-19,Central,Home & Garden,165.09,3
2024-06-04,West,Groceries,19.56,1
2024-04-29,South,Toys,65.27,4
2023-03-02,West,Clothing,88.06,5
2023-11-14,West,Electronics,734.81,2
2024-03-28,Central,Home & Garden,164.15,3
2024-07-21,East,Toys,73.84,3
2024-02-06,West,Clothing,29.61,2
2024-02-12,South,Electronics,564.18,3
2023-09-30,West,Electronics,369.44,3
2024-11-17,North,Clothing,56.29,1
2023-09-25,South,Clothing,88.27,2
2024-06-15,East,Home & Garden,142.86,5
2024-02-03,East,Groceries,8.75,4
2024-07-16,east,Electronics,862.53,1
2024-06-20,south,Electronics,462.74,3
2024-08-28,South,Home & Garden,297.61,3
2024-05-09,East,Clothing,116.1,2
2024-04-23,Central,Home & Garden,235.93,2
2024-08-26,West,Electronics,542.52,5
2023-02-03,North,Clothing,115.26,1
2023-12-07,East,Clothing,18.46,4
2024-04-16,North,Toys,60.58,2
2023-04-25,South,Toys,,4
2024-09-11,Central,Clothing,16.25,3
2024-06-04,East,Clothing,54.86,2
2024-11-15,South,Home & Garden,192.74,4
2023-11-21,Central,Electronics,312.1,5
2023-01-20,Central,Electronics,277.86,2
2024-09-16,East,Home & Garden,249.24,5
2024-01-18,South,Groceries,41.42,4
2023-07-05,South,Groceries,38.24,5
2024-05-31,North,Home & Garden,151.91,5
2024-12-20,West,Home & Garden,65.84,4
2023-01-15,Central,Home & Garden,26.88,3
2024-01-14,East,Toys,36.22,1
2024-06-15,Central,Clothing,61.52,2
2023-03-08,East,Home & Garden,182.61,5
2023-03-28,North,Clothing,113.93,5
2024-03-27,North,Toys,27.51,3
2024-10-06,central,Home & Garden,141.1,4
2023-03-21,North,Groceries,48.26,5
2024-02-05,East,Home & Garden,147.54,5
2024-09-06,North,Home & Garden,199.99,4
2023-05-09,East,Home & Garden,96.31,4
2023-03-09,East,Toys,63.35,2
2023-01-28,North,Toys,70.32,4
2024-11-19,Central,Toys,27.22,4
2024-10-26,South,Toys,37.94,2
2024-09-15,East,Clothing,71.77,5
2023-11-09,East,Electronics,233.84,2
2024-01-23,Central,Groceries,16.91,1
2024-12-19,North,Groceries,35.51,1
2024-02-03,North,Toys,62.48,5
2024-06-18,South,Groceries,59.45,2
2023-10-02,West,Electronics,622.66,2
2024-05-08,South,Toys,63.3,5
2024-06-30,West,Home & Garden,94.98,5
2024-03-07,Central,Clothing,30.37,2
2024-10-02,South,Electronics,641.39,5
2023-06-10,West,Toys,38.63,2
2024-02-17,North,Groceries,21.87,5
2023-03-04,Central,Toys,34.3,1
2024-10-19,North,Toys,20.44,3
2024-02-04,West,Electronics,445.48,1
2024-04-30,South,Toys,53.82,4
2024-08-29,East,Home & Garden,273.86,1
2023-11-05,East,Toys,68.11,1
2023-05-19,South,Electronics,619.19,2
2024-11-08,Central,Groceries,28.48,2
2023-12-29,South,Electronics,572.43,4
2023-07-15,Central,Clothing,116.04,1
2024-10-29,West,Electronics,307.92,2
2024-09-14,North,Home & Garden,160.76,1
2024-01-20,East,Home & Garden,211.34,4
2024-07-18,Central,Toys,31.76,5
2023-12-15,South,Toys,15.18,4
2023-04-07,West,Toys,72.87,4
2024-02-28,South,Groceries,15.59,1
2023-01-09,East,Groceries,12.66,5
2023-05-27,East,Toys,67.44,3
2023-11-28,West,Home & Garden,121.5,5
2023-10-29,East,Electronics,628.38,3
2024-09-02,South,Electronics,862.19,5
2024-06-25,North,Groceries,36.66,5
2023-03-27,East,Electronics,481.8,4
2023-11-09,South,Groceries,44.34,5
2023-10-10,East,Clothing,106.33,3
2023-09-01,East,Home & Garden,212.84,5
2024-06-18,East,Groceries,51.91,1
2023-04-12,East,Home & Garden,61.55,3
2023-08-20,North,Electronics,206.09,4
2024-04-24,Central,Home & Garden,128.48,4
2023-01-06,North,Electronics,458.41,5
2024-12-06,South,Groceries,44.15,1
2024-04-30,South,Toys,49.21,2
2024-04-06,Central,Home & Garden,35.08,3
2024-04-28,South,Clothing,32.02,3
2023-09-19,East,Groceries,52.56,3
2024-03-08,Central,Clothing,51.06,3
2023-09-09,West,Clothing,56.78,2
2024-01-01,East,Toys,72.87,1
2024-12-30,West,Electronics,268.2,3
2024-01-02,Central,Toys,25.61,1
2024-08-29,North,Toys,56.61,2
2023-01-21,East,Home & Garden,249.25,5
2023-06-25,west,Toys,54.23,1
2023-06-26,South,Groceries,48.51,1
2023-09-09,Central,Toys,59.9,5
2023-11-06,West,Home & Garden,57.31,1
2023-08-16,West,Electronics,440.34,3
2023-12-24,South,Home & Garden,125.74,1
2023-08-02,South,Toys,35.76,2
2024-06-18,South,Electronics,413.3,3
2024-12-30,North,Clothing,60.53,3
2023-10-07,North,Clothing,25.11,3
2024-03-16,North,Home & Garden,117.08,1
2023-05-31,Central,Clothing,91.21,1
2023-09-05,West,Electronics,448.84,5
2024-03-27,West,Home & Garden,195.97,4
2023-12-08,West,Groceries,35.08,4
2024-04-05,North,Groceries,18.86,5
2023-02-24,West,Electronics,316.14,2
2023-02-28,East,Clothing,65.64,4
2024-01-17,West,Toys,76.06,5
2023-11-29,East,Home & Garden,261.84,3
2023-05-19,east,Groceries,55.77,3
2023-03-27,South,Groceries,53.13,5
2024-11-16,West,Groceries,45.01,4
2023-03-29,West,Toys,14.31,3
2023-10-08,West,Groceries,15.44,5
2024-10-08,East,Home & Garden,77.88,5
2024-05-28,South,Groceries,49.03,1
2023-12-10,East,Electronics,1144.88,4
2023-12-27,West,Home & Garden,68.31,5
2024-01-27,South,Groceries,17.22,4
2024-04-19,South,Home & Garden,259.01,1
2024-03-30,South,Electronics,257.22,1
2024-12-19,South,Groceries,47.68,2
2023-06-03,West,Toys,60.68,1
2024-09-16,South,Groceries,28.23,2
2023-01-11,South,Clothing,68.81,1
2023-06-11,Central,Toys,29.71,1
2023-02-19,Central,Toys,18.06,1
2023-02-26,North,Home & Garden,25.81,2
2024-07-04,North,Groceries,53.79,3
2023-10-20,West,Groceries,38.19,1
2024-01-18,Central,Electronics,541.97,3
2024-11-17,Central,Toys,67.81,1
2023-09-18,North,Electronics,551.72,1
2023-09-08,Central,Electronics,859.99,2
2024-04-30,East,Clothing,111.76,2
2024-11-14,East,Clothing,76.19,4
2024-09-20,North,Electronics,515.16,3
2023-12-02,North,Clothing,107.44,1
2024-10-06,East,Home & Garden,297.98,1
2024-08-28,North,Home & Garden,117.55,3
2024-04-20,North,Toys,61.33,3
2024-05-04,North,Clothing,54.53,1
2024-08-07,West,Toys,34.35,1
2023-05-01,Central,Groceries,7.09,4
2023-04-02,East,Groceries,11.52,4
2023-03-28,North,Electronics,845.76,1
2024-08-09,East,Toys,43.85,4
2024-07-23,Central,Groceries,14.93,1
2024-09-27,south,Home & Garden,196.35,4
2023-07-01,North,Toys,25.64,1
2024-11-24,East,Groceries,25.91,2
2024-08-26,East,Toys,23.2,5
2024-07-21,West,Electronics,295.06,5
2024-04-28,West,Home & Garden,241.01,5
2024-07-19,East,Home & Garden,184.2,3
2024-12-16,North,Clothing,35.5,3
2023-10-20,North,Electronics,214.5,4
2023-01-14,West,Clothing,90.96,2
2024-10-25,South,Clothing,63.0,3
2024-05-06,Central,Home & Garden,179.7,2
2024-08-05,North,Home & Garden,194.38,4
2023-02-13,Central,Toys,,5
2024-10-23,East,Electronics,878.0,5
2024-04-15,Central,Home & Garden,217.22,5
2023-02-17,West,Electronics,773.64,4
2023-12-16,North,Clothing,93.85,5
2024-02-13,South,Home & Garden,156.11,4
2023-07-14,Central,Home & Garden,112.67,5
2024-11-08,west,Home & Garden,44.22,4
2023-04-25,Central,Home & Garden,31.55,4
2023-03-18,West,Groceries,48.95,5
2023-10-14,north,Home & Garden,227.68,4
2023-08-31,North,Electronics,384.1,3
2024-07-10,East,Electronics,860.55,2
2023-12-14,West,Groceries,33.84,1
2024-12-30,Central,Clothing,,3
2024-07-05,South,Toys,13.97,5
2024-01-17,South,Groceries,35.82,3
2024-10-28,Central,Toys,24.58,1
2024-03-10,East,Electronics,864.72,4
2023-03-16,West,Groceries,53.47,4
2024-03-14,Central,Toys,41.79,5
2023-08-24,West,Home & Garden,219.39,1
2023-06-24,North,Clothing,32.04,3
2023-11-28,West,Home & Garden,138.13,2
2023-06-28,Central,Groceries,35.3,4
2023-02-20,east,Clothing,74.41,1
2023-08-26,Central,Clothing,33.58,5
2024-05-25,West,Home & Garden,271.66,3
2023-10-08,East,Home & Garden,228.69,4
2023-07-27,West,Home & Garden,212.26,2
2024-08-15,South,Toys,56.32,2
2024-03-18,Central,Electronics,814.77,1
2024-12-17,Central,Home & Garden,251.07,4
2024-11-17,North,Clothing,102.41,2
2024-01-12,North,Groceries,32.23,5
2024-09-28,East,Home & Garden,150.02,3
2023-08-05,North,Home & Garden,134.97,4
2024-12-28,North,Electronics,558.45,3
2024-03-25,South,Groceries,11.51,5
2023-05-01,South,Toys,78.48,4
2023-12-03,South,Groceries,34.46,1
2023-01-28,North,Electronics,453.18,3
2024-06-16,East,Clothing,84.73,5
2024-11-02,West,Electronics,406.42,2
2024-08-16,West,Groceries,,3
2024-10-23,Central,Home & Garden,58.98,2
2023-02-22,East,Electronics,218.57,2
2023-06-25,East,Electronics,524.24,2
2024-11-30,West,Clothing,42.52,4
2024-04-05,West,Home & Garden,101.76,3
2024-12-19,North,Home & Garden,238.53,5
2023-04-02,Central,Toys,79.35,4
2024-01-26,South,Groceries,44.38,3
2023-05-15,Central,Toys,66.9,2
2023-09-01,North,Clothing,69.92,5
2023-01-16,North,Electronics,412.97,1
2024-10-22,South,Toys,14.57,4
2023-06-18,Central,Electronics,529.5,4
2024-01-03,South,Toys,20.43,1
2023-04-25,West,Clothing,40.49,1
2023-05-28,Central,Toys,39.85,2
2023-06-26,South,Electronics,579.65,1
2024-11-02,East,Electronics,667.6,5
2024-06-29,East,Clothing,57.14,1
2024-11-03,West,Clothing,86.0,5
2024-05-16,South,Clothing,23.79,5
2024-06-18,North,Toys,70.89,1
2023-06-30,South,Electronics,600.22,5
2023-07-18,south,Home & Garden,171.4,4
2024-05-15,East,Home & Garden,70.7,4
2024-02-04,North,Groceries,28.52,3
2023-08-27,north,Electronics,811.59,2
2024-06-21,Central,Toys,15.48,2
2024-08-23,South,Toys,79.14,2
2024-05-18,East,Home & Garden,272.96,3
2023-07-26,Central,Groceries,36.82,3
2023-03-19,West,Clothing,35.51,3
2024-01-08,Central,Toys,46.38,3
2023-03-19,East,Groceries,47.19,4
2023-02-03,East,Clothing,93.94,5
2024-10-07,Central,Home & Garden,60.79,2
2024-07-11,North,Clothing,,2
2023-12-19,North,Toys,21.83,1
2023-01-07,North,Toys,41.54,1
2024-08-16,Central,Home & Garden,94.41,3
2024-07-31,South,Groceries,55.42,1
2024-04-20,South,Home & Garden,65.53,1
2023-09-11,North,Electronics,373.21,1
2023-11-06,North,Toys,42.04,1
2024-01-31,East,Toys,48.95,3
2023-10-02,West,Electronics,305.6,2
2023-06-05,North,Clothing,18.0,4
2024-09-14,Central,Electronics,743.3,5
2023-04-01,Central,Toys,22.22,3
2023-11-15,East,Toys,24.59,4
2024-08-04,North,Clothing,28.25,4
2024-05-31,Central,Home & Garden,175.3,5
2024-02-19,South,Home & Garden,256.33,3
2024-08-01,East,Groceries,5.22,2
2024-08-21,North,Clothing,75.22,3
2023-10-10,east,Home & Garden,38.88,5
2023-04-17,West,Clothing,79.28,4
2024-04-28,Central,Home & Garden,149.89,4
2023-10-16,South,Clothing,85.35,5
2024-03-07,east,Groceries,45.98,2
2023-03-17,Central,Groceries,53.03,1
2024-06-09,South,Electronics,874.08,2
2023-12-06,South,Toys,105.66,5
2023-04-23,Central,Electronics,271.42,2
2024-01-06,West,Home & Garden,173.42,3
2024-05-24,South,Electronics,484.07,1
2023-05-24,west,Groceries,34.21,3
2023-04-07,North,Electronics,379.06,2
2024-08-18,South,Groceries,19.56,2
2023-12-11,North,Toys,73.71,2
2024-08-17,south,Toys,10.05,5
2023-10-16,East,Home & Garden,208.41,4
2024-06-04,East,Electronics,658.12,5
2023-06-25,West,Toys,26.31,2
2024-09-08,south,Groceries,45.22,5
2023-01-05,Central,Clothing,78.26,4
2024-07-11,North,Home & Garden,208.73,2
2024-04-20,North,Toys,62.56,1
2023-07-18,Central,Home & Garden,239.43,5
2023-05-07,North,Groceries,48.44,4
2024-02-26,South,Home & Garden,93.04,3
2024-02-12,East,Toys,54.89,3
2024-12-14,South,Home & Garden,284.38,1
2024-09-19,North,Clothing,101.27,3
2023-09-26,North,Toys,48.6,4
2023-02-10,West,Groceries,19.77,2
2023-08-24,North,Clothing,67.16,4
2023-01-03,East,Electronics,647.63,5
2023-08-02,West,Home & Garden,59.68,1
2024-03-18,South,Electronics,692.3,4
2024-02-26,Central,Toys,15.11,5
2023-09-28,Central,Home & Garden,152.27,3
2023-02-12,North,Clothing,50.68,5
2024-08-11,Central,Toys,35.09,2
2024-04-01,West,Clothing,97.0,5
2023-05-05,South,Electronics,221.15,4
2024-06-20,Central,Toys,79.39,5
2024-06-23,North,Groceries,25.63,1
2024-12-18,South,Electronics,481.54,2
2023-05-13,South,Toys,65.09,2
2023-03-16,South,Toys,48.46,2
2024-11-27,Central,Groceries,39.68,1
2023-11-10,Central,Groceries,19.23,2
2024-06-15,south,Clothing,,5
2024-12-02,North,Groceries,25.16,2
2024-09-13,East,Electronics,875.34,2
2023-02-06,East,Electronics,400.21,4
2023-06-21,North,Groceries,40.99,2
2023-06-02,South,Toys,49.91,1
2024-01-15,East,Home & Garden,230.84,2
2024-05-01,South,Home & Garden,141.18,1
2024-06-12,central,Toys,75.14,4
2023-09-08,Central,Clothing,115.05,4
2024-10-30,West,Groceries,23.52,4
2024-06-18,South,Home & Garden,167.99,4
2024-03-07,East,Home & Garden,99.55,1
2023-08-14,West,Toys,76.12,1
2024-02-29,West,Toys,70.62,4
2024-05-27,North,Electronics,328.2,1
2024-04-21,Central,Toys,74.79,1
2023-02-17,West,Groceries,17.83,5
2024-01-19,North,Toys,72.64,4
2023-12-08,East,Clothing,78.2,5
2024-02-05,East,Clothing,98.85,5
2024-03-21,East,Electronics,568.66,5
2024-03-23,Central,Toys,64.58,5
2023-03-06,South,Electronics,733.29,2
2024-07-15,North,Electronics,723.62,3
2024-12-22,East,Home & Garden,,3
2024-10-07,Central,Electronics,170.45,3
2024-06-03,north,Home & Garden,227.06,5
2023-11-28,North,Home & Garden,32.78,1
2023-04-25,West,Groceries,18.85,3
2024-10-19,East,Groceries,14.22,1
2023-08-09,East,Toys,10.39,4
2023-06-14,North,Toys,49.46,2
2023-12-23,East,Electronics,457.25,4
2024-10-22,East,Clothing,72.9,4
2023-01-24,north,Toys,58.84,3
2023-10-31,South,Clothing,66.34,2
2024-02-21,North,Groceries,10.93,3
2023-03-05,West,Electronics,736.33,4
2024-03-01,East,Home & Garden,97.62,1
2023-07-22,West,Home & Garden,185.18,3
2023-11-20,North,Clothing,21.3,1
2023-04-08,North,Electronics,480.92,5
2024-10-11,South,Clothing,,3
2024-08-24,Central,Electronics,346.71,4
2024-02-29,West,Groceries,40.17,4
2023-07-24,Central,Home & Garden,86.34,1
2023-09-06,West,Groceries,27.34,4
2024-12-18,Central,Groceries,43.97,3
2023-10-05,West,Toys,34.49,1
2023-10-09,west,Groceries,38.41,3
2023-10-19,East,Electronics,246.45,4
2023-03-04,North,Clothing,42.05,4
2023-05-07,Central,Electronics,793.0,3
2024-04-03,East,Electronics,735.58,5
2023-05-14,South,Groceries,27.16,4
2024-07-15,South,Groceries,48.87,5
2023-08-29,Central,Clothing,28.5,5
2024-05-12,East,Toys,36.79,3
2023-06-09,East,Toys,64.77,5
2023-06-20,West,Home & Garden,283.99,2
2023-03-15,South,Electronics,735.43,4
2023-10-16,South,Groceries,57.01,3
2023-12-12,Central,Electronics,360.54,2
2024-08-01,East,Electronics,404.13,5
2024-02-27,Central,Clothing,18.47,2
2023-08-02,West,Groceries,33.48,2
2023-03-20,South,Electronics,324.89,3
2024-07-20,West,Home & Garden,103.15,5
2024-10-17,South,Electronics,585.35,4
2024-08-22,east,Home & Garden,145.55,4
2024-11-25,South,Home & Garden,122.51,2
2024-10-23,South,Electronics,497.68,3
2023-06-18,South,Toys,22.99,2
2024-07-12,East,Home & Garden,218.81,4
2023-03-23,Central,Home & Garden,293.8,3
2023-05-16,North,Home & Garden,,3
2023-07-20,North,Home & Garden,219.45,4
2023-04-18,South,Groceries,37.78,2
2023-02-11,Central,Electronics,519.43,4
2024-09-18,South,Electronics,548.38,3
2024-07-11,East,Toys,23.63,5
2024-05-13,South,Clothing,56.7,1
2024-12-26,South,Home & Garden,87.82,3
2023-01-25,North,Clothing,54.94,3
2024-12-07,North,Electronics,497.08,1
2024-03-12,Central,Electronics,856.51,1
2024-09-30,West,Toys,11.44,5
2024-12-06,South,Groceries,22.81,5
2024-12-17,West,Toys,31.33,4
2023-02-23,East,Groceries,13.1,3
2023-09-04,East,Home & Garden,33.01,4
2023-04-16,East,Toys,49.11,4
2024-07-02,south,Clothing,30.07,2
2024-05-27,North,Home & Garden,,2
2024-09-04,East,Groceries,57.57,1
2024-04-06,West,Electronics,564.65,1
2024-09-18,Central,Groceries,31.05,2
2023-10-30,West,Electronics,245.79,2
2024-03-07,West,Clothing,71.88,3
2024-09-03,Central,Electronics,837.69,4
2023-06-22,South,Clothing,95.93,5
2024-05-01,South,Clothing,89.31,5
2024-11-20,Central,Electronics,243.64,5
2023-06-07,Central,Toys,59.56,5
2024-11-17,North,Groceries,5.12,1
2023-10-25,West,Groceries,57.61,5
2024-02-04,North,Electronics,444.64,5
2024-12-16,Central,Home & Garden,235.43,4
2024-07-24,East,Clothing,104.3,1
2024-02-05,East,Home & Garden,126.1,5
2024-07-26,North,Home & Garden,180.86,2
2024-02-05,Central,Toys,44.03,3
2023-06-19,east,Toys,73.14,3
2024-08-01,Central,Electronics,179.81,2
2024-10-06,East,Home & Garden,120.47,1
2023-11-23,North,Home & Garden,145.05,5
2024-02-12,North,Groceries,5.95,2
2024-06-14,South,Home & Garden,297.99,3
2023-10-18,North,Home & Garden,190.15,3
2024-09-01,South,Toys,49.22,2
2024-06-18,East,Electronics,819.43,4
2023-11-11,Central,Home & Garden,97.39,1
2024-12-24,North,Home & Garden,67.64,4
2023-09-17,Central,Groceries,37.39,3
2024-01-25,East,Electronics,368.86,5
2024-05-22,Central,Clothing,81.07,4
2024-12-27,West,Toys,86.26,5
2024-03-03,East,Groceries,41.17,5
2023-05-13,East,Clothing,28.42,5
2023-08-22,North,Electronics,888.68,1
2024-06-27,West,Home & Garden,160.83,4
2023-10-09,North,Electronics,839.02,1
2024-03-23,North,Electronics,308.86,5
2024-01-12,West,Electronics,533.21,4
2024-04-28,East,Groceries,46.34,1
2023-03-22,South,Groceries,33.29,3
2024-08-30,West,Electronics,334.68,3
2023-05-22,North,Toys,19.82,4
2023-08-19,west,Toys,52.46,5
2024-04-07,North,Electronics,362.7,1
2023-06-14,West,Toys,,1
2024-10-26,North,Home & Garden,143.56,3
2023-10-20,East,Home & Garden,145.84,5
2024-11-28,north,Groceries,39.79,1
2024-03-02,West,Home & Garden,211.65,3
2024-06-21,North,Clothing,33.34,2
2024-03-25,south,Electronics,735.68,4
2024-05-03,East,Groceries,52.99,1
2023-04-30,East,Home & Garden,220.88,5
2023-06-12,Central,Clothing,68.57,3
2024-02-23,east,Toys,70.79,2
2023-01-25,Central,Clothing,35.54,4
2024-08-02,Central,Electronics,387.93,3
2023-07-20,West,Groceries,15.46,3
2023-12-30,East,Clothing,118.89,3
2024-12-28,South,Groceries,18.35,5
2024-11-02,central,Toys,12.16,2
2023-09-09,North,Electronics,733.57,1
2023-01-09,East,Electronics,712.88,4
2024-06-07,North,Electronics,421.26,2
2024-04-16,east,Groceries,47.75,1
2024-09-03,East,Home & Garden,145.24,4
2024-02-04,North,Electronics,469.86,4
2024-03-09,West,Clothing,107.84,4
2024-01-25,South,Toys,19.54,5
2024-10-11,North,Clothing,68.42,1
2023-04-01,West,Electronics,577.14,4
2023-05-04,south,Toys,43.95,1
2024-11-10,South,Home & Garden,202.08,2
2023-07-08,Central,Electronics,387.24,2
2023-08-26,West,Clothing,81.24,5
2023-12-06,East,Groceries,22.68,3
2024-11-01,Central,Clothing,90.19,2
2024-01-13,South,Clothing,16.06,3
2024-08-31,Central,Clothing,109.85,2
2023-02-10,West,Electronics,495.88,1
2023-05-09,West,Home & Garden,123.11,2
2024-01-02,West,Clothing,33.65,2
2024-03-12,Central,Toys,43.35,2
2023-07-28,North,Clothing,26.86,1
2024-03-08,North,Groceries,15.64,2
2023-02-10,East,Groceries,43.91,3
2023-12-01,West,Electronics,1235.29,5
2023-02-11,Central,Groceries,33.71,4
2023-06-03,South,Groceries,9.37,3
2023-03-24,East,Electronics,290.08,1
2024-07-24,North,Toys,30.7,1
2024-02-04,Central,Home & Garden,186.14,5
2023-04-23,East,Clothing,69.08,3
2024-03-02,West,Home & Garden,254.61,3
2023-10-27,South,Clothing,33.57,2
2023-01-25,North,Toys,25.92,4
2024-11-22,South,Groceries,37.94,1
2024-02-18,East,Toys,36.49,2
2024-10-27,Central,Toys,11.53,3
2023-11-10,West,Clothing,87.51,5
2023-11-20,Central,Home & Garden,111.5,3
2024-08-08,North,Toys,48.73,5
2023-08-28,Central,Electronics,754.15,4
2024-03-22,East,Electronics,412.64,2
2024-03-29,East,Clothing,112.9,3
2023-12-02,North,Toys,37.53,5
2024-07-04,West,Toys,47.66,3
2023-03-16,North,Electronics,687.89,4
2023-07-14,South,Electronics,487.0,4
2023-02-23,South,Home & Garden,187.99,3
2023-07-09,West,Clothing,118.68,5
2023-02-12,North,Clothing,79.59,1
2024-10-10,South,Electronics,533.39,5
2023-01-01,West,Home & Garden,185.88,3
2023-12-11,North,Home & Garden,157.47,1
2023-11-11,West,Home & Garden,56.99,5
2024-08-29,North,Clothing,51.49,3
2024-10-25,East,Clothing,53.71,4
2024-05-18,North,Electronics,298.98,1
2024-05-08,East,Toys,69.67,5
2023-04-06,Central,Clothing,23.72,5
2023-11-02,North,Toys,41.56,5
2023-12-17,North,Toys,46.74,2
2024-08-24,South,Groceries,38.72,2
2024-12-21,North,Groceries,8.72,4
2024-10-25,Central,Toys,41.29,2
2024-08-23,Central,Clothing,108.58,3
2023-07-02,South,Toys,78.22,5
2023-12-19,north,Home & Garden,104.49,3
2023-04-02,East,Groceries,23.76,3
2024-05-03,Central,Clothing,70.78,5
2023-11-25,East,Toys,39.11,3
2023-09-04,North,Electronics,898.62,4
2024-08-11,East,Clothing,62.75,1
2023-09-16,West,Clothing,56.92,3
2024-11-06,South,Clothing,110.28,3
2024-09-23,West,Clothing,55.91,4
2024-03-15,North,Electronics,276.73,1
2023-09-05,South,Groceries,10.68,4
2024-09-28,Central,Groceries,49.81,5
2024-07-01,Central,Groceries,34.72,4
2024-02-11,West,Electronics,424.86,5
2024-08-03,West,Toys,38.16,2
2023-06-15,West,Groceries,43.03,5
2023-03-17,West,Clothing,74.77,2
2024-09-28,South,Toys,,4
2024-10-24,South,Clothing,80.97,4
2024-02-25,North,Electronics,712.68,2
2024-11-15,South,Groceries,8.06,2
2024-12-31,West,Home & Garden,211.23,2
2023-06-17,South,Home & Garden,38.66,5
2024-01-22,North,Toys,18.7,3
2024-12-10,Central,Groceries,55.6,3
2024-09-01,South,Toys,17.96,2
2023-01-02,Central,Toys,47.79,5
2024-05-20,Central,Clothing,69.27,3
2024-04-21,South,Home & Garden,277.67,3
2024-05-10,West,Groceries,31.88,2
2024-02-04,West,Toys,29.22,5
2023-10-04,South,Electronics,375.19,2
2023-05-29,West,Clothing,80.28,4
2024-09-26,South,Groceries,39.3,4
2023-05-15,South,Electronics,279.91,5
2024-11-02,West,Clothing,26.54,1
2024-11-09,Central,Home & Garden,109.77,3
2024-05-26,North,Electronics,728.54,1
2023-05-10,Central,Clothing,97.28,2
2023-12-14,West,Groceries,17.34,4
2023-10-15,North,Toys,67.69,4
2023-05-12,central,Electronics,328.27,4
2023-05-01,north,Electronics,,4
2024-03-28,East,Electronics,,3
2023-05-09,South,Home & Garden,,5
2023-04-02,North,Groceries,27.65,2
2023-10-30,South,Groceries,46.42,2
2024-02-12,South,Toys,22.07,1
2023-01-19,North,Toys,73.41,1
2023-08-21,West,Home & Garden,82.02,4
2024-07-08,East,Home & Garden,254.37,5
2023-01-01,West,Toys,77.87,2
2023-06-26,North,Groceries,53.56,3
2024-11-28,East,Toys,55.18,5
2024-01-10,West,Groceries,36.86,2
2023-08-09,Central,Electronics,897.86,1
2024-03-23,North,Groceries,30.13,2
2023-11-22,North,Toys,20.01,5
2024-07-12,South,Groceries,20.52,3
2024-11-05,West,Groceries,,5
2023-01-12,South,Electronics,635.0,3
2023-06-19,East,Home & Garden,260.5,2
2024-03-14,North,Electronics,838.9,3
2023-10-18,West,Home & Garden,231.8,2
2024-08-28,East,Electronics,650.95,5
2024-01-22,East,Groceries,12.66,2
2023-03-26,South,Home & Garden,159.88,3
2024-05-18,South,Groceries,38.38,1
2023-06-23,East,Clothing,70.13,5
2024-02-24,Central,Toys,61.06,5
2024-06-28,North,Groceries,6.65,1
2024-05-05,West,Electronics,676.37,5
2023-07-20,Central,Groceries,5.71,3
2023-05-07,South,Electronics,368.68,4
2023-01-07,South,Toys,34.32,3
2024-11-09,South,Clothing,104.29,2
2024-03-25,North,Electronics,250.51,2
2023-02-24,North,Groceries,27.1,5
2024-03-05,North,Groceries,23.25,1
2024-05-17,west,Clothing,27.99,3
2024-04-22,West,Toys,26.86,1
2023-01-13,Central,Toys,43.58,4
2023-09-19,North,Electronics,593.95,4
2023-03-08,West,Toys,22.9,1
2023-08-02,North,Clothing,78.58,1
2024-08-25,Central,Clothing,98.71,5
2023-05-08,South,Groceries,56.56,4
2024-02-06,Central,Home & Garden,151.53,3
2023-08-31,Central,Clothing,76.09,4
2024-06-04,Central,Electronics,893.81,3
2023-02-03,West,Toys,60.62,5
2024-01-02,North,Electronics,547.69,2
2024-12-17,South,Toys,31.17,5
2024-10-09,Central,Groceries,26.06,4
2023-12-20,West,Toys,107.12,3
2024-02-26,South,Groceries,10.82,4
2024-11-16,Central,Home & Garden,271.92,2
2023-02-02,North,Home & Garden,286.4,3
2024-12-16,east,Clothing,70.15,5
2023-04-02,East,Home & Garden,194.82,5
2023-03-02,Central,Electronics,215.03,4
2024-01-03,East,Electronics,488.0,2
2024-07-19,west,Toys,,2
2023-08-24,East,Toys,47.0,1
2023-03-30,North,Electronics,522.88,2
2024-12-19,North,Toys,43.54,2
2024-08-28,South,Groceries,21.52,4
2024-06-13,south,Clothing,108.06,4
2023-05-10,South,Groceries,11.69,4
2023-06-08,South,Clothing,91.36,5
2023-01-14,South,Clothing,39.01,2
2024-12-17,North,Clothing,119.17,4
2023-05-21,East,Clothing,37.68,3
2023-08-13,West,Toys,51.84,1
2023-12-26,west,Groceries,23.68,4
2024-08-18,South,Clothing,26.2,4
2023-10-02,North,Electronics,712.47,5
2023-06-08,North,Groceries,11.36,3
2024-05-06,West,Home & Garden,229.72,1
2024-09-18,West,Home & Garden,88.71,1
2024-08-31,East,Groceries,14.03,3
2024-04-19,North,Electronics,178.82,3
2024-08-12,East,Home & Garden,,3
2023-11-12,South,Groceries,8.76,5
2024-05-27,South,Home & Garden,71.25,5
2024-10-28,North,Toys,28.37,1
2024-05-24,North,Groceries,31.39,5
2024-07-26,North,Home & Garden,26.13,4
2024-08-10,East,Home & Garden,94.89,2
2023-08-12,South,Groceries,,1
2023-05-06,North,Clothing,41.9,5
2024-04-28,West,Clothing,41.59,1
2024-01-11,Central,Home & Garden,117.53,4
2024-09-02,South,Groceries,46.48,2
2024-01-25,South,Electronics,320.36,2
2024-04-15,Central,Electronics,271.67,4
2023-04-17,Central,Toys,53.75,5
2024-06-30,West,Toys,70.22,5
2023-05-26,Central,Groceries,55.38,3
2024-02-02,Central,Groceries,12.57,1
2024-05-15,West,Home & Garden,192.63,5
2024-08-31,west,Toys,67.13,1
2023-07-05,North,Home & Garden,66.14,2
2024-06-27,North,Groceries,41.22,1
2024-09-10,East,Home & Garden,137.62,5
2024-06-04,South,Groceries,20.38,1
2023-08-22,West,Clothing,94.86,2
2023-07-14,Central,Groceries,40.26,5
2024-01-19,West,Clothing,99.11,2
2023-02-18,North,Home & Garden,139.26,3
2024-08-04,North,Clothing,107.33,1
2023-09-18,South,Groceries,50.05,3
2023-04-20,South,Electronics,480.9,5
2024-09-22,South,Home & Garden,35.86,4
2023-10-22,Central,Clothing,41.2,1
2024-01-14,West,Clothing,30.03,3
2023-09-22,North,Groceries,50.07,3
2024-07-28,West,Electronics,814.35,4
2024-09-14,South,Clothing,36.01,1
2023-05-11,East,Home & Garden,60.57,5
2024-12-23,West,Toys,58.17,5
2023-06-25,North,Toys,44.15,3
2024-05-01,North,Groceries,42.37,5
2024-11-10,East,Groceries,12.77,2
2023-02-02,South,Clothing,56.15,4
2024-04-18,West,Home & Garden,40.3,4
2024-02-28,North,Electronics,293.78,2
2024-10-03,North,Groceries,49.36,4
2024-05-06,Central,Toys,66.41,5
2023-04-29,North,Groceries,8.47,1
2024-03-07,North,Clothing,26.73,5
2023-03-04,South,Electronics,233.95,1
2024-12-26,East,Electronics,251.74,3
2023-10-17,North,Clothing,89.88,5
2023-04-06,north,Toys,28.36,1
2023-06-12,East,Toys,34.61,5
2023-06-04,North,Toys,,4
2023-06-19,East,Home & Garden,39.93,5
2023-12-30,east,Toys,110.71,4
2024-07-05,West,Home & Garden,96.92,3
2023-02-23,West,Toys,26.73,1
2024-02-26,East,Toys,26.72,1
2024-07-25,north,Home & Garden,239.21,3
2024-07-30,West,Electronics,664.99,1
2023-10-12,North,Electronics,437.57,1
2024-10-02,East,Home & Garden,,3
2023-07-11,Central,Groceries,42.39,5
2024-04-25,East,Clothing,74.82,3
2024-10-10,North,Groceries,20.78,5
2023-02-25,South,Groceries,,3
2023-10-19,South,Electronics,819.86,1
2024-03-22,North,Groceries,56.09,2
2023-06-07,East,Groceries,48.19,5
2024-08-22,East,Toys,22.0,1
2024-09-15,North,Home & Garden,128.91,1
2023-10-27,Central,Groceries,26.52,4
2023-03-06,West,Toys,58.5,5
2023-07-16,North,Toys,76.65,1
2024-08-09,East,Clothing,56.13,2
2024-10-19,West,Clothing,110.6,1
2024-02-14,South,Toys,25.08,3
2023-09-17,South,Home & Garden,94.16,4
2023-01-24,South,Home & Garden,97.2,4
2024-12-12,South,Groceries,33.34,1
2023-10-19,North,Toys,46.79,5
2024-04-20,North,Toys,27.82,1
2023-07-25,West,Home & Garden,214.19,2
2023-05-02,South,Groceries,19.82,5
2023-08-26,South,Home & Garden,108.13,1
2023-01-29,East,Electronics,225.94,5
2023-09-16,south,Clothing,95.86,3
2024-08-15,North,Clothing,45.38,2
2023-09-10,North,Toys,64.55,4
2024-04-25,South,Toys,46.54,3
2024-03-22,West,Electronics,363.73,4
2024-08-12,South,Electronics,735.08,2
2024-11-11,West,Electronics,825.99,4
2024-05-12,Central,Electronics,522.15,4
2023-12-31,West,Home & Garden,44.94,2
2023-10-10,South,Toys,38.33,5
2023-02-08,West,Electronics,707.31,4
2023-08-26,Central,Toys,63.46,3
2023-10-08,West,Toys,25.13,2
2023-07-31,central,Groceries,58.33,1
2024-04-17,West,Toys,35.65,1
2024-01-15,South,Home & Garden,141.03,5
2023-08-31,East,Groceries,38.34,5
2024-02-02,East,Clothing,,1
2024-02-06,South,Toys,79.29,3
2024-04-24,Central,Electronics,659.38,5
2024-03-27,South,Toys,63.25,5
2024-10-21,north,Clothing,62.07,3
2024-01-19,South,Groceries,30.54,2
2023-07-12,Central,Home & Garden,183.78,1
2024-03-09,Central,Electronics,412.56,5
2023-03-26,West,Home & Garden,160.4,1
2023-09-27,East,Clothing,68.97,1
2024-11-18,Central,Clothing,75.29,4
2024-03-28,East,Electronics,522.4,4
2024-11-15,Central,Groceries,13.68,4
2024-01-17,East,Home & Garden,44.58,1
2024-04-17,South,Home & Garden,236.37,5
2023-01-21,Central,Home & Garden,133.34,5
2024-04-09,South,Electronics,247.54,5
2024-12-12,Central,Home & Garden,108.3,2
2024-02-13,South,Groceries,7.04,2
2024-11-10,West,Clothing,18.17,2
2024-02-19,central,Clothing,83.83,1
2024-08-07,North,Home & Garden,251.0,3
2023-01-04,west,Toys,23.61,3
2023-10-13,Central,Groceries,34.57,3
2024-12-28,Central,Toys,85.37,1
2024-04-02,West,Toys,78.55,1
2024-07-14,South,Groceries,24.5,1
2023-08-04,Central,Home & Garden,29.35,2
2023-06-29,West,Toys,35.25,5
2024-11-10,South,Groceries,32.72,4
2024-07-17,East,Groceries,50.78,2
2024-07-28,West,Electronics,438.47,5
2024-08-15,North,Clothing,117.94,3
2024-06-15,Central,Home & Garden,153.92,3
2023-11-16,Central,Home & Garden,42.06,1
2024-08-22,West,Home & Garden,145.38,4
2023-12-07,North,Groceries,25.59,2
2024-12-05,East,Electronics,714.05,3
2023-08-23,East,Home & Garden,110.0,2
2023-06-17,Central,Clothing,82.23,5
2024-05-29,South,Toys,36.11,5
2024-02-04,North,Groceries,,3
2023-12-11,Central,Clothing,70.22,1
2023-03-08,South,Groceries,23.83,1
2024-07-28,Central,Electronics,359.78,2
2024-03-15,East,Groceries,29.7,1
2024-02-25,West,Clothing,15.78,4
2023-01-18,Central,Electronics,424.85,5
2024-02-20,east,Clothing,85.03,4
2023-11-29,South,Toys,53.56,1
2024-02-06,West,Electronics,740.7,2
2024-08-23,Central,Home & Garden,181.0,2
2023-01-06,West,Toys,19.32,3
2023-06-03,East,Toys,33.5,2
2024-04-04,west,Home & Garden,105.07,3
2023-12-04,West,Home & Garden,206.78,4
2023-07-12,North,Clothing,53.2,1
2023-11-02,South,Groceries,28.58,2
2024-05-18,North,Toys,42.75,5
2023-04-01,North,Electronics,496.44,5
2024-03-04,West,Toys,11.64,1
2023-03-28,Central,Groceries,31.41,5
2023-02-03,Central,Electronics,862.84,5
2024-10-31,Central,Electronics,302.79,1
2024-09-01,South,Electronics,491.93,2
2024-04-11,Central,Clothing,102.93,2
2024-08-15,South,Clothing,73.01,2
2023-11-05,South,Electronics,715.69,5
2024-04-10,East,Clothing,58.09,4
2024-01-13,North,Electronics,886.91,1
2024-01-27,East,Toys,,5
2023-07-21,North,Clothing,97.32,2
2023-03-29,South,Electronics,495.08,5
2024-11-07,South,Clothing,48.13,2
2023-03-30,Central,Home & Garden,261.11,5
2024-10-13,West,Groceries,23.55,2
2023-01-17,East,Toys,10.63,1
2023-11-04,Central,Electronics,337.29,4
2023-05-20,South,Electronics,513.94,3
2023-05-14,North,Toys,13.05,3
2024-05-14,East,Clothing,80.14,5
2023-03-30,South,Clothing,115.71,2
2023-09-26,North,Electronics,301.19,2
2024-09-19,East,Electronics,884.75,4
2024-09-15,West,Groceries,16.96,5
2024-02-17,South,Electronics,256.65,2
2024-10-20,West,Toys,10.19,2
2023-03-27,South,Home & Garden,292.17,1
2023-02-25,South,Groceries,35.93,2
2024-10-01,South,Home & Garden,108.91,1
2023-09-11,North,Clothing,62.46,1
2024-12-15,north,Toys,23.7,3
2023-05-08,East,Clothing,31.67,4
2023-08-30,East,Home & Garden,23.28,2
2023-02-20,West,Toys,73.39,4
2024-05-19,Central,Toys,1797.25,2
2023-12-15,North,Toys,35.08,2
2023-01-04,South,Groceries,45.74,1
2023-10-21,Central,Clothing,44.76,3
2023-04-08,central,Clothing,17.8,2
2023-11-26,South,Home & Garden,243.58,3
2023-02-09,East,Electronics,582.53,3
2023-07-14,Central,Clothing,19.19,1
2024-08-10,North,Toys,18.42,4
2023-08-13,East,Toys,57.19,5
2024-02-08,South,Groceries,8.61,4
2024-09-01,central,Home & Garden,98.77,1
2024-07-01,South,Clothing,22.71,5
2023-12-17,South,Groceries,48.01,3
2024-08-20,South,Electronics,821.77,5
2024-05-15,South,Toys,36.5,2
2023-06-19,South,Electronics,523.23,5
2023-01-22,South,Toys,50.77,4
2024-06-25,East,Electronics,715.57,5
2024-03-04,South,Electronics,649.44,1
2023-07-26,east,Clothing,82.33,1
2023-11-08,West,Toys,74.49,4
2023-07-23,Central,Electronics,453.45,5
2024-03-22,North,Electronics,594.37,3
2024-01-15,South,Toys,32.54,4
2023-08-19,East,Groceries,53.48,3
2024-10-16,South,Electronics,483.58,2
2024-01-14,South,Electronics,394.13,1
2023-04-04,West,Home & Garden,235.39,5
2024-06-30,East,Home & Garden,109.6,3
2024-04-26,Central,Toys,13.54,3
2023-02-11,South,Groceries,50.61,3
2023-09-20,West,Home & Garden,43.41,5
2023-06-01,Central,Groceries,13.01,1
2024-10-27,north,Toys,76.96,3
2024-02-01,East,Toys,25.46,5
2024-06-02,Central,Clothing,29.47,1
2023-09-03,West,Home & Garden,69.31,3
2024-03-07,West,Clothing,20.15,3
2024-08-06,South,Home & Garden,20.11,1
2024-04-09,west,Home & Garden,68.33,5
2024-01-29,West,Groceries,23.7,5
2023-08-19,West,Groceries,57.13,4
2023-09-29,East,Clothing,87.05,4
2023-08-20,West,Clothing,83.46,2
2023-08-22,East,Clothing,113.79,4
2024-08-15,South,Groceries,11.47,2
2023-10-23,East,Home & Garden,43.08,5
2023-03-05,West,Home & Garden,110.44,4
2023-05-08,East,Home & Garden,279.21,5
2024-10-01,East,Toys,26.02,2
2023-06-02,Central,Clothing,46.0,1
2023-08-07,East,Electronics,315.01,3
2023-06-11,North,Home & Garden,186.03,3
2024-02-24,South,Toys,26.01,1
2023-01-05,North,Electronics,593.92,4
2023-02-10,Central,Groceries,36.49,2
2024-02-02,East,Clothing,60.46,5
2024-03-11,South,Groceries,7.16,2
2024-10-16,South,Toys,,4
2023-10-25,East,Electronics,768.46,4
2023-08-02,Central,Electronics,183.83,3
2023-08-09,Central,Clothing,111.17,5
2023-02-08,Central,Clothing,101.16,1
2023-04-07,East,Electronics,,1
2023-11-20,Central,Toys,47.32,2
2023-12-31,South,Electronics,1172.03,1
2023-11-30,Central,Clothing,70.56,5
2024-07-08,Central,Home & Garden,202.26,3
2024-07-18,south,Toys,26.99,3
2023-02-09,West,Electronics,497.99,5
2023-05-28,East,Home & Garden,244.19,1
2024-11-26,East,Home & Garden,266.83,3
2024-06-02,East,Electronics,249.14,4
2023-04-08,Central,Groceries,29.03,4
2023-04-12,East,Groceries,5.72,5
2023-05-06,North,Toys,36.38,3
2023-09-04,Central,Electronics,370.88,4
2023-09-14,West,Home & Garden,95.12,3
2023-06-28,East,Groceries,9.65,2
2023-10-27,North,Home & Garden,281.4,3
2023-06-07,South,Electronics,711.08,5
2024-07-09,North,Electronics,830.42,5
2023-06-14,South,Groceries,9.39,5
2023-11-24,Central,Toys,73.02,5
2023-05-26,North,Home & Garden,111.63,3
2023-05-15,Central,Home & Garden,151.07,2
2023-07-27,North,Toys,63.43,2
2024-02-17,West,Toys,24.54,3
2023-01-24,Central,Home & Garden,57.37,4
2024-02-05,East,Electronics,836.38,1
2024-08-22,North,Groceries,31.87,5
2023-01-06,Central,Groceries,27.92,5
2024-09-20,North,Home & Garden,38.85,5
2023-09-08,East,Toys,77.9,2
2024-07-13,West,Home & Garden,116.71,5
2024-02-02,West,Electronics,875.68,1
2023-04-18,North,Toys,38.64,2
2023-08-28,Central,Clothing,108.86,1
2024-02-03,West,Electronics,621.11,1
2023-07-19,East,Clothing,41.71,3
2023-07-16,South,Toys,13.52,3
2023-10-20,West,Electronics,742.74,3
2023-02-09,Central,Groceries,5.31,3
2024-06-19,South,Groceries,43.22,5
2023-06-17,North,Toys,,2
2023-06-29,West,Home & Garden,25.52,2
2024-06-06,West,Electronics,664.46,2
2024-05-04,South,Home & Garden,293.29,2
2023-12-20,Central,Groceries,17.01,3
2023-09-06,central,Toys,42.57,2
2023-09-24,South,Home & Garden,53.87,5
2023-05-23,West,Electronics,309.12,5
2024-07-12,East,Clothing,52.83,4
2023-09-17,South,Clothing,60.7,4
2023-06-05,North,Clothing,16.94,5
2024-06-22,Central,Clothing,73.85,1
2023-05-13,Central,Home & Garden,68.75,3
2024-03-18,Central,Electronics,703.25,3
2023-06-26,North,Groceries,30.73,5
2023-05-19,East,Home & Garden,,1
2023-07-17,Central,Electronics,616.54,3
2024-06-25,West,Clothing,63.56,1
2023-11-13,East,Electronics,246.77,2
2023-04-22,West,Groceries,43.34,5
2024-11-05,West,Electronics,510.75,1
2023-08-31,West,Home & Garden,54.81,5
2023-08-21,East,Electronics,342.1,4
2023-06-22,West,Electronics,260.3,2
2023-04-11,Central,Clothing,95.64,2
2023-02-25,North,Clothing,49.22,2
2024-08-26,South,Groceries,5.86,1
2024-05-12,North,Electronics,381.11,3
2024-08-27,West,Groceries,12.46,5
2023-05-26,West,Electronics,671.73,4
2024-08-10,South,Home & Garden,76.42,5
2023-05-30,south,Toys,23.6,1
2024-06-16,South,Electronics,348.8,5
2023-02-11,Central,Electronics,534.67,4
2023-04-10,Central,Electronics,277.61,1
2023-05-03,North,Home & Garden,159.64,4
2023-03-04,West,Home & Garden,238.41,5
2023-01-17,South,Home & Garden,208.56,2
2024-11-27,Central,Toys,64.83,1
2024-03-05,East,Groceries,37.9,1
2024-05-01,North,Electronics,400.32,3
2023-11-06,East,Clothing,36.14,3
2024-01-14,Central,Electronics,342.35,2
2023-05-12,North,Home & Garden,142.15,2
2023-05-05,South,Groceries,43.16,2
2023-09-22,North,Toys,30.9,5
2023-11-14,South,Home & Garden,,1
2024-02-25,West,Electronics,533.41,2
2024-02-28,East,Toys,69.04,5
2024-05-04,West,Toys,,2
2023-11-23,East,Clothing,24.51,1
2024-01-18,Central,Groceries,24.56,2
2023-07-29,North,Groceries,32.72,2
2023-11-03,North,Home & Garden,154.59,1
2023-01-21,South,Groceries,15.43,5
2023-10-29,East,Home & Garden,145.54,3
2023-10-31,North,Home & Garden,267.85,5
2023-09-13,South,Clothing,30.55,5
2023-02-14,South,Groceries,7.37,5
2023-07-29,North,Electronics,281.96,5
2023-07-07,North,Toys,30.55,2
2023-12-15,Central,Home & Garden,195.86,3
2023-10-19,West,Electronics,475.71,1
2023-09-20,South,Electronics,235.04,3
2024-08-15,South,Toys,14.32,2
2023-06-08,South,Groceries,37.72,5
2024-04-23,Central,Groceries,25.34,2
2024-06-25,central,Electronics,813.84,4
2023-12-06,South,Electronics,1022.44,3
2023-07-19,East,Electronics,251.74,4
2024-11-15,South,Toys,23.02,3
2023-12-24,West,Home & Garden,113.64,1
2023-07-15,North,Toys,44.99,5
2024-12-25,North,Electronics,335.23,2
2023-04-14,North,Home & Garden,213.12,4
2023-05-15,South,Toys,76.46,2
2023-01-17,East,Groceries,22.77,5
2024-10-04,North,Toys,67.74,5
2023-11-28,East,Home & Garden,195.13,1
2024-09-05,West,Groceries,8.7,1
2023-04-04,Central,Clothing,46.26,5
2024-04-30,North,Groceries,15.76,5
2024-07-17,West,Electronics,281.03,1
2024-09-17,East,Clothing,61.54,4
2024-07-05,West,Electronics,734.1,5
2024-01-05,Central,Home & Garden,166.84,3
2023-08-22,South,Clothing,49.66,1
2023-07-31,North,Electronics,453.62,4
2024-07-20,Central,Home & Garden,132.18,5
2023-08-28,Central,Toys,11.17,1
2024-05-13,North,Toys,51.23,5
2023-10-26,West,Toys,25.2,3
2023-07-23,West,Electronics,244.97,4
2024-07-12,East,Toys,42.89,5
2023-04-27,East,Groceries,50.66,3
2023-04-07,West,Toys,46.87,5
2023-07-05,South,Home & Garden,54.55,1
2024-09-02,central,Groceries,44.49,2
2023-10-20,South,Home & Garden,127.6,5
2023-08-31,East,Groceries,39.59,3
2024-07-27,West,Groceries,26.57,2
2023-06-15,West,Home & Garden,116.53,4
2023-01-12,South,Toys,43.86,2
2024-01-04,West,Clothing,76.22,1
2024-02-17,Central,Electronics,641.69,5
2023-11-08,Central,Electronics,513.93,1
2023-12-18,East,Home & Garden,128.16,5
2023-05-16,west,Toys,66.42,2
2023-09-26,West,Toys,35.83,4
2023-05-29,North,Groceries,36.33,1
2023-01-24,South,Groceries,28.03,1
2024-11-10,South,Electronics,860.07,3
2023-10-17,Central,Electronics,211.43,3
2023-03-05,Central,Home & Garden,250.09,1
2024-11-09,West,Groceries,44.96,4
2024-01-11,West,Groceries,32.27,3
2024-10-19,Central,Groceries,24.17,5
2023-04-18,south,Toys,61.37,3
2023-11-20,west,Clothing,48.22,3
2024-04-26,West,Electronics,728.55,5
2023-01-23,North,Home & Garden,103.84,1
2024-03-27,South,Electronics,678.42,2
2024-11-18,South,Toys,73.59,2
2024-09-04,Central,Groceries,58.74,5
2023-04-26,West,Toys,72.3,1
2024-03-26,Central,Electronics,497.34,1
2024-11-14,Central,Electronics,545.88,3
2023-01-07,Central,Groceries,49.28,4
2024-11-13,Central,Groceries,29.66,3
2023-10-08,Central,Home & Garden,154.3,2
2023-08-09,West,Clothing,39.61,5
2024-05-11,Central,Home & Garden,152.34,2
2024-05-03,North,Toys,34.24,5
2024-08-12,South,Home & Garden,97.27,5
2024-08-27,East,Groceries,9.55,2
2024-02-26,North,Clothing,33.42,3
2024-04-13,South,Toys,45.89,2
2023-03-26,East,Groceries,10.33,2
2024-08-15,South,Home & Garden,285.46,4
2024-06-19,North,Groceries,56.92,1
2023-07-17,West,Clothing,59.54,3
2024-10-22,North,Electronics,354.21,3
2024-08-07,Central,Toys,67.11,5
2023-04-04,Central,Home & Garden,294.93,5
2024-05-02,East,Home & Garden,59.99,4
2023-03-17,North,Groceries,30.84,5
2023-03-07,East,Groceries,53.24,5
2024-01-24,Central,Clothing,38.96,1
2024-09-05,West,Toys,50.04,5
2024-06-16,North,Home & Garden,240.72,5
2023-08-05,North,Toys,34.76,2
2023-08-25,East,Toys,12.83,3
2023-11-02,Central,Electronics,639.01,5
2023-02-08,South,Clothing,112.58,3
2024-05-22,North,Toys,64.14,2
2023-01-15,East,Home & Garden,71.95,1
2024-04-27,Central,Electronics,896.11,3
2023-04-16,South,Home & Garden,222.97,1
2023-09-20,South,Groceries,12.71,2
2024-04-22,west,Clothing,37.35,5
2024-05-13,North,Toys,16.05,3
2023-12-23,Central,Toys,99.87,3
2024-08-22,South,Clothing,51.26,2
2024-11-29,West,Toys,26.62,3
2024-02-26,West,Toys,44.06,2
2023-01-03,Central,Clothing,93.51,5
2023-12-08,West,Clothing,47.6,5
2024-08-18,East,Clothing,60.51,1
2023-10-15,East,Home & Garden,222.64,2
2024-11-22,North,Home & Garden,253.51,5
2024-10-16,South,Toys,36.91,4
2024-07-20,South,Electronics,355.65,3
2023-06-21,Central,Groceries,53.82,2
2024-06-09,West,Clothing,16.47,4
2024-04-06,South,Clothing,19.57,5
2023-02-18,Central,Electronics,452.03,5
2024-09-07,North,Electronics,812.5,5
2023-05-20,West,Home & Garden,145.91,5
2023-04-02,North,Electronics,611.32,2
2023-08-29,Central,Groceries,48.64,4
2024-03-11,North,Toys,71.77,5
2023-08-13,East,Toys,43.34,3
2023-05-31,North,Home & Garden,68.02,2
2023-09-12,North,Electronics,734.54,3
2024-02-29,Central,Clothing,43.92,2
2023-01-23,East,Clothing,43.28,4
2023-04-05,West,Groceries,25.8,1
2024-02-10,North,Home & Garden,99.73,2
2023-03-13,East,Groceries,20.97,4
2023-07-15,West,Clothing,41.6,4
2024-06-09,Central,Home & Garden,224.49,5
2023-02-26,South,Clothing,80.91,5
2023-08-28,East,Clothing,,3
2024-08-24,West,Home & Garden,76.82,4
2023-04-20,East,Electronics,883.03,3
2024-05-25,North,Home & Garden,164.28,2
2024-02-06,North,Electronics,410.45,4
2024-04-28,Central,Electronics,326.64,4
2024-03-02,South,Toys,79.06,5
2023-04-20,West,Toys,44.51,1
2024-04-17,West,Electronics,341.76,5
2023-11-09,South,Electronics,456.65,2
2023-07-29,East,Clothing,40.66,2
2023-05-11,Central,Toys,37.49,1
2024-05-28,North,Groceries,12.4,5
2024-03-13,South,Clothing,53.27,2
2024-10-30,West,Electronics,617.07,5
2023-08-09,East,Electronics,403.16,2
2023-03-05,West,Groceries,47.87,4
2024-03-09,South,Clothing,115.68,4
2023-10-18,South,Home & Garden,4632.75,5
2023-12-02,West,Clothing,26.2,5
2023-12-03,East,Clothing,94.07,5
2024-10-18,West,Toys,34.67,3
2024-07-11,Central,Electronics,248.07,2
2024-12-04,Central,Groceries,10.02,1
2023-05-11,South,Home & Garden,52.59,4
2023-10-08,East,Groceries,33.61,3
2024-05-29,South,Groceries,12.88,3
2024-11-30,North,Toys,11.32,3
2023-05-25,West,Toys,13.64,5
2024-06-03,South,Electronics,770.71,3
2024-01-18,Central,Electronics,569.27,2
2024-09-07,South,Toys,74.38,5
2023-04-01,South,Toys,20.12,2
2024-05-05,Central,Clothing,113.06,3
2023-02-05,East,Clothing,,4
2023-03-23,Central,Groceries,52.08,1
2024-08-09,West,Home & Garden,24.9,4
2023-11-19,South,Toys,22.85,3
2023-12-20,North,Toys,73.87,5
2024-05-26,South,Home & Garden,158.06,4
2023-07-27,West,Electronics,883.81,4
2024-01-19,Central,Home & Garden,225.25,2
2024-07-26,Central,Home & Garden,39.83,3
2023-05-11,North,Clothing,90.38,5
2024-03-14,East,Toys,67.73,2
2024-09-20,South,Toys,47.21,3
2024-08-13,East,Electronics,364.84,3
2024-12-08,Central,Home & Garden,237.97,3
2023-08-07,South,Toys,75.91,1
2024-08-17,South,Toys,69.1,4
2024-11-15,Central,Home & Garden,133.67,2
2023-08-09,East,Clothing,49.57,1
2023-10-18,West,Groceries,36.15,5
2024-08-24,South,Electronics,584.86,4
2023-10-16,North,Toys,,1
2024-10-30,Central,Toys,67.47,1
2024-11-28,West,Home & Garden,199.85,4
2023-04-28,Central,Electronics,255.58,3
2023-10-13,South,Home & Garden,38.27,1
2024-12-06,South,Groceries,14.16,1
2024-07-12,North,Clothing,82.61,4
2024-07-18,South,Clothing,61.0,4
2023-03-18,South,Clothing,18.78,3
2023-08-06,East,Clothing,109.2,1
2024-04-13,Central,Groceries,38.64,4
2023-04-26,South,Toys,61.51,5
2024-03-19,North,Home & Garden,118.04,4
2023-07-11,Central,Home & Garden,225.96,5
2023-01-13,Central,Groceries,56.65,3
2024-11-13,West,Groceries,42.63,1
2024-05-03,North,Toys,35.4,2
2023-03-07,Central,Toys,61.96,5
2024-02-14,South,Clothing,43.28,3
2024-05-30,North,Home & Garden,62.1,4
2023-11-06,West,Electronics,350.27,3
2023-10-27,Central,Home & Garden,216.75,3
2023-02-23,West,Electronics,381.6,2
2023-10-09,East,Groceries,56.56,3
2023-07-11,East,Home & Garden,201.66,3
2023-03-10,South,Clothing,52.88,2
2023-04-02,North,Toys,32.71,2
2024-12-06,North,Home & Garden,188.01,3
2023-01-13,West,Electronics,553.8,1
2024-03-07,North,Clothing,69.58,1
2023-06-19,North,Clothing,62.72,4
2023-10-30,North,Electronics,436.69,5
2023-09-11,Central,Home & Garden,,4
2024-12-14,North,Home & Garden,248.9,5
2024-11-04,South,Groceries,53.17,5
2023-01-28,North,Electronics,200.54,5
2024-11-09,West,Clothing,80.11,1
2024-10-16,Central,Toys,10.58,1
2024-04-02,West,Electronics,888.85,1
2024-05-07,south,Groceries,12.54,2
2024-05-30,East,Home & Garden,236.26,5
2024-07-18,Central,Clothing,67.21,4
2023-01-14,West,Toys,79.4,2
2023-01-21,West,Groceries,33.36,3
2023-08-18,Central,Electronics,807.78,3
2023-03-19,East,Electronics,711.75,4
2023-08-20,East,Groceries,29.17,2
2024-03-28,North,Electronics,433.05,3
2023-02-02,South,Electronics,314.34,5
2023-06-24,North,Toys,66.56,2
2023-09-06,South,Toys,38.98,3
2024-09-07,West,Clothing,107.37,4
2023-06-13,East,Toys,42.63,4
2023-03-25,North,Clothing,24.55,4
2023-02-09,West,Electronics,160.97,3
2024-03-20,East,Home & Garden,107.08,4
2024-12-13,West,Groceries,37.49,4
2024-11-15,Central,Toys,54.48,1
2023-09-10,East,Toys,10.28,2
2024-05-11,East,Clothing,72.07,2
2023-04-21,Central,Toys,58.75,4
2023-05-16,East,Clothing,64.38,4
2024-12-02,Central,Groceries,20.36,1
2024-06-08,East,Groceries,13.8,1
2023-08-13,Central,Groceries,12.29,1
2024-09-07,West,Home & Garden,103.77,3
2024-05-26,south,Toys,46.87,5
2023-12-31,East,Electronics,521.62,1
2024-01-12,North,Groceries,,3
2024-07-04,North,Toys,47.78,2
2024-10-13,North,Toys,74.2,3
2024-12-16,East,Electronics,808.95,5
2024-06-30,North,Toys,33.89,4
2023-03-18,Central,Groceries,57.79,5
2024-01-29,West,Toys,76.8,3
2024-08-05,west,Home & Garden,187.9,4
2023-03-28,Central,Clothing,35.35,2
2023-02-04,north,Electronics,555.55,5
2024-04-07,East,Home & Garden,281.02,3
2023-03-24,West,Groceries,,1
2024-11-22,north,Groceries,,1
2024-07-22,South,Electronics,368.29,3
2023-06-27,West,Toys,55.78,2
2023-09-16,East,Electronics,733.91,4
2024-08-24,North,Clothing,44.48,3
2023-01-20,West,Home & Garden,88.22,5
2023-12-26,east,Toys,104.98,4
2023-05-24,West,Toys,23.54,5
2023-04-30,North,Clothing,53.32,2
2024-08-08,North,Home & Garden,253.32,5
2023-08-06,East,Toys,74.14,4
2023-05-16,Central,Groceries,54.63,2
2024-07-03,Central,Electronics,816.4,2
2023-03-31,North,Toys,60.74,2
2023-07-09,West,Clothing,65.75,1
2023-10-23,East,Toys,66.2,4
2024-04-01,Central,Clothing,39.39,3
2024-01-31,South,Home & Garden,147.54,4
2024-01-26,East,Electronics,448.61,2
2023-02-16,Central,Clothing,110.63,5
2023-02-16,West,Clothing,32.75,3
2023-11-15,South,Groceries,40.98,2
2024-06-29,Central,Toys,23.54,5
2024-10-18,West,Toys,29.81,4
2024-03-04,North,Clothing,39.79,1
2024-07-31,North,Clothing,68.22,3
2023-02-02,Central,Electronics,853.03,2
2023-07-15,South,Toys,53.34,4
2023-09-05,West,Clothing,90.7,5
2024-10-29,West,Clothing,108.9,2
2023-04-29,Central,Groceries,51.57,1
2024-10-18,South,Toys,55.82,4
2023-05-30,east,Toys,18.96,2
2023-09-27,East,Toys,26.22,3
2024-07-23,North,Clothing,92.06,1
2024-09-12,South,Clothing,101.37,4
2023-10-16,Central,Home & Garden,210.39,4
2023-06-22,West,Groceries,35.51,4
2024-04-12,South,Home & Garden,157.19,4
2024-06-23,West,Electronics,574.97,4
2024-07-27,Central,Groceries,59.56,1
2024-07-15,North,Clothing,39.16,2
2024-01-02,East,Clothing,74.74,1
2023-12-15,East,Electronics,414.87,2
2023-09-30,South,Electronics,613.47,4
2024-02-13,East,Groceries,12.85,4
2023-01-09,North,Electronics,824.68,2
2023-06-02,Central,Toys,57.52,5
2024-08-23,east,Home & Garden,108.37,1
2024-10-14,East,Toys,54.23,5
2024-01-24,South,Toys,36.47,3
2024-02-27,East,Toys,56.4,5
2024-11-22,North,Home & Garden,237.53,1
2023-03-23,Central,Clothing,92.23,1
2024-03-29,South,Toys,37.13,5
2024-07-30,North,Home & Garden,22.09,2
2023-04-09,Central,Toys,10.21,5
2024-09-06,West,Groceries,55.66,4
2023-01-25,East,Groceries,58.79,3
2024-08-10,South,Toys,78.9,4
2024-04-01,East,Toys,48.89,2
2023-09-07,West,Clothing,30.28,4
2024-06-22,North,Toys,30.54,1
2023-10-23,Central,Toys,39.84,3
2024-08-27,West,Toys,53.83,1
2024-07-29,South,Home & Garden,284.12,3
2023-02-01,North,Clothing,57.45,1
2024-06-18,North,Toys,50.01,3
2024-02-26,South,Clothing,75.97,4
2023-02-24,West,Toys,34.42,3
2023-04-06,South,Home & Garden,128.88,3
2024-04-11,Central,Clothing,49.51,1
2023-11-16,South,Home & Garden,111.67,4
2023-03-02,Central,Toys,41.52,5
2023-11-04,North,Electronics,757.19,2
2024-02-09,East,Toys,76.72,3
2023-07-25,West,Electronics,346.39,4
2023-06-18,South,Clothing,36.27,4
2024-12-04,North,Toys,60.17,3
2023-11-02,East,Clothing,70.06,5
2024-06-12,West,Electronics,404.57,5
2024-10-05,North,Toys,57.46,3
2024-04-23,West,Toys,30.51,2
2023-07-30,South,Electronics,194.18,1
2024-03-05,East,Clothing,70.79,2
2023-02-17,West,Electronics,380.91,5
2023-03-20,West,Groceries,33.66,2
2023-06-14,South,Groceries,31.17,5
2023-04-11,East,Clothing,,3
2023-11-23,East,Electronics,350.11,1
2024-03-01,East,Toys,65.14,2
2023-04-22,Central,Groceries,43.4,1
2023-10-01,South,Groceries,20.89,2
2024-04-12,South,Electronics,765.96,4
2023-12-17,East,Clothing,94.09,1
2024-01-30,East,Home & Garden,69.98,3
2023-08-09,North,Clothing,82.68,5
2024-04-23,Central,Clothing,27.11,4
2023-06-30,south,Groceries,17.46,1
2024-03-14,North,Clothing,81.94,1
2024-03-19,South,Clothing,78.15,1
2024-11-01,South,Clothing,43.17,5
2024-09-12,Central,Electronics,656.23,2
2024-05-22,north,Clothing,87.94,5
2023-10-02,North,Clothing,118.33,1
2024-12-30,North,Home & Garden,202.92,1
2024-11-11,West,Clothing,34.73,2
2023-04-13,West,Electronics,886.56,4
2024-02-13,Central,Clothing,69.9,2
2023-07-07,Central,Clothing,118.8,2
2023-11-16,Central,Home & Garden,71.05,1
2024-09-16,East,Home & Garden,291.68,5
2024-11-08,Central,Electronics,255.12,2
2024-04-13,Central,Toys,12.77,2
2023-06-03,West,Electronics,381.46,4
2024-09-23,Central,Home & Garden,132.48,2
2023-04-25,West,Electronics,850.53,5
2023-07-22,East,Clothing,92.25,5
2023-05-22,Central,Toys,39.38,5
2024-05-28,North,Clothing,46.93,1
2024-05-16,West,Toys,39.32,5
2024-08-11,South,Home & Garden,250.45,3
2023-06-08,North,Home & Garden,40.24,3
2023-10-21,East,Home & Garden,61.86,3
2023-07-22,East,Groceries,20.9,4
2023-10-03,North,Home & Garden,176.75,5
2024-05-08,West,Toys,25.57,3
2024-02-06,West,Toys,20.59,1
2023-04-04,West,Toys,53.75,2
2024-11-03,West,Toys,35.26,4
2023-04-09,East,Electronics,166.91,4
2024-03-01,South,Electronics,418.0,5
2024-12-19,East,Toys,35.11,5
2023-04-16,South,Groceries,27.94,1
2023-09-09,East,Groceries,54.41,2
2023-01-26,Central,Home & Garden,47.03,1
2023-01-07,East,Clothing,69.1,2
2024-01-22,West,Home & Garden,232.72,2
2023-03-16,West,Toys,53.54,1
2024-10-18,Central,Toys,26.34,1
2024-06-18,South,Home & Garden,54.29,2
2024-02-28,South,Groceries,50.87,3
2023-06-27,North,Home & Garden,46.11,2
2024-09-26,South,Toys,24.82,2
2024-09-01,North,Clothing,60.74,4
2024-10-26,East,Home & Garden,,4
2023-03-20,West,Toys,12.92,4
2024-10-19,Central,Toys,58.87,4
2023-06-14,East,Toys,50.74,4
2024-03-26,south,Home & Garden,48.17,3
2024-08-19,North,Clothing,28.04,1
2024-11-07,South,Toys,34.31,1
2023-07-31,Central,Electronics,706.94,1
2023-01-22,West,Toys,57.32,3
2023-01-24,central,Home & Garden,108.25,3
2024-05-03,North,Electronics,530.31,2
2024-05-14,West,Toys,64.02,4
2024-08-22,East,Groceries,34.73,5
2023-02-22,North,Groceries,39.48,3
2023-11-24,West,Groceries,5.09,2
2024-03-14,West,Electronics,791.19,1
2023-01-14,South,Clothing,107.13,3
2023-09-18,West,Clothing,62.45,4
2024-12-18,South,Electronics,361.67,5
2024-03-08,West,Toys,37.01,5
2023-09-24,Central,Home & Garden,181.82,1
2023-05-11,South,Groceries,14.34,4
2023-12-03,South,Clothing,85.84,5
2023-01-23,East,Groceries,24.55,5
2024-07-07,South,Home & Garden,34.25,5
2023-05-03,East,Home & Garden,141.04,2
2023-03-09,East,Home & Garden,82.24,3
2024-05-26,Central,Toys,52.43,5
2023-07-07,North,Groceries,38.54,4
2024-07-06,Central,Electronics,752.5,3
2023-12-27,North,Clothing,34.68,2
2024-05-04,East,Toys,48.37,3
2024-11-27,South,Home & Garden,213.67,2
2023-02-02,North,Electronics,885.89,5
2023-02-12,North,Home & Garden,232.96,2
2024-03-15,North,Electronics,601.61,5
2023-10-23,West,Home & Garden,276.07,3
2024-10-12,North,Home & Garden,172.17,1
2023-09-28,East,Toys,14.42,5
2024-05-28,Central,Clothing,112.34,1
2023-07-04,North,Groceries,35.68,2
2023-08-07,Central,Electronics,779.3,5
2023-03-04,North,Toys,66.75,3
2023-07-18,East,Groceries,46.99,2
2024-02-03,North,Home & Garden,113.64,3
2024-07-08,West,Groceries,24.11,3
2024-10-16,North,Home & Garden,42.57,3
2023-07-27,South,Toys,42.74,1
2024-02-13,Central,Electronics,839.43,5
2024-03-31,Central,Groceries,49.98,5
2023-10-07,East,Toys,40.23,5
2023-07-07,north,Electronics,457.87,4
2024-09-10,West,Home & Garden,58.64,4
2024-01-21,Central,Electronics,319.98,5
2023-12-17,Central,Home & Garden,264.93,1
2024-04-14,Central,Toys,17.35,1
2023-02-01,West,Groceries,16.66,1
2023-10-27,North,Electronics,655.12,3
2023-12-20,West,Clothing,102.0,2
2024-11-26,South,Toys,79.37,3
2023-11-11,West,Home & Garden,220.27,2
2024-12-16,East,Clothing,84.41,5
2024-08-19,East,Toys,14.08,2
2023-09-20,North,Groceries,20.93,4
2024-08-10,East,Home & Garden,35.88,5
2024-02-03,East,Toys,32.93,1
2024-07-23,North,Electronics,223.87,1
2024-11-05,North,Electronics,652.83,5
2023-07-01,central,Home & Garden,122.38,1
2023-03-01,North,Toys,27.56,1
2024-01-20,West,Electronics,447.88,2
2023-04-14,Central,Clothing,73.82,3
2023-11-05,East,Toys,37.02,2
2023-12-01,West,Groceries,18.9,2
2023-02-24,Central,Groceries,17.08,1
2023-02-04,East,Home & Garden,295.76,5
2024-11-16,East,Home & Garden,133.65,3
2023-03-17,West,Groceries,29.22,3
2023-11-11,East,Electronics,795.18,2
2024-05-19,South,Home & Garden,79.63,4
2023-02-23,West,Groceries,42.43,4
2023-03-08,South,Groceries,15.13,5
2024-01-20,East,Home & Garden,181.43,5
2023-02-21,West,Clothing,54.07,4
2024-01-03,Central,Clothing,63.0,1
2023-06-16,North,Clothing,48.86,1
2024-07-12,Central,Clothing,53.29,1
2023-12-11,West,Toys,88.93,4
2024-04-17,Central,Electronics,757.06,1
2024-09-14,Central,Toys,29.7,1
2023-12-05,East,Groceries,46.97,4
2023-05-27,Central,Groceries,10.53,4
2023-01-04,South,Toys,15.66,1
2024-11-11,South,Clothing,39.2,4
2024-10-02,East,Toys,53.29,1
2023-04-23,Central,Groceries,29.08,2
2023-03-19,West,Home & Garden,249.25,5
2024-09-04,West,Electronics,343.72,3
2024-10-12,Central,Clothing,90.63,5
2024-11-13,Central,Groceries,33.76,4
2023-09-11,South,Toys,68.81,4
2024-10-20,South,Groceries,46.94,5
2024-05-23,South,Clothing,21.72,4
2024-11-11,West,Clothing,53.48,2
2023-08-04,North,Home & Garden,156.92,5
2023-05-06,North,Electronics,634.9,5
2024-04-19,north,Groceries,47.69,3
2023-07-09,East,Groceries,17.27,1
2023-06-20,Central,Home & Garden,141.69,3
2023-06-20,North,Toys,57.17,5
2024-09-15,South,Groceries,18.36,5
2024-09-19,North,Clothing,47.16,1
2024-06-09,East,Home & Garden,262.07,2
2024-08-21,North,Clothing,89.59,5
2023-03-14,South,Electronics,298.65,2
2023-11-03,West,Home & Garden,261.61,4
2023-06-05,East,Home & Garden,238.6,3
2023-08-13,East,Home & Garden,133.95,3
2024-11-17,South,Groceries,55.91,1
2023-07-27,south,Clothing,65.83,1
2023-09-28,West,Clothing,97.25,2
2023-11-07,Central,Toys,68.77,4
2023-07-03,Central,Clothing,56.02,4
2023-07-10,East,Toys,71.0,2
2023-05-02,south,Home & Garden,76.35,4
2023-12-16,West,Toys,94.39,3
2023-01-06,North,Clothing,44.5,4
2023-12-27,South,Toys,67.64,4
2024-01-24,Central,Electronics,183.9,5
2024-05-29,East,Toys,13.91,2
2023-02-14,North,Groceries,28.72,2
2024-02-04,north,Clothing,71.32,2
2024-08-07,North,Groceries,7.43,5
2024-02-12,South,Electronics,856.16,1
2024-01-12,North,Electronics,731.46,3
2023-09-16,South,Toys,40.43,1
2023-09-15,South,Home & Garden,92.19,4
2023-07-31,West,Clothing,38.66,3
2024-03-03,North,Groceries,31.45,1
2023-03-29,South,Home & Garden,146.2,2
2023-05-30,East,Groceries,25.42,4
2023-01-06,East,Toys,62.47,1
2023-01-13,North,Electronics,832.75,1
2023-07-25,East,Electronics,656.29,4
2023-07-27,West,Toys,72.24,5
2023-02-21,North,Groceries,7.28,2
2024-03-06,Central,Electronics,835.57,1
2024-07-07,North,Clothing,42.52,4
2023-04-01,South,Home & Garden,94.1,5
2023-06-21,East,Clothing,76.17,2
2023-05-24,Central,Groceries,25.67,3
2024-02-20,Central,Electronics,386.57,4
2024-05-18,East,Toys,44.77,5
2023-07-22,Central,Electronics,684.3,1
2023-04-05,North,Toys,37.92,4
2023-12-11,East,Groceries,41.7,4
2023-11-21,West,Clothing,25.49,4
2023-07-31,West,Groceries,53.91,2
2023-07-26,South,Clothing,91.0,1
2024-04-16,West,Home & Garden,200.79,1
2024-11-24,North,Clothing,41.63,3
2024-04-25,South,Home & Garden,59.47,3
2024-03-23,Central,Electronics,537.72,4
2023-05-18,Central,Groceries,56.62,1
2023-08-12,South,Toys,13.73,2
2024-03-04,Central,Groceries,8.64,4
2024-03-08,Central,Toys,63.56,1
2024-01-22,North,Electronics,775.85,3
2024-08-06,West,Toys,73.85,3
2023-06-20,South,Electronics,529.92,5
2024-06-11,Central,Electronics,585.55,1
2023-12-13,North,Toys,80.71,3
2023-04-29,West,Electronics,462.2,1
2023-05-21,North,Home & Garden,266.37,1
2024-05-06,South,Clothing,47.02,2
2024-12-19,east,Electronics,441.25,2
2024-09-16,North,Groceries,44.65,2
2023-05-16,West,Home & Garden,87.35,2
2023-03-01,South,Toys,56.67,1
2023-03-22,North,Groceries,50.33,5
2024-12-11,North,Clothing,101.75,5
2023-12-05,East,Toys,96.22,1
2024-11-29,West,Groceries,39.05,2
2024-12-13,Central,Home & Garden,255.29,5
2024-09-27,West,Clothing,119.97,1
2023-02-02,East,Toys,76.06,3
2024-02-21,East,Clothing,62.72,3
2024-01-20,South,Electronics,229.77,2
2024-01-31,South,Toys,37.35,2
2023-07-11,Central,Home & Garden,160.12,5
2024-12-24,Central,Toys,36.79,2
2024-11-20,East,Clothing,84.46,2
2023-06-17,North,Electronics,183.88,5
2023-03-22,South,Toys,50.59,4
2023-06-05,North,Home & Garden,135.05,3
2024-11-26,Central,Toys,63.64,2
2023-01-14,North,Clothing,107.3,2
2024-10-07,South,Home & Garden,116.92,1
2024-09-30,Central,Electronics,238.27,3
2023-04-14,East,Toys,39.26,3
2023-07-09,East,Groceries,35.34,1
2023-09-22,East,Toys,11.56,5
2023-04-26,North,Toys,79.69,5
2023-01-31,West,Groceries,12.36,2
2023-07-01,South,Home & Garden,31.5,1
2023-03-05,South,Home & Garden,45.08,1
2024-12-12,Central,Electronics,659.85,2
2024-07-07,East,Toys,66.22,4
2024-05-24,Central,Home & Garden,118.32,3
2024-03-06,Central,Clothing,97.28,3
2023-03-18,East,Clothing,116.9,2
2023-07-07,East,Home & Garden,239.15,5
2024-11-16,West,Groceries,32.06,5
2024-07-08,East,Clothing,41.78,3
2024-01-19,West,Home & Garden,239.51,5
2023-09-02,West,Electronics,431.45,4
2024-04-02,North,Electronics,611.67,4
2023-08-08,West,Home & Garden,66.08,3
2024-01-13,North,Groceries,26.21,5
2023-01-20,East,Groceries,29.55,4
2024-06-29,North,Toys,56.0,3
2023-01-07,north,Clothing,111.69,5
2023-01-12,East,Groceries,39.28,2
2023-02-12,West,Groceries,44.38,1
2024-01-23,North,Home & Garden,217.88,1
2024-01-02,South,Toys,13.79,3
2023-09-29,South,Electronics,261.51,2
2024-01-20,Central,Clothing,61.54,2
2024-06-25,Central,Groceries,42.57,3
2024-09-03,east,Toys,74.01,5
2024-09-30,Central,Electronics,551.82,3
2023-03-12,North,Clothing,24.18,4
2023-04-17,East,Clothing,113.47,4
2024-07-15,West,Toys,70.53,1
2024-09-27,Central,Groceries,33.81,3
2024-10-22,West,Toys,75.48,1
2024-04-28,East,Groceries,14.71,1
2023-05-20,North,Home & Garden,43.06,1
2024-03-13,South,Home & Garden,169.92,3
2023-07-19,South,Electronics,859.97,5
2024-04-11,West,Groceries,48.12,3
2024-10-10,North,Electronics,204.13,1
2024-04-16,West,Groceries,18.19,1
2024-05-30,Central,Electronics,549.89,3
2024-10-26,South,Toys,66.81,3
2024-04-05,West,Clothing,76.25,3
2024-06-15,East,Groceries,56.29,1
2024-09-17,South,Groceries,41.55,2
2023-04-02,East,Groceries,42.41,5
2024-08-17,North,Toys,66.95,1
2024-02-23,South,Electronics,280.61,4
2024-06-07,South,Home & Garden,244.65,5
2024-05-03,East,Home & Garden,40.71,2
2024-04-23,North,Groceries,42.9,5
2023-04-30,West,Home & Garden,127.18,3
2023-09-28,Central,Electronics,895.2,3
2023-07-19,North,Toys,79.29,2
2024-05-02,West,Home & Garden,73.75,4
2023-01-03,East,Groceries,24.25,1
2024-05-04,Central,Electronics,868.86,2
2023-07-03,Central,Toys,43.75,5
2023-05-14,Central,Groceries,46.92,5
2024-02-25,North,Clothing,49.86,2
2023-10-30,South,Toys,70.4,4
2023-04-25,North,Clothing,67.68,2
2023-08-04,West,Electronics,745.32,5
2023-08-27,North,Groceries,34.5,3
2024-04-29,Central,Groceries,40.21,5
2023-05-11,East,Clothing,95.44,3
2024-08-14,Central,Clothing,39.08,3
2023-04-24,South,Toys,75.17,4
2024-06-18,South,Toys,28.13,1
2024-07-29,Central,Home & Garden,215.41,1
2024-07-03,East,Groceries,56.02,2
2023-08-19,central,Home & Garden,112.67,3
2023-04-14,West,Home & Garden,132.99,2
2024-12-16,West,Home & Garden,254.3,2
2024-09-18,West,Home & Garden,267.07,5
2024-08-26,East,Toys,47.14,3
2024-08-08,West,Clothing,101.32,3
2024-07-06,East,Groceries,6.44,2
2024-07-13,West,Groceries,44.92,1
2024-10-18,West,Toys,68.06,3
2024-03-18,East,Toys,75.13,3
2024-06-09,East,Toys,16.91,4
2023-10-08,Central,Clothing,43.45,3
2023-12-24,South,Electronics,841.75,5
2024-07-23,Central,Groceries,25.45,1
2023-09-19,South,Groceries,26.26,1
2023-03-01,North,Electronics,693.52,5
2024-03-08,East,Groceries,34.21,2
2024-05-07,Central,Groceries,16.41,3
2024-07-09,South,Toys,17.98,2
2024-10-17,Central,Electronics,182.73,2
2023-02-15,South,Clothing,108.15,5
2024-12-29,West,Clothing,32.95,1
2023-11-11,central,Groceries,32.17,2
2023-05-12,Central,Groceries,,1
2024-06-12,Central,Electronics,672.75,3
2024-08-26,North,Clothing,73.16,1
2023-08-20,East,Groceries,9.38,4
2024-12-01,East,Clothing,85.62,4
2024-08-28,South,Home & Garden,115.52,3
2023-02-24,East,Home & Garden,163.63,2
2023-07-15,west,Toys,67.49,3
2023-04-18,East,Toys,26.23,3
2024-03-13,West,Toys,77.05,4
2024-11-01,South,Home & Garden,244.43,5
2023-02-03,Central,Toys,27.87,3
2023-07-08,East,Electronics,670.58,5
2023-11-02,north,Toys,53.45,3
2023-01-14,Central,Toys,73.46,3
2024-07-05,East,Groceries,27.73,4
2023-04-26,Central,Electronics,541.2,1
2024-10-13,North,Clothing,109.12,1
2024-12-27,Central,Electronics,555.16,4
2024-08-28,Central,Home & Garden,149.6,3
2023-10-28,south,Toys,28.08,4
2023-06-17,West,Home & Garden,267.86,3
2024-03-24,South,Clothing,105.78,2
2023-12-28,North,Home & Garden,98.25,1
2024-05-16,East,Home & Garden,,2
2024-12-23,South,Electronics,421.57,2
2023-07-22,North,Groceries,40.76,5
2023-09-26,East,Electronics,434.11,2
2023-06-12,West,Clothing,117.54,2
2023-10-06,south,Electronics,630.16,3
2024-10-28,South,Electronics,804.64,5
2024-10-23,West,Groceries,33.7,3
2023-09-05,north,Clothing,37.73,5
2024-09-19,South,Clothing,80.81,5
2023-05-08,East,Clothing,51.76,4
2024-01-25,Central,Electronics,538.21,5
2024-03-18,North,Home & Garden,99.56,4
2024-06-10,East,Home & Garden,127.28,1
2024-03-13,North,Clothing,93.43,2
2024-08-09,South,Groceries,14.73,1
2023-10-26,North,Clothing,59.0,2
2024-08-22,East,Clothing,17.37,3
2023-04-07,West,Electronics,542.66,1
2024-08-20,West,Electronics,509.14,5
2024-03-25,Central,Home & Garden,289.17,4
2024-09-12,West,Toys,52.55,4
2023-11-03,South,Groceries,18.82,2
2024-01-30,Central,Groceries,34.06,3
2023-01-10,North,Home & Garden,137.3,1
2023-08-21,Central,Toys,38.28,2
2023-09-01,Central,Toys,42.31,5
2023-09-01,North,Groceries,31.78,2
2023-11-11,West,Home & Garden,167.58,2
2024-08-19,east,Electronics,486.02,5
2023-01-21,central,Home & Garden,105.75,4
2023-05-26,west,Clothing,33.16,4
2023-05-07,South,Home & Garden,154.69,4
2024-09-09,Central,Toys,25.25,3
2024-04-01,North,Clothing,72.21,5
2024-05-24,West,Electronics,780.57,2
2023-10-10,East,Electronics,263.05,3
2024-02-27,East,Electronics,445.52,4
2024-04-04,Central,Electronics,345.73,5
2023-07-14,Central,Home & Garden,234.53,3
2023-02-19,North,Home & Garden,209.19,3
2024-10-17,south,Electronics,,2
2024-10-20,West,Home & Garden,49.58,3
2023-07-03,North,Electronics,693.76,5
2023-11-06,South,Groceries,43.58,2
2024-10-10,Central,Electronics,813.75,5
2023-11-12,South,Home & Garden,113.52,2
2024-06-28,East,Groceries,59.1,4
2024-12-27,West,Toys,93.34,5
2023-06-19,Central,Electronics,504.06,4
2024-04-06,East,Groceries,22.22,5
2023-05-05,South,Home & Garden,60.69,2
2023-11-12,East,Electronics,304.84,1
2024-09-15,Central,Electronics,639.45,1
2024-04-30,South,Groceries,20.33,1
2023-07-21,North,Clothing,94.43,5
2023-03-07,East,Electronics,849.26,5
2023-12-01,South,Groceries,28.39,5
2023-04-29,North,Electronics,351.59,2
2023-02-20,South,Home & Garden,26.75,4
2023-11-06,Central,Electronics,363.3,4
2024-12-07,West,Groceries,40.84,4
2024-04-10,East,Clothing,111.23,2
2024-05-04,North,Clothing,114.95,2
2023-07-05,Central,Toys,53.22,1
2024-06-03,East,Electronics,712.96,1
2023-02-02,North,Clothing,84.99,3
2024-04-07,North,Electronics,458.99,3
2024-10-14,North,Clothing,52.85,2
2023-09-27,East,Home & Garden,234.17,1
2023-12-09,West,Groceries,31.96,4
2024-10-17,North,Clothing,79.8,2
2023-06-10,North,Clothing,50.47,5
2023-10-31,South,Clothing,40.58,2
2024-03-06,South,Clothing,107.49,5
2023-11-19,West,Groceries,55.34,1
2023-04-19,South,Toys,68.87,4
2024-11-01,West,Toys,19.96,4
2024-07-25,West,Groceries,16.57,5
2023-02-19,North,Home & Garden,78.47,2
2023-04-06,East,Electronics,,2
2024-08-04,South,Home & Garden,52.65,5
2024-02-03,South,Electronics,228.17,4
2023-09-30,East,Clothing,33.16,5
2024-06-24,West,Groceries,10.58,3
2023-03-01,Central,Toys,19.58,4
2024-03-16,South,Electronics,204.01,3
2024-06-13,South,Electronics,816.32,1
2024-05-24,Central,Toys,70.64,3
2024-12-19,East,Home & Garden,74.46,3
2023-12-25,North,Toys,38.74,2
2023-03-09,West,Home & Garden,165.85,4
2023-06-05,East,Home & Garden,297.52,1
2024-04-20,West,Home & Garden,249.7,5
2024-03-18,west,Groceries,13.11,4
2023-05-17,East,Electronics,297.16,5
2024-04-28,east,Toys,45.03,1
2023-05-31,Central,Electronics,787.48,4
2023-08-26,Central,Toys,30.83,5
2024-03-30,North,Home & Garden,50.21,4
2024-03-18,South,Electronics,856.05,5
2024-01-14,Central,Clothing,18.19,4
2023-12-05,south,Home & Garden,255.25,3
2023-06-15,Central,Groceries,50.62,1
2024-04-02,South,Groceries,49.4,4
2023-03-16,Central,Clothing,51.75,1
2024-07-18,central,Groceries,48.76,5
2024-08-14,South,Toys,53.45,2
2023-03-06,North,Electronics,646.74,4
2024-03-19,Central,Toys,14.72,1
2024-04-05,North,Toys,15.49,1
2024-01-31,North,Home & Garden,,5
2024-01-21,North,Electronics,566.16,5
2024-06-03,Central,Groceries,35.42,2
2024-02-12,East,Toys,79.93,1
2024-01-08,Central,Toys,49.0,4
2024-09-12,East,Toys,62.33,1
2024-07-11,North,Groceries,14.22,3
2024-01-17,west,Groceries,54.02,2
2023-09-07,Central,Electronics,529.58,2
2024-11-01,South,Electronics,690.2,2
2023-02-10,Central,Electronics,897.93,4
2024-07-23,East,Groceries,13.31,3
2024-03-22,Central,Electronics,368.95,5
2023-03-12,East,Clothing,30.74,1
2024-08-13,South,Groceries,50.36,4
2023-06-06,Central,Toys,70.31,1
2024-02-17,Central,Home & Garden,82.04,1
2023-05-17,West,Toys,16.16,5
2023-07-05,West,Toys,51.37,2
2023-05-06,Central,Electronics,229.84,3
2023-09-15,South,Home & Garden,,5
2023-02-18,West,Clothing,81.97,3
2023-07-21,East,Groceries,10.81,5
2024-08-11,North,Toys,58.57,4
2024-09-09,East,Clothing,113.03,5
2024-01-03,East,Groceries,8.57,5
2023-10-11,South,Electronics,893.83,5
2024-09-26,North,Home & Garden,161.05,3
2024-09-28,Central,Groceries,39.96,1
2024-05-11,East,Electronics,875.2,4
2024-11-19,South,Electronics,526.39,1
2023-03-07,West,Groceries,22.36,3
2023-06-20,Central,Electronics,796.81,1
2024-10-12,West,Electronics,366.58,5
2023-11-09,Central,Toys,16.6,1
2024-09-13,South,Home & Garden,106.48,4
2023-01-28,Central,Groceries,34.15,3
2024-05-14,South,Clothing,54.24,5
2024-04-06,West,Groceries,58.91,2
2024-06-08,East,Home & Garden,280.09,5
2023-08-29,South,Electronics,585.14,4
2023-07-26,East,Groceries,45.78,5
2023-02-26,East,Home & Garden,77.14,3
2024-02-22,South,Toys,15.97,5
2024-01-21,South,Groceries,22.12,2
2023-10-17,Central,Clothing,83.61,5
2024-11-10,West,Electronics,782.2,4
2024-04-24,East,Electronics,246.72,2
2024-07-26,South,Toys,54.8,3
2024-01-07,West,Groceries,46.37,3
2024-06-15,North,Toys,62.74,4
2023-11-09,South,Home & Garden,165.43,1
2023-04-04,South,Clothing,81.0,1
2024-07-20,West,Home & Garden,201.74,3
2023-10-30,North,Groceries,37.8,5
2023-02-14,East,Toys,50.35,5
2024-10-11,north,Toys,57.18,1
2023-08-27,East,Electronics,644.81,4
2023-09-29,East,Toys,66.8,5
2024-05-11,South,Clothing,81.99,1
2023-03-06,east,Home & Garden,141.02,5
2023-10-09,East,Clothing,72.55,5
2023-03-10,Central,Groceries,55.03,4
2024-07-19,East,Toys,48.5,2
2024-05-27,South,Toys,,3
2023-05-24,West,Home & Garden,268.98,3
2024-03-26,North,Electronics,524.95,1
2024-06-09,East,Groceries,48.85,2
2023-10-05,East,Home & Garden,135.09,2
2024-05-27,East,Electronics,371.94,1
2024-08-13,West,Electronics,603.54,4
2024-04-12,North,Home & Garden,124.52,1
2023-04-28,Central,Home & Garden,161.0,3
2024-03-16,West,Electronics,694.7,4
2023-05-03,North,Home & Garden,234.64,5
2023-03-17,West,Groceries,41.52,1
2024-04-25,Central,Home & Garden,,1
2023-08-26,North,Clothing,90.7,4
2023-04-18,South,Electronics,747.14,3
2024-07-09,Central,Home & Garden,270.98,1
2023-12-06,east,Electronics,1022.9,2
2023-09-14,West,Electronics,640.44,4
2024-02-27,North,Electronics,272.89,4
2023-09-10,Central,Groceries,11.95,3
2023-04-21,North,Home & Garden,268.52,3
2023-09-03,East,Clothing,81.2,5
2023-11-09,Central,Home & Garden,247.89,3
2024-01-05,Central,Groceries,23.3,5
2023-04-01,East,Electronics,175.07,4
2023-02-24,North,Electronics,679.17,4
2023-03-28,Central,Clothing,96.62,3
2023-07-12,North,Electronics,596.77,4
2023-08-28,West,Home & Garden,44.36,3
2023-09-30,Central,Home & Garden,241.91,4
2024-10-24,North,Electronics,658.91,2
2023-01-13,South,Clothing,88.11,2
2023-02-12,West,Clothing,79.2,3
2024-02-14,East,Groceries,13.07,5
2024-01-29,East,Toys,40.18,5
2023-10-15,West,Clothing,27.92,1
2024-11-14,East,Clothing,69.35,3
2024-06-03,East,Clothing,67.92,3
2024-03-30,West,Home & Garden,136.86,4
2024-01-20,South,Clothing,102.5,4
2024-06-25,West,Toys,44.89,2
2024-09-01,Central,Groceries,17.26,1
2024-09-20,central,Home & Garden,50.89,1
2023-08-25,West,Electronics,684.5,5
2024-03-27,Central,Clothing,16.86,5
2023-05-12,West,Electronics,656.59,5
2024-03-16,South,Toys,54.13,1
2024-11-15,South,Groceries,22.62,4
2024-10-26,north,Groceries,10.23,2
2024-06-09,West,Toys,23.42,2
2024-06-02,South,Clothing,24.01,1
2024-02-02,South,Clothing,115.92,4
2023-12-05,North,Clothing,29.65,3
2024-05-30,West,Home & Garden,261.61,2
2023-07-08,East,Home & Garden,79.45,5
2024-11-22,South,Clothing,90.28,1
2024-09-06,East,Electronics,481.92,4
2024-11-23,South,Home & Garden,137.94,1
2023-07-21,East,Home & Garden,199.47,1
2024-08-12,North,Home & Garden,192.58,1
2024-02-09,South,Toys,22.27,3
2023-04-12,East,Electronics,402.69,4
2024-02-02,East,Electronics,654.6,2
2023-10-09,Central,Toys,74.87,2
2024-09-09,Central,Groceries,8.87,2
2024-10-01,North,Clothing,114.11,2
2024-05-18,North,Toys,28.16,1
2024-03-13,south,Groceries,12.17,1
2024-06-03,South,Clothing,26.99,1
2024-08-17,West,Groceries,10.93,3
2023-05-31,North,Clothing,19.75,5
2023-05-10,Central,Clothing,20.97,5
2024-07-31,East,Groceries,53.25,1
2024-07-30,East,Home & Garden,82.94,2
2024-07-13,South,Toys,31.59,3
2024-05-24,West,Toys,59.21,1
2023-07-20,South,Groceries,45.66,5
2023-05-22,West,Home & Garden,288.38,1
2024-03-31,South,Clothing,100.52,4
2023-03-21,West,Toys,70.9,4
2024-02-04,South,Toys,32.47,3
2023-05-25,South,Toys,16.28,2
2024-08-16,north,Home & Garden,268.27,5
2024-01-12,North,Toys,29.36,2
2023-04-17,South,Electronics,713.76,5
2024-12-02,West,Toys,40.45,4
2023-02-18,East,Home & Garden,224.46,3
2023-12-31,west,Toys,35.22,5
2024-01-11,West,Electronics,633.44,4
2023-09-15,West,Home & Garden,216.13,5
2023-07-12,West,Home & Garden,41.07,2
2023-10-31,East,Home & Garden,70.23,2
2023-09-05,North,Clothing,41.5,4
2024-10-31,Central,Home & Garden,136.85,1
2023-11-26,North,Groceries,42.85,5
2023-01-27,North,Toys,51.53,1
2023-08-09,West,Clothing,98.01,5
2024-05-22,West,Home & Garden,122.48,3
2024-08-06,West,Clothing,45.1,1
2024-01-02,Central,Electronics,609.1,1
2023-11-25,Central,Home & Garden,248.37,3
2024-02-15,central,Home & Garden,230.21,2
2023-12-30,North,Groceries,42.52,3
2024-11-14,South,Electronics,878.15,5
2023-03-18,West,Home & Garden,176.69,5
2024-12-13,West,Groceries,41.0,2
2023-11-23,South,Electronics,424.94,4
2023-06-23,Central,Home & Garden,282.89,1
2023-05-03,East,Clothing,61.77,3
2024-10-08,North,Groceries,52.54,2
2023-10-30,South,Toys,61.0,4
2024-07-25,West,Home & Garden,91.92,4
2024-02-07,Central,Toys,78.37,3
2024-07-30,East,Electronics,813.48,4
2023-09-20,South,Groceries,46.99,1
2023-12-02,Central,Electronics,1252.39,3
2024-02-01,South,Toys,21.81,1
2024-12-09,South,Groceries,26.49,4
2024-07-27,North,Electronics,786.65,3
2024-02-28,Central,Groceries,30.28,1
2023-03-13,Central,Toys,41.31,1
2023-10-08,North,Electronics,680.89,4
2024-01-26,North,Electronics,320.28,1
2024-01-29,West,Home & Garden,225.38,5
2024-10-27,North,Home & Garden,86.52,2
2024-08-27,East,Clothing,53.42,4
2024-07-19,Central,Groceries,10.9,4
2024-04-08,Central,Clothing,86.89,2
2023-03-10,South,Groceries,13.04,4
2024-09-12,East,Home & Garden,275.3,5
2024-07-03,East,Toys,50.79,3
2024-07-23,East,Home & Garden,148.06,1
2024-04-14,North,Toys,48.83,4
2023-10-13,East,Home & Garden,52.53,3
2023-01-31,central,Electronics,847.63,1
2023-07-08,South,Clothing,116.46,4
2023-10-17,Central,Clothing,71.43,4
2023-11-16,North,Groceries,34.92,3
2023-11-02,West,Home & Garden,45.49,4
2024-07-16,West,Groceries,9.36,5
2023-02-13,South,Toys,15.3,5
2024-11-20,East,Home & Garden,,3
2024-06-15,East,Electronics,580.49,2
2024-05-20,East,Toys,25.41,5
2024-11-14,South,Home & Garden,149.9,5
2024-07-05,South,Toys,27.93,3
2023-01-23,West,Home & Garden,34.79,2
2023-10-07,West,Clothing,56.49,2
2024-07-13,East,Clothing,83.2,5
2023-03-04,Central,Clothing,17.85,4
2024-07-24,North,Home & Garden,224.04,5
2024-09-26,North,Home & Garden,138.31,5
2023-04-12,South,Groceries,53.42,3
2023-01-16,Central,Home & Garden,120.18,2
2024-04-25,West,Groceries,26.12,5
2023-03-22,North,Toys,32.18,1
2024-05-04,central,Toys,29.93,4
2024-01-24,East,Toys,75.01,5
2024-11-09,East,Electronics,551.08,3
2024-04-27,North,Home & Garden,50.55,1
2024-07-25,East,Electronics,190.44,1
2024-06-27,West,Electronics,237.77,4
2023-09-28,South,Clothing,28.4,1
2024-06-11,East,Clothing,56.26,2
2024-02-29,North,Toys,76.98,3
2024-04-24,East,Electronics,162.92,4
2023-04-15,Central,Electronics,702.21,3
2024-08-29,South,Clothing,40.9,3
2024-08-27,Central,Clothing,22.13,4
2023-05-12,Central,Toys,58.05,3
2024-12-13,West,Groceries,6.78,5
2024-08-18,Central,Toys,,2
2024-12-01,Central,Electronics,483.02,4
2023-11-19,Central,Groceries,10.44,5
2024-07-11,East,Electronics,738.35,1
2023-09-20,South,Toys,75.72,5
2024-10-06,East,Electronics,183.96,3
2023-06-20,West,Groceries,26.79,5
2024-09-07,West,Electronics,453.39,5
2023-08-27,North,Home & Garden,31.43,5
2023-09-21,North,Groceries,5.66,3
2023-04-18,North,Electronics,330.05,2
2024-04-05,East,Groceries,50.75,4
2023-09-13,East,Electronics,553.58,3
2023-09-01,South,Toys,13.01,5
2024-01-09,West,Clothing,54.72,1
2023-02-10,West,Groceries,47.85,3
2024-04-11,North,Home & Garden,146.64,2
2024-04-18,East,Groceries,,5
2024-06-07,East,Home & Garden,173.58,2
2024-06-21,East,Groceries,54.6,1
2023-03-26,North,Home & Garden,289.46,2
2024-09-11,North,Clothing,92.75,5
2024-10-18,North,Clothing,34.61,3
2023-03-24,West,Electronics,722.47,5
2023-01-11,South,Electronics,453.94,2
2024-10-19,Central,Toys,50.35,2
2024-08-29,South,Toys,23.28,5
2024-05-21,West,Groceries,17.59,1
2024-07-17,North,Toys,33.65,1
2023-06-16,East,Clothing,90.15,5
2024-03-22,North,Electronics,535.31,5
2023-10-02,central,Clothing,21.12,5
2023-01-12,North,Groceries,36.24,2
2023-11-17,West,Home & Garden,48.65,2
2023-01-24,South,Clothing,60.87,1
2023-02-04,North,Clothing,43.5,1
2024-04-24,Central,Electronics,502.77,1
2024-07-12,West,Clothing,46.35,4
2024-01-29,South,Toys,75.36,4
2023-09-06,West,Groceries,22.07,3
2024-07-08,East,Electronics,475.78,1
2024-01-05,South,Home & Garden,288.57,4
2024-10-03,North,Groceries,39.47,5
2023-11-07,South,Home & Garden,217.61,5
2023-03-17,South,Electronics,536.39,4
2024-12-20,South,Home & Garden,224.78,4
2023-06-08,north,Home & Garden,292.65,4
2024-12-14,South,Clothing,104.07,1
2023-06-18,Central,Toys,44.48,5
2023-09-12,North,Toys,77.81,3
2024-04-27,South,Electronics,675.29,4
2023-01-10,North,Groceries,55.59,2
2024-08-12,South,Electronics,735.08,2
2024-08-08,South,Home & Garden,139.01,1
2024-04-03,central,Electronics,228.39,2
2023-04-19,South,Clothing,31.18,4
2024-04-30,West,Groceries,31.81,3
2023-03-12,North,Electronics,450.27,2
2024-06-10,North,Electronics,332.56,2
2023-08-07,East,Clothing,54.91,2
2023-03-01,Central,Groceries,38.92,3
2024-10-10,North,Toys,68.81,4
2023-09-23,West,Home & Garden,39.94,4
2023-08-03,Central,Electronics,386.48,3
2024-05-21,Central,Clothing,37.85,2
2023-08-29,South,Toys,29.51,4
2023-11-26,East,Home & Garden,151.25,2
2023-01-19,West,Home & Garden,44.37,1
2024-07-09,Central,Home & Garden,264.94,4
2024-11-05,South,Groceries,41.67,3
2023-04-02,North,Groceries,22.34,4
2023-04-06,East,Electronics,745.42,5
2023-01-07,Central,Groceries,17.31,5
2024-11-16,Central,Electronics,294.4,3
2023-02-10,North,Toys,76.41,2
2024-10-16,Central,Toys,75.55,1
2023-09-02,South,Electronics,787.61,2
2023-06-02,South,Clothing,27.0,2
2023-01-27,East,Clothing,119.52,2
2024-03-21,North,Electronics,455.22,5
2023-04-23,Central,Groceries,10.81,3
2024-05-29,West,Electronics,567.73,1
2023-12-14,Central,Groceries,56.47,4
2024-09-29,south,Clothing,23.8,3
2024-03-16,Central,Clothing,78.48,5
2024-05-20,West,Electronics,456.17,2
2023-02-16,East,Home & Garden,208.27,1
2024-08-06,North,Toys,72.87,3
2023-02-09,East,Electronics,331.13,3
2024-04-14,South,Electronics,354.76,1
2023-08-13,East,Clothing,23.23,2
2024-02-02,South,Electronics,643.03,1
2024-02-03,South,Toys,42.23,4
2024-12-29,North,Clothing,21.69,3
2023-07-09,East,Electronics,789.39,1
2024-05-28,West,Electronics,216.22,1
2023-07-08,North,Clothing,84.47,4
2023-02-03,Central,Home & Garden,139.06,5
2024-02-15,North,Toys,33.35,4
2023-01-15,Central,Clothing,47.75,2
2023-09-23,South,Groceries,,2
2023-02-01,North,Home & Garden,147.38,1
2023-11-24,Central,Toys,63.64,4
2024-07-27,South,Home & Garden,38.48,5
2024-04-15,South,Groceries,25.24,3
2024-07-21,North,Clothing,49.98,1
2024-05-17,Central,Electronics,587.64,1
2023-06-11,South,Groceries,54.02,3
2024-06-14,East,Toys,61.96,3
2024-06-16,West,Home & Garden,73.76,5
2023-02-28,south,Toys,62.36,1
2023-07-24,North,Electronics,741.15,5
2023-11-10,South,Clothing,58.2,1
2024-03-28,North,Clothing,22.7,1
2023-11-24,Central,Toys,45.1,4
2023-02-01,South,Toys,28.59,5
2023-11-03,south,Home & Garden,86.97,4
2024-08-24,East,Home & Garden,157.58,3
2023-09-22,South,Toys,17.49,3
2023-02-07,Central,Clothing,51.63,1
2024-01-28,East,Groceries,20.41,4
2023-02-20,East,Groceries,29.26,3
2023-07-14,South,Home & Garden,229.31,4
2024-10-12,East,Groceries,39.93,2
2023-08-06,West,Home & Garden,46.3,5
2024-06-28,West,Home & Garden,225.14,2
2024-03-11,East,Groceries,57.89,4
2023-09-14,East,Electronics,196.12,5
2023-02-01,Central,Toys,71.29,5
2023-09-27,East,Electronics,303.54,2
2024-03-20,North,Clothing,68.93,4
2023-08-31,East,Electronics,181.15,1
2024-02-28,East,Groceries,56.02,4
2024-01-30,West,Electronics,481.58,4
2024-10-18,South,Electronics,208.23,4
2024-10-01,West,Toys,62.26,5
2023-12-23,South,Clothing,32.73,1
2024-07-27,Central,Toys,11.72,4
2023-12-05,central,Groceries,41.06,2
2024-04-30,North,Clothing,49.97,3
2024-09-05,Central,Toys,64.11,4
2023-07-14,West,Electronics,774.49,5
2024-05-09,Central,Groceries,30.74,3
2023-02-17,North,Groceries,15.09,1
2023-06-06,East,Groceries,17.21,3
2024-04-20,Central,Home & Garden,48.74,5
2023-05-21,West,Toys,76.1,3
2023-11-13,Central,Groceries,11.98,3
2024-06-14,North,Toys,53.74,3
2024-12-04,West,Electronics,1258.78,2
2023-02-13,East,Toys,50.96,5
2023-09-02,Central,Groceries,45.08,3
2024-06-07,East,Toys,59.82,5
2023-04-16,Central,Clothing,95.9,1
2023-02-25,East,Electronics,863.55,1
2024-07-04,East,Toys,63.28,4
2023-02-06,West,Groceries,50.36,3
2023-08-17,West,Electronics,755.67,1
2024-03-02,West,Clothing,64.68,3
2024-10-28,East,Home & Garden,51.01,3
